#include "lvgl.h"


#ifndef LV_ATTRIBUTE_MEM_ALIGN
#define LV_ATTRIBUTE_MEM_ALIGN
#endif

#ifndef LV_ATTRIBUTE_IMG_ESP_LOGO
#define LV_ATTRIBUTE_IMG_ESP_LOGO
#endif

const LV_ATTRIBUTE_MEM_ALIGN LV_ATTRIBUTE_LARGE_CONST LV_ATTRIBUTE_IMG_ESP_LOGO uint8_t esp_logo_map[] = {
  0x00, 0x00, 0x00, 0x00, 0x00, 0x00, 0x00, 0x00, 0x00, 0x00, 0x00, 0x00, 0x00, 0x00, 0x00, 0x00,
  0x00, 0x00, 0x00, 0x00, 0x00, 0x00, 0x00, 0x00, 0x00, 0x00, 0x00, 0x00, 0x00, 0x00, 0x00, 0x00,
  0x00, 0x00, 0x00, 0x00, 0x00, 0x00, 0x00, 0x00, 0x00, 0x00, 0x00, 0x00, 0x00, 0x00, 0x00, 0x00,
  0x00, 0x00, 0x00, 0x00, 0x00, 0x00, 0x00, 0x00, 0x00, 0x00, 0x00, 0x00, 0x00, 0x00, 0x00, 0x00,
  0x00, 0x00, 0x00, 0x00, 0x00, 0x00, 0x00, 0x00, 0x00, 0x00, 0x00, 0x00, 0x00, 0x00, 0x00, 0x00,
  0x00, 0x00, 0x00, 0x00, 0x00, 0x00, 0x00, 0x00, 0x00, 0x00, 0x00, 0x00, 0x00, 0xf8, 0xa5, 0xe9,
  0xa5, 0xe9, 0xa5, 0xe9, 0xa5, 0xe9, 0xa5, 0xe9, 0xa5, 0xe9, 0xa5, 0xe9, 0xa5, 0xe9, 0xa5, 0xe9,
  0xa5, 0xe9, 0xa5, 0xe9, 0xa6, 0xe9, 0xa5, 0xe9, 0xa5, 0xe9, 0x00, 0xf8, 0x00, 0x00, 0x00, 0x00,
  0x00, 0x00, 0x00, 0x00, 0x00, 0x00, 0x00, 0x00, 0x00, 0x00, 0x00, 0x00, 0x00, 0x00, 0x00, 0x00,
  0x00, 0x00, 0x00, 0x00, 0x00, 0x00, 0x00, 0x00, 0x00, 0x00, 0x00, 0x00, 0x00, 0x00, 0x00, 0x00,
  0x00, 0x00, 0x00, 0x00, 0x00, 0x00, 0x00, 0x00, 0x00, 0x00, 0x00, 0x00, 0x00, 0x00, 0x00, 0x00,
  0x00, 0x00, 0x00, 0x00, 0x00, 0x00, 0x00, 0x00, 0x00, 0x00, 0x00, 0x00, 0x00, 0x00, 0x00, 0x00,
  0x00, 0x00, 0x00, 0x00, 0x00, 0x00, 0x00, 0x00, 0x00, 0x00, 0x00, 0x00, 0x00, 0x00, 0x00, 0x00,
  0x00, 0x00, 0x00, 0x00, 0x00, 0x00, 0x00, 0x00, 0x00, 0x00, 0x00, 0x00, 0x00, 0x00, 0x00, 0x00,
  0x00, 0x00, 0x00, 0x00, 0x00, 0x00, 0x00, 0x00, 0x00, 0x00, 0x00, 0x00, 0x00, 0x00, 0x00, 0x00,
  0x00, 0x00, 0x00, 0x00, 0x00, 0x00, 0x00, 0x00, 0x00, 0x00, 0x00, 0x00, 0x00, 0x00, 0x00, 0x00,
  0x00, 0x00, 0x00, 0x00, 0x00, 0x00, 0x00, 0x00, 0x00, 0x00, 0x00, 0x00, 0x00, 0x00, 0x00, 0x00,
  0x00, 0x00, 0x00, 0x00, 0x00, 0x00, 0x00, 0x00, 0x00, 0x00, 0x00, 0x00, 0xa5, 0xe9, 0xa5, 0xe9,
  0xa5, 0xe9, 0xa5, 0xe9, 0xa5, 0xe9, 0xa5, 0xe9, 0xa5, 0xe9, 0xa5, 0xe9, 0xa5, 0xe9, 0xa5, 0xe9,
  0xa5, 0xe9, 0xa5, 0xe9, 0xa5, 0xe9, 0xa5, 0xe9, 0xa5, 0xe9, 0xa5, 0xe9, 0xa5, 0xe9, 0xa5, 0xe9,
  0xa5, 0xe9, 0x00, 0x00, 0x00, 0x00, 0x00, 0x00, 0x00, 0x00, 0x00, 0x00, 0x00, 0x00, 0x00, 0x00,
  0x00, 0x00, 0x00, 0x00, 0x00, 0x00, 0x00, 0x00, 0x00, 0x00, 0x00, 0x00, 0x00, 0x00, 0x00, 0x00,
  0x00, 0x00, 0x00, 0x00, 0x00, 0x00, 0x00, 0x00, 0x00, 0x00, 0x00, 0x00, 0x00, 0x00, 0x00, 0x00,
  0x00, 0x00, 0x00, 0x00, 0x00, 0x00, 0x00, 0x00, 0x00, 0x00, 0x00, 0x00, 0x00, 0x00, 0x00, 0x00,
  0x00, 0x00, 0x00, 0x00, 0x00, 0x00, 0x00, 0x00, 0x00, 0x00, 0x00, 0x00, 0x00, 0x00, 0x00, 0x00,
  0x00, 0x00, 0x00, 0x00, 0x00, 0x00, 0x00, 0x00, 0x00, 0x00, 0x00, 0x00, 0x00, 0x00, 0x00, 0x00,
  0x00, 0x00, 0x00, 0x00, 0x00, 0x00, 0x00, 0x00, 0x00, 0x00, 0x00, 0x00, 0x00, 0x00, 0x00, 0x00,
  0x00, 0x00, 0x00, 0x00, 0x00, 0x00, 0x00, 0x00, 0x00, 0x00, 0x00, 0x00, 0x00, 0x00, 0x00, 0x00,
  0x00, 0x00, 0x00, 0x00, 0x00, 0x00, 0x00, 0x00, 0x00, 0x00, 0x00, 0x00, 0x00, 0x00, 0x00, 0x00,
  0x00, 0x00, 0x00, 0x00, 0x00, 0x00, 0x00, 0x00, 0x00, 0x00, 0x00, 0x00, 0xa6, 0xe9, 0xa5, 0xe9,
  0xa5, 0xe9, 0xa5, 0xe9, 0xa5, 0xe9, 0xa5, 0xe9, 0xa5, 0xe9, 0xa5, 0xe9, 0xa5, 0xe9, 0xa5, 0xe9,
  0xa5, 0xe9, 0xa5, 0xe9, 0xa5, 0xe9, 0xa5, 0xe9, 0xa5, 0xe9, 0xa5, 0xe9, 0xa5, 0xe9, 0xa5, 0xe9,
  0xa5, 0xe9, 0xa5, 0xe9, 0xa5, 0xe9, 0xa6, 0xe1, 0x00, 0x00, 0x00, 0x00, 0x00, 0x00, 0x00, 0x00,
  0x00, 0x00, 0x00, 0x00, 0x00, 0x00, 0x00, 0x00, 0x00, 0x00, 0x00, 0x00, 0x00, 0x00, 0x00, 0x00,
  0x00, 0x00, 0x00, 0x00, 0x00, 0x00, 0x00, 0x00, 0x00, 0x00, 0x00, 0x00, 0x00, 0x00, 0x00, 0x00,
  0x00, 0x00, 0x00, 0x00, 0x00, 0x00, 0x00, 0x00, 0x00, 0x00, 0x00, 0x00, 0x00, 0x00, 0x00, 0x00,
  0x00, 0x00, 0x00, 0x00, 0x00, 0x00, 0x00, 0x00, 0x00, 0x00, 0x00, 0x00, 0x00, 0x00, 0x00, 0x00,
  0x00, 0x00, 0x00, 0x00, 0x00, 0x00, 0x00, 0x00, 0x00, 0x00, 0x00, 0x00, 0x00, 0x00, 0x00, 0x00,
  0x00, 0x00, 0x00, 0x00, 0x00, 0x00, 0x00, 0x00, 0x00, 0x00, 0x00, 0x00, 0x00, 0x00, 0x00, 0x00,
  0x00, 0x00, 0x00, 0x00, 0x00, 0x00, 0x00, 0x00, 0x00, 0x00, 0x00, 0x00, 0x00, 0x00, 0x00, 0x00,
  0x00, 0x00, 0x00, 0x00, 0x00, 0x00, 0x00, 0x00, 0x00, 0x00, 0x00, 0x00, 0x00, 0x00, 0x00, 0x00,
  0x00, 0x00, 0x00, 0x00, 0x00, 0x00, 0x00, 0x00, 0x00, 0x00, 0x00, 0x00, 0xa5, 0xe9, 0xa5, 0xe9,
  0xa5, 0xe9, 0xa5, 0xe9, 0xa5, 0xe9, 0xa5, 0xe9, 0xa5, 0xe9, 0xa5, 0xe9, 0xa5, 0xe9, 0xa5, 0xe9,
  0xa5, 0xe9, 0xa5, 0xe9, 0xa5, 0xe9, 0xa5, 0xe9, 0xa5, 0xe9, 0xa5, 0xe9, 0xa5, 0xe9, 0xa5, 0xe9,
  0xa5, 0xe9, 0xa5, 0xe9, 0xa5, 0xe9, 0xa5, 0xe9, 0xa5, 0xe9, 0xa5, 0xe9, 0xab, 0xfa, 0x00, 0x00,
  0x00, 0x00, 0x00, 0x00, 0x00, 0x00, 0x00, 0x00, 0x00, 0x00, 0x00, 0x00, 0x00, 0x00, 0x00, 0x00,
  0x00, 0x00, 0x00, 0x00, 0x00, 0x00, 0x00, 0x00, 0x00, 0x00, 0x00, 0x00, 0x00, 0x00, 0x00, 0x00,
  0x00, 0x00, 0x00, 0x00, 0x00, 0x00, 0x00, 0x00, 0x00, 0x00, 0x00, 0x00, 0x00, 0x00, 0x00, 0x00,
  0x00, 0x00, 0x00, 0x00, 0x00, 0x00, 0x00, 0x00, 0x00, 0x00, 0x00, 0x00, 0x00, 0x00, 0x00, 0x00,
  0x00, 0x00, 0x00, 0x00, 0x00, 0x00, 0x00, 0x00, 0x00, 0x00, 0x00, 0x00, 0x00, 0x00, 0x00, 0x00,
  0x00, 0x00, 0x00, 0x00, 0x00, 0x00, 0x00, 0x00, 0x00, 0x00, 0x00, 0x00, 0x00, 0x00, 0x00, 0x00,
  0x00, 0x00, 0x00, 0x00, 0x00, 0x00, 0x00, 0x00, 0x00, 0x00, 0x00, 0x00, 0x00, 0x00, 0x00, 0x00,
  0x00, 0x00, 0x00, 0x00, 0x00, 0x00, 0x00, 0x00, 0x00, 0x00, 0x00, 0x00, 0x00, 0x00, 0x00, 0x00,
  0x00, 0x00, 0x00, 0x00, 0x00, 0x00, 0x00, 0x00, 0x00, 0x00, 0x00, 0x00, 0x00, 0x00, 0x00, 0x00,
  0xa6, 0xf1, 0xa5, 0xe9, 0xa6, 0xe9, 0xa5, 0xe9, 0xa5, 0xe9, 0xa5, 0xe9, 0xa5, 0xe9, 0xa5, 0xe9,
  0xa5, 0xe9, 0xa5, 0xe9, 0xa5, 0xe9, 0xa5, 0xe9, 0xa5, 0xe9, 0xa5, 0xe9, 0xa5, 0xe9, 0xa5, 0xe9,
  0xa5, 0xe9, 0xa5, 0xe9, 0xa5, 0xe9, 0xa5, 0xe9, 0xa5, 0xe9, 0xa5, 0xe9, 0xa5, 0xe9, 0xa5, 0xe9,
  0x04, 0xe2, 0x00, 0x00, 0x00, 0x00, 0x00, 0x00, 0x00, 0x00, 0x00, 0x00, 0x00, 0x00, 0x00, 0x00,
  0x00, 0x00, 0x00, 0x00, 0x00, 0x00, 0x00, 0x00, 0x00, 0x00, 0x00, 0x00, 0x00, 0x00, 0x00, 0x00,
  0x00, 0x00, 0x00, 0x00, 0x00, 0x00, 0x00, 0x00, 0x00, 0x00, 0x00, 0x00, 0x00, 0x00, 0x00, 0x00,
  0x00, 0x00, 0x00, 0x00, 0x00, 0x00, 0x00, 0x00, 0x00, 0x00, 0x00, 0x00, 0x00, 0x00, 0x00, 0x00,
  0x00, 0x00, 0x00, 0x00, 0x00, 0x00, 0x00, 0x00, 0x00, 0x00, 0x00, 0x00, 0x00, 0x00, 0x00, 0x00,
  0x00, 0x00, 0x00, 0x00, 0x00, 0x00, 0x00, 0x00, 0x00, 0x00, 0x00, 0x00, 0x00, 0x00, 0x00, 0x00,
  0x00, 0x00, 0x00, 0x00, 0x00, 0x00, 0x00, 0x00, 0x00, 0x00, 0xc7, 0xe1, 0xa5, 0xe9, 0xa5, 0xe9,
  0xa5, 0xe9, 0xa6, 0xe9, 0xa5, 0xe9, 0x85, 0xe9, 0x00, 0xf8, 0x00, 0x00, 0x00, 0x00, 0x00, 0x00,
  0x00, 0x00, 0x00, 0x00, 0x00, 0x00, 0x00, 0x00, 0x00, 0x00, 0x00, 0x00, 0x00, 0x00, 0x00, 0x00,
  0x00, 0x00, 0x00, 0x00, 0x00, 0x00, 0xa5, 0xe9, 0xa5, 0xe9, 0xa5, 0xe9, 0xa5, 0xe9, 0xa5, 0xe9,
  0xa5, 0xe9, 0xa5, 0xe9, 0xa5, 0xe9, 0xa5, 0xe9, 0xa5, 0xe9, 0xa5, 0xe9, 0xa5, 0xe9, 0xa5, 0xe9,
  0xa5, 0xe9, 0xa5, 0xe9, 0xa5, 0xe9, 0xa5, 0xe9, 0xa5, 0xe9, 0xa5, 0xe9, 0xa5, 0xe9, 0xa5, 0xe9,
  0xa6, 0xe9, 0xa6, 0xe9, 0x00, 0xf8, 0x00, 0x00, 0x00, 0x00, 0x00, 0x00, 0x00, 0x00, 0x00, 0x00,
  0x00, 0x00, 0x00, 0x00, 0x00, 0x00, 0x00, 0x00, 0x00, 0x00, 0x00, 0x00, 0x00, 0x00, 0x00, 0x00,
  0x00, 0x00, 0x00, 0x00, 0x00, 0x00, 0x00, 0x00, 0x00, 0x00, 0x00, 0x00, 0x00, 0x00, 0x00, 0x00,
  0x00, 0x00, 0x00, 0x00, 0x00, 0x00, 0x00, 0x00, 0x00, 0x00, 0x00, 0x00, 0x00, 0x00, 0x00, 0x00,
  0x00, 0x00, 0x00, 0x00, 0x00, 0x00, 0x00, 0x00, 0x00, 0x00, 0x00, 0x00, 0x00, 0x00, 0x00, 0xf8,
  0x00, 0x00, 0x00, 0x00, 0x00, 0x00, 0x00, 0x00, 0x00, 0x00, 0x00, 0x00, 0x00, 0x00, 0x00, 0x00,
  0x00, 0x00, 0x00, 0x00, 0x00, 0x00, 0x00, 0x00, 0xa5, 0xe9, 0xa5, 0xe9, 0xa5, 0xe9, 0xa5, 0xe9,
  0xa5, 0xe9, 0xa5, 0xe9, 0xa5, 0xe9, 0xa5, 0xe9, 0xa5, 0xe9, 0xa5, 0xe9, 0xa5, 0xe9, 0xc5, 0xe9,
  0x00, 0xf8, 0x00, 0x00, 0x00, 0x00, 0x00, 0x00, 0x00, 0x00, 0x00, 0x00, 0x00, 0x00, 0x00, 0x00,
  0x00, 0x00, 0x00, 0x00, 0x00, 0x00, 0x00, 0x00, 0x00, 0x00, 0xa6, 0xe9, 0xa6, 0xe9, 0xa5, 0xe9,
  0xa5, 0xe9, 0xa5, 0xe9, 0xa5, 0xe9, 0xa5, 0xe9, 0xa5, 0xe9, 0xa5, 0xe9, 0xa5, 0xe9, 0xa5, 0xe9,
  0xa5, 0xe9, 0xa5, 0xe9, 0xa5, 0xe9, 0xa5, 0xe9, 0xa5, 0xe9, 0xa5, 0xe9, 0xa5, 0xe9, 0xa5, 0xe9,
  0xa5, 0xe9, 0xa5, 0xe9, 0xa5, 0xe9, 0xc5, 0xe9, 0x00, 0x00, 0x00, 0x00, 0x00, 0x00, 0x00, 0x00,
  0x00, 0x00, 0x00, 0x00, 0x00, 0x00, 0x00, 0x00, 0x00, 0x00, 0x00, 0x00, 0x00, 0x00, 0x00, 0x00,
  0x00, 0x00, 0x00, 0x00, 0x00, 0x00, 0x00, 0x00, 0x00, 0x00, 0x00, 0x00, 0x00, 0x00, 0x00, 0x00,
  0x00, 0x00, 0x00, 0x00, 0x00, 0x00, 0x00, 0x00, 0x00, 0x00, 0x00, 0x00, 0x00, 0x00, 0x00, 0x00,
  0x00, 0x00, 0x00, 0x00, 0x00, 0x00, 0x00, 0x00, 0x00, 0x00, 0x00, 0x00, 0xa5, 0xe9, 0xa5, 0xe9,
  0x85, 0xe9, 0x00, 0x00, 0x00, 0x00, 0x00, 0x00, 0x00, 0x00, 0x00, 0x00, 0x00, 0x00, 0x00, 0x00,
  0x00, 0x00, 0x00, 0x00, 0xa5, 0xe9, 0xa5, 0xe9, 0xa5, 0xe9, 0xa5, 0xe9, 0xa5, 0xe9, 0xa5, 0xe9,
  0xa5, 0xe9, 0xa5, 0xe9, 0xa5, 0xe9, 0xa5, 0xe9, 0xa5, 0xe9, 0xa5, 0xe9, 0xa5, 0xe9, 0xa5, 0xe9,
  0xa5, 0xe9, 0xa5, 0xe9, 0xa5, 0xe9, 0x66, 0xe9, 0x00, 0x00, 0x00, 0x00, 0x00, 0x00, 0x00, 0x00,
  0x00, 0x00, 0x00, 0x00, 0x00, 0x00, 0x00, 0x00, 0x00, 0x00, 0x00, 0x00, 0x00, 0x00, 0xa6, 0xe9,
  0xa5, 0xe9, 0xa5, 0xe9, 0xa5, 0xe9, 0xa5, 0xe9, 0xa5, 0xe9, 0xa5, 0xe9, 0xa5, 0xe9, 0xa5, 0xe9,
  0xa5, 0xe9, 0xa5, 0xe9, 0xa5, 0xe9, 0xa5, 0xe9, 0xa5, 0xe9, 0xa5, 0xe9, 0xa5, 0xe9, 0xa5, 0xe9,
  0xa5, 0xe9, 0xa5, 0xe9, 0xa5, 0xe9, 0xa5, 0xe9, 0xa5, 0xe9, 0xa6, 0xf9, 0x00, 0x00, 0x00, 0x00,
  0x00, 0x00, 0x00, 0x00, 0x00, 0x00, 0x00, 0x00, 0x00, 0x00, 0x00, 0x00, 0x00, 0x00, 0x00, 0x00,
  0x00, 0x00, 0x00, 0x00, 0x00, 0x00, 0x00, 0x00, 0x00, 0x00, 0x00, 0x00, 0x00, 0x00, 0x00, 0x00,
  0x00, 0x00, 0x00, 0x00, 0x00, 0x00, 0x00, 0x00, 0x00, 0x00, 0x00, 0x00, 0x00, 0x00, 0x00, 0x00,
  0x00, 0x00, 0x00, 0x00, 0x00, 0x00, 0x00, 0x00, 0x00, 0x00, 0xa5, 0xe9, 0xa5, 0xe9, 0xa5, 0xe9,
  0xa5, 0xe9, 0xa6, 0xe9, 0x00, 0x00, 0x00, 0x00, 0x00, 0x00, 0x00, 0x00, 0x00, 0x00, 0x00, 0x00,
  0x00, 0x00, 0xa6, 0xe9, 0xa5, 0xe9, 0xa5, 0xe9, 0xa5, 0xe9, 0xa5, 0xe9, 0xa5, 0xe9, 0xa5, 0xe9,
  0xa5, 0xe9, 0xa5, 0xe9, 0xa5, 0xe9, 0xa5, 0xe9, 0xa5, 0xe9, 0xa5, 0xe9, 0xa5, 0xe9, 0xa5, 0xe9,
  0xa5, 0xe9, 0xa5, 0xe9, 0xa5, 0xe9, 0xa5, 0xe9, 0xa5, 0xe9, 0xc5, 0xe9, 0xab, 0xfa, 0x00, 0x00,
  0x00, 0x00, 0x00, 0x00, 0x00, 0x00, 0x00, 0x00, 0x00, 0x00, 0x00, 0x00, 0x00, 0x00, 0x00, 0x00,
  0x00, 0x00, 0xa5, 0xe1, 0xa5, 0xe9, 0xa5, 0xe9, 0xa5, 0xe9, 0xa5, 0xe9, 0xa5, 0xe9, 0xa5, 0xe9,
  0xa5, 0xe9, 0xa5, 0xe9, 0xa5, 0xe9, 0xa5, 0xe9, 0xa5, 0xe9, 0xa5, 0xe9, 0xa5, 0xe9, 0xa5, 0xe9,
  0xa5, 0xe9, 0xa5, 0xe9, 0xa5, 0xe9, 0xa5, 0xe9, 0xa5, 0xe9, 0xa5, 0xe9, 0xa6, 0xe9, 0x00, 0x00,
  0x00, 0x00, 0x00, 0x00, 0x00, 0x00, 0x00, 0x00, 0x00, 0x00, 0x00, 0x00, 0x00, 0x00, 0x00, 0x00,
  0x00, 0x00, 0x00, 0x00, 0x00, 0x00, 0x00, 0x00, 0x00, 0x00, 0x00, 0x00, 0x00, 0x00, 0x00, 0x00,
  0x00, 0x00, 0x00, 0x00, 0x00, 0x00, 0x00, 0x00, 0x00, 0x00, 0x00, 0x00, 0x00, 0x00, 0x00, 0x00,
  0x00, 0x00, 0x00, 0x00, 0x00, 0x00, 0x00, 0x00, 0x85, 0xe9, 0xa5, 0xe9, 0xa5, 0xe9, 0xa5, 0xe9,
  0xa5, 0xe9, 0xa5, 0xe9, 0x86, 0xe9, 0x00, 0x00, 0x00, 0x00, 0x00, 0x00, 0x00, 0x00, 0x00, 0xf8,
  0xa5, 0xe9, 0xa5, 0xe9, 0xa5, 0xe9, 0xa5, 0xe9, 0xa5, 0xe9, 0xa5, 0xe9, 0xa5, 0xe9, 0xa5, 0xe9,
  0xa5, 0xe9, 0xa5, 0xe9, 0xa5, 0xe9, 0xa5, 0xe9, 0xa5, 0xe9, 0xa5, 0xe9, 0xa5, 0xe9, 0xa5, 0xe9,
  0xa5, 0xe9, 0xa5, 0xe9, 0xa5, 0xe9, 0xa5, 0xe9, 0xa5, 0xe9, 0xa5, 0xe9, 0xa5, 0xe9, 0xa5, 0xe9,
  0xa5, 0xe9, 0x00, 0x00, 0x00, 0x00, 0x00, 0x00, 0x00, 0x00, 0x00, 0x00, 0x00, 0x00, 0x00, 0x00,
  0x00, 0x00, 0x00, 0x00, 0x00, 0x00, 0xa5, 0xe9, 0xa5, 0xe9, 0xa5, 0xe9, 0xa5, 0xe9, 0xa5, 0xe9,
  0xa5, 0xe9, 0xa5, 0xe9, 0xa5, 0xe9, 0xa5, 0xe9, 0xa5, 0xe9, 0xa5, 0xe9, 0xa5, 0xe9, 0xa5, 0xe9,
  0xa5, 0xe9, 0xa5, 0xe9, 0xa5, 0xe9, 0xa5, 0xe9, 0xa5, 0xe9, 0xa5, 0xe9, 0xa5, 0xe9, 0xa5, 0xe9,
  0x00, 0x00, 0x00, 0x00, 0x00, 0x00, 0x00, 0x00, 0x00, 0x00, 0x00, 0x00, 0x00, 0x00, 0x00, 0x00,
  0x00, 0x00, 0x00, 0x00, 0x00, 0x00, 0x00, 0x00, 0x00, 0x00, 0x00, 0x00, 0x00, 0x00, 0x00, 0x00,
  0x00, 0x00, 0x00, 0x00, 0x00, 0x00, 0x00, 0x00, 0x00, 0x00, 0x00, 0x00, 0x00, 0x00, 0x00, 0x00,
  0x00, 0x00, 0x00, 0x00, 0x00, 0x00, 0xa5, 0xe1, 0xa5, 0xe9, 0xa5, 0xe9, 0xa5, 0xe9, 0xa5, 0xe9,
  0xa5, 0xe9, 0xa5, 0xe9, 0x00, 0x00, 0x00, 0x00, 0x00, 0x00, 0x00, 0x00, 0x04, 0xe2, 0xa6, 0xe9,
  0xa5, 0xe9, 0xa5, 0xe9, 0xa5, 0xe9, 0xa5, 0xe9, 0xa5, 0xe9, 0xa5, 0xe9, 0xa5, 0xe9, 0xa5, 0xe9,
  0xa5, 0xe9, 0xa5, 0xe9, 0xa5, 0xe9, 0xa5, 0xe9, 0xa5, 0xe9, 0xa5, 0xe9, 0xa5, 0xe9, 0xa5, 0xe9,
  0xa5, 0xe9, 0xa5, 0xe9, 0xa5, 0xe9, 0xa5, 0xe9, 0xa5, 0xe9, 0xa5, 0xe9, 0xa5, 0xe9, 0xa5, 0xe9,
  0xa5, 0xe9, 0xa5, 0xe9, 0xa5, 0xe9, 0x00, 0x00, 0x00, 0x00, 0x00, 0x00, 0x00, 0x00, 0x00, 0x00,
  0x00, 0x00, 0x00, 0x00, 0x00, 0x00, 0x00, 0x00, 0x66, 0xe9, 0xa5, 0xe9, 0xa5, 0xe9, 0xa5, 0xe9,
  0xa5, 0xe9, 0xa5, 0xe9, 0xa5, 0xe9, 0xa5, 0xe9, 0xa5, 0xe9, 0xa5, 0xe9, 0xa5, 0xe9, 0xa5, 0xe9,
  0xa5, 0xe9, 0xa5, 0xe9, 0xa5, 0xe9, 0xa5, 0xe9, 0xa5, 0xe9, 0xa5, 0xe9, 0xa5, 0xe9, 0xa5, 0xe9,
  0xa6, 0xe9, 0x00, 0x00, 0x00, 0x00, 0x00, 0x00, 0x00, 0x00, 0x00, 0x00, 0x00, 0x00, 0x00, 0x00,
  0x00, 0x00, 0x00, 0x00, 0x00, 0x00, 0x00, 0x00, 0x00, 0x00, 0x00, 0x00, 0x00, 0x00, 0x00, 0x00,
  0x00, 0x00, 0x00, 0x00, 0x00, 0x00, 0x00, 0x00, 0x00, 0x00, 0x00, 0x00, 0x00, 0x00, 0x00, 0x00,
  0x00, 0x00, 0x00, 0x00, 0x00, 0xf8, 0xa6, 0xe9, 0xa5, 0xe9, 0xa5, 0xe9, 0xa5, 0xe9, 0xa5, 0xe9,
  0xa5, 0xe9, 0xab, 0xfa, 0x00, 0x00, 0x00, 0x00, 0x00, 0x00, 0x86, 0xe1, 0xa5, 0xe9, 0xa5, 0xe9,
  0xa5, 0xe9, 0xa5, 0xe9, 0xa5, 0xe9, 0xa5, 0xe9, 0xa5, 0xe9, 0xa5, 0xe9, 0xa5, 0xe9, 0xa5, 0xe9,
  0xa5, 0xe9, 0xa5, 0xe9, 0xa5, 0xe9, 0xa5, 0xe9, 0xa5, 0xe9, 0xa5, 0xe9, 0xa5, 0xe9, 0xa5, 0xe9,
  0xa5, 0xe9, 0xa5, 0xe9, 0xa5, 0xe9, 0xa5, 0xe9, 0xa5, 0xe9, 0xa5, 0xe9, 0xa5, 0xe9, 0xa5, 0xe9,
  0xa5, 0xe9, 0xa5, 0xe9, 0xa5, 0xe9, 0xa5, 0xe9, 0xa5, 0xe9, 0x00, 0xf8, 0x00, 0x00, 0x00, 0x00,
  0x00, 0x00, 0x00, 0x00, 0x00, 0x00, 0x00, 0x00, 0x00, 0x00, 0x00, 0x00, 0xc5, 0xe9, 0xa6, 0xe9,
  0xa5, 0xe9, 0xa5, 0xe9, 0xa5, 0xe9, 0xa5, 0xe9, 0xa5, 0xe9, 0xa5, 0xe9, 0xa5, 0xe9, 0xa5, 0xe9,
  0xa5, 0xe9, 0xa5, 0xe9, 0xa5, 0xe9, 0xa5, 0xe9, 0xa5, 0xe9, 0xa5, 0xe9, 0xa5, 0xe9, 0xa5, 0xe9,
  0xa5, 0xe9, 0xa5, 0xe9, 0x08, 0xfa, 0x00, 0x00, 0x00, 0x00, 0x00, 0x00, 0x00, 0x00, 0x00, 0x00,
  0x00, 0x00, 0x00, 0x00, 0x00, 0x00, 0x00, 0x00, 0x00, 0x00, 0x00, 0x00, 0x00, 0x00, 0x00, 0x00,
  0x00, 0x00, 0x00, 0x00, 0x00, 0x00, 0x00, 0x00, 0x00, 0x00, 0x00, 0x00, 0x00, 0x00, 0x00, 0x00,
  0x00, 0x00, 0x00, 0x00, 0xa5, 0xe9, 0xa5, 0xe9, 0xa5, 0xe9, 0xa5, 0xe9, 0xa5, 0xe9, 0xa6, 0xe9,
  0x24, 0xd9, 0x00, 0x00, 0x00, 0x00, 0x00, 0x00, 0x00, 0x00, 0xa5, 0xe9, 0xa5, 0xe9, 0xa5, 0xe9,
  0xa5, 0xe9, 0xa5, 0xe9, 0xa5, 0xe9, 0xa5, 0xe9, 0xa5, 0xe9, 0xa5, 0xe9, 0xa5, 0xe9, 0xa5, 0xe9,
  0xa5, 0xe9, 0xa5, 0xe9, 0xa5, 0xe9, 0xa5, 0xe9, 0xa5, 0xe9, 0xa5, 0xe9, 0xa5, 0xe9, 0xa5, 0xe9,
  0xa5, 0xe9, 0xa5, 0xe9, 0xa5, 0xe9, 0xa5, 0xe9, 0xa5, 0xe9, 0xa5, 0xe9, 0xa5, 0xe9, 0xa5, 0xe9,
  0xa5, 0xe9, 0xa5, 0xe9, 0xa5, 0xe9, 0xa5, 0xe9, 0xa5, 0xe9, 0xa5, 0xe9, 0xa5, 0xe9, 0x00, 0x00,
  0x00, 0x00, 0x00, 0x00, 0x00, 0x00, 0x00, 0x00, 0x00, 0x00, 0x00, 0x00, 0x00, 0x00, 0x24, 0xd9,
  0xa5, 0xe9, 0xa5, 0xe9, 0xa5, 0xe9, 0xa5, 0xe9, 0xa5, 0xe9, 0xa5, 0xe9, 0xa5, 0xe9, 0xa5, 0xe9,
  0xa5, 0xe9, 0xa5, 0xe9, 0xa5, 0xe9, 0xa5, 0xe9, 0xa5, 0xe9, 0xa5, 0xe9, 0xa5, 0xe9, 0xa5, 0xe9,
  0xa5, 0xe9, 0xa5, 0xe9, 0xa5, 0xe9, 0x24, 0xd9, 0x00, 0x00, 0x00, 0x00, 0x00, 0x00, 0x00, 0x00,
  0x00, 0x00, 0x00, 0x00, 0x00, 0x00, 0x00, 0x00, 0x00, 0x00, 0x00, 0x00, 0x00, 0x00, 0x00, 0x00,
  0x00, 0x00, 0x00, 0x00, 0x00, 0x00, 0x00, 0x00, 0x00, 0x00, 0x00, 0x00, 0x00, 0x00, 0x00, 0x00,
  0x00, 0x00, 0xa6, 0xe9, 0xa5, 0xe9, 0xa5, 0xe9, 0xa5, 0xe9, 0xa5, 0xe9, 0xa5, 0xe9, 0x65, 0xe9,
  0x00, 0x00, 0x00, 0x00, 0x00, 0x00, 0x00, 0x00, 0x00, 0x00, 0xa5, 0xe9, 0xa5, 0xe9, 0xa5, 0xe9,
  0xa5, 0xe9, 0xa5, 0xe9, 0xa5, 0xe9, 0xa5, 0xe9, 0xa5, 0xe9, 0xa5, 0xe9, 0xa5, 0xe9, 0xa5, 0xe9,
  0xa5, 0xe9, 0xa5, 0xe9, 0xa5, 0xe9, 0xa5, 0xe9, 0xa5, 0xe9, 0xa5, 0xe9, 0xa5, 0xe9, 0xa5, 0xe9,
  0xa5, 0xe9, 0xa5, 0xe9, 0xa5, 0xe9, 0xa5, 0xe9, 0xa5, 0xe9, 0xa5, 0xe9, 0xa5, 0xe9, 0xa5, 0xe9,
  0xa5, 0xe9, 0xa5, 0xe9, 0xa5, 0xe9, 0xa5, 0xe9, 0xa5, 0xe9, 0xa5, 0xe9, 0xa5, 0xe9, 0xa5, 0xe9,
  0x85, 0xe9, 0x00, 0x00, 0x00, 0x00, 0x00, 0x00, 0x00, 0x00, 0x00, 0x00, 0x00, 0x00, 0x00, 0x00,
  0x00, 0x00, 0xa6, 0xe9, 0xa6, 0xe9, 0xa5, 0xe9, 0xa5, 0xe9, 0xa5, 0xe9, 0xa5, 0xe9, 0xa5, 0xe9,
  0xa5, 0xe9, 0xa5, 0xe9, 0xa5, 0xe9, 0xa5, 0xe9, 0xa5, 0xe9, 0xa5, 0xe9, 0xa5, 0xe9, 0xa5, 0xe9,
  0xa5, 0xe9, 0xa5, 0xe9, 0xa5, 0xe9, 0xa5, 0xe9, 0xab, 0xfa, 0x00, 0x00, 0x00, 0x00, 0x00, 0x00,
  0x00, 0x00, 0x00, 0x00, 0x00, 0x00, 0x00, 0x00, 0x00, 0x00, 0x00, 0x00, 0x00, 0x00, 0x00, 0x00,
  0x00, 0x00, 0x00, 0x00, 0x00, 0x00, 0x00, 0x00, 0x00, 0x00, 0x00, 0x00, 0x00, 0x00, 0x00, 0x00,
  0xe6, 0xe1, 0xa5, 0xe9, 0xa5, 0xe9, 0xa5, 0xe9, 0xa5, 0xe9, 0xa5, 0xe9, 0xa5, 0xe9, 0x00, 0x00,
  0x00, 0x00, 0x00, 0x00, 0x00, 0x00, 0x00, 0x00, 0x00, 0x00, 0xa5, 0xe9, 0xa5, 0xe9, 0xa5, 0xe9,
  0xa5, 0xe9, 0xa5, 0xe9, 0xa5, 0xe9, 0xa5, 0xe9, 0xa5, 0xe9, 0xa5, 0xe9, 0xa5, 0xe9, 0xa5, 0xe9,
  0xa5, 0xe9, 0xa5, 0xe9, 0xa5, 0xe9, 0xa5, 0xe9, 0xa5, 0xe9, 0xa5, 0xe9, 0xa5, 0xe9, 0xa5, 0xe9,
  0xa5, 0xe9, 0xa5, 0xe9, 0xa5, 0xe9, 0xa5, 0xe9, 0xa5, 0xe9, 0xa5, 0xe9, 0xa5, 0xe9, 0xa5, 0xe9,
  0xa5, 0xe9, 0xa5, 0xe9, 0xa5, 0xe9, 0xa5, 0xe9, 0xa5, 0xe9, 0xa5, 0xe9, 0xa5, 0xe9, 0xa5, 0xe9,
  0xa5, 0xe9, 0xa6, 0xe9, 0xe5, 0xe9, 0x00, 0x00, 0x00, 0x00, 0x00, 0x00, 0x00, 0x00, 0x00, 0x00,
  0x00, 0x00, 0x00, 0x00, 0x86, 0xe9, 0xa6, 0xe9, 0xa5, 0xe9, 0xa5, 0xe9, 0xa5, 0xe9, 0xa5, 0xe9,
  0xa5, 0xe9, 0xa5, 0xe9, 0xa5, 0xe9, 0xa5, 0xe9, 0xa5, 0xe9, 0xa5, 0xe9, 0xa5, 0xe9, 0xa5, 0xe9,
  0xa5, 0xe9, 0xa5, 0xe9, 0xa5, 0xe9, 0xa5, 0xe9, 0xa5, 0xe9, 0x00, 0x00, 0x00, 0x00, 0x00, 0x00,
  0x00, 0x00, 0x00, 0x00, 0x00, 0x00, 0x00, 0x00, 0x00, 0x00, 0x00, 0x00, 0x00, 0x00, 0x00, 0x00,
  0x00, 0x00, 0x00, 0x00, 0x00, 0x00, 0x00, 0x00, 0x00, 0x00, 0x00, 0x00, 0x00, 0x00, 0x00, 0x00,
  0xa6, 0xe9, 0xa5, 0xe9, 0xa5, 0xe9, 0xa5, 0xe9, 0xa5, 0xe9, 0xa5, 0xe9, 0x00, 0x00, 0x00, 0x00,
  0x00, 0x00, 0x00, 0x00, 0x00, 0x00, 0x00, 0x00, 0x00, 0x00, 0xa5, 0xe9, 0xa5, 0xe9, 0xa5, 0xe9,
  0xa5, 0xe9, 0xa5, 0xe9, 0xa5, 0xe9, 0xa5, 0xe9, 0xa5, 0xe9, 0xa5, 0xe9, 0xa5, 0xe9, 0xa5, 0xe9,
  0xa5, 0xe9, 0xa5, 0xe9, 0xa5, 0xe9, 0xa5, 0xe9, 0xa5, 0xe9, 0xa5, 0xe9, 0xa5, 0xe9, 0xa5, 0xe9,
  0xa5, 0xe9, 0xa5, 0xe9, 0xa5, 0xe9, 0xa5, 0xe9, 0xa5, 0xe9, 0xa5, 0xe9, 0xa5, 0xe9, 0xa5, 0xe9,
  0xa5, 0xe9, 0xa5, 0xe9, 0xa5, 0xe9, 0xa5, 0xe9, 0xa5, 0xe9, 0xa5, 0xe9, 0xa5, 0xe9, 0xa5, 0xe9,
  0xa5, 0xe9, 0xa5, 0xe9, 0xa5, 0xe9, 0xa6, 0xe9, 0x00, 0x00, 0x00, 0x00, 0x00, 0x00, 0x00, 0x00,
  0x00, 0x00, 0x00, 0x00, 0x00, 0x00, 0x00, 0xf8, 0xa5, 0xe9, 0xa5, 0xe9, 0xa5, 0xe9, 0xa5, 0xe9,
  0xa5, 0xe9, 0xa5, 0xe9, 0xa5, 0xe9, 0xa5, 0xe9, 0xa5, 0xe9, 0xa5, 0xe9, 0xa5, 0xe9, 0xa5, 0xe9,
  0xa5, 0xe9, 0xa5, 0xe9, 0xa5, 0xe9, 0xa5, 0xe9, 0xa5, 0xe9, 0xa5, 0xe9, 0x00, 0x00, 0x00, 0x00,
  0x00, 0x00, 0x00, 0x00, 0x00, 0x00, 0x00, 0x00, 0x00, 0x00, 0x00, 0x00, 0x00, 0x00, 0x00, 0x00,
  0x00, 0x00, 0x00, 0x00, 0x00, 0x00, 0x00, 0x00, 0x00, 0x00, 0x00, 0x00, 0x00, 0x00, 0xa5, 0xe9,
  0xa5, 0xe9, 0xa5, 0xe9, 0xa5, 0xe9, 0xa5, 0xe9, 0xa5, 0xe9, 0x00, 0x00, 0x00, 0x00, 0x00, 0x00,
  0x00, 0x00, 0x00, 0x00, 0x00, 0x00, 0x00, 0x00, 0x00, 0x00, 0xa5, 0xe9, 0xa5, 0xe9, 0xa5, 0xe9,
  0xa5, 0xe9, 0xa5, 0xe9, 0xa5, 0xe9, 0xa5, 0xe9, 0xa5, 0xe9, 0xa5, 0xe9, 0xa5, 0xe9, 0xa5, 0xe9,
  0xa5, 0xe9, 0xa5, 0xe9, 0xa5, 0xe9, 0xa5, 0xe9, 0xa5, 0xe9, 0xa5, 0xe9, 0xa5, 0xe9, 0xa5, 0xe9,
  0xa5, 0xe9, 0xa5, 0xe9, 0xa5, 0xe9, 0xa5, 0xe9, 0xa5, 0xe9, 0xa5, 0xe9, 0xa5, 0xe9, 0xa5, 0xe9,
  0xa5, 0xe9, 0xa5, 0xe9, 0xa5, 0xe9, 0xa5, 0xe9, 0xa5, 0xe9, 0xa5, 0xe9, 0xa5, 0xe9, 0xa5, 0xe9,
  0xa5, 0xe9, 0xa5, 0xe9, 0xa5, 0xe9, 0xa5, 0xe9, 0xa5, 0xe9, 0xe5, 0xe9, 0x00, 0x00, 0x00, 0x00,
  0x00, 0x00, 0x00, 0x00, 0x00, 0x00, 0x00, 0x00, 0x00, 0x00, 0xa6, 0xe9, 0xa5, 0xe9, 0xa5, 0xe9,
  0xa5, 0xe9, 0xa5, 0xe9, 0xa5, 0xe9, 0xa5, 0xe9, 0xa5, 0xe9, 0xa5, 0xe9, 0xa5, 0xe9, 0xa5, 0xe9,
  0xa5, 0xe9, 0xa5, 0xe9, 0xa5, 0xe9, 0xa5, 0xe9, 0xa5, 0xe9, 0xa5, 0xe9, 0xa5, 0xe9, 0x00, 0x00,
  0x00, 0x00, 0x00, 0x00, 0x00, 0x00, 0x00, 0x00, 0x00, 0x00, 0x00, 0x00, 0x00, 0x00, 0x00, 0x00,
  0x00, 0x00, 0x00, 0x00, 0x00, 0x00, 0x00, 0x00, 0x00, 0x00, 0x00, 0x00, 0x00, 0xf8, 0xa5, 0xe9,
  0xa5, 0xe9, 0xa5, 0xe9, 0xa5, 0xe9, 0xa6, 0xe9, 0xc4, 0xf1, 0x00, 0x00, 0x00, 0x00, 0x00, 0x00,
  0x00, 0x00, 0x00, 0x00, 0x00, 0x00, 0x00, 0x00, 0x00, 0x00, 0xa5, 0xe9, 0xa5, 0xe9, 0xa5, 0xe9,
  0xa5, 0xe9, 0xa5, 0xe9, 0xa5, 0xe9, 0xa5, 0xe9, 0xa5, 0xe9, 0xa5, 0xe9, 0xa5, 0xe9, 0xa5, 0xe9,
  0xa5, 0xe9, 0xa5, 0xe9, 0xa5, 0xe9, 0xa5, 0xe9, 0xa5, 0xe9, 0xa5, 0xe9, 0xa5, 0xe9, 0xa5, 0xe9,
  0xa5, 0xe9, 0xa5, 0xe9, 0xa5, 0xe9, 0xa5, 0xe9, 0xa5, 0xe9, 0xa5, 0xe9, 0xa5, 0xe9, 0xa5, 0xe9,
  0xa5, 0xe9, 0xa5, 0xe9, 0xa5, 0xe9, 0xa5, 0xe9, 0xa5, 0xe9, 0xa5, 0xe9, 0xa5, 0xe9, 0xa5, 0xe9,
  0xa5, 0xe9, 0xa5, 0xe9, 0xa5, 0xe9, 0xa5, 0xe9, 0xa5, 0xe9, 0xa5, 0xe9, 0xc5, 0xe9, 0x00, 0x00,
  0x00, 0x00, 0x00, 0x00, 0x00, 0x00, 0x00, 0x00, 0x00, 0x00, 0x00, 0x00, 0xc6, 0xe9, 0xa5, 0xe9,
  0xa5, 0xe9, 0xa5, 0xe9, 0xa5, 0xe9, 0xa5, 0xe9, 0xa5, 0xe9, 0xa5, 0xe9, 0xa5, 0xe9, 0xa5, 0xe9,
  0xa5, 0xe9, 0xa5, 0xe9, 0xa5, 0xe9, 0xa5, 0xe9, 0xa5, 0xe9, 0xa5, 0xe9, 0xa5, 0xe9, 0xa6, 0xe9,
  0x00, 0x00, 0x00, 0x00, 0x00, 0x00, 0x00, 0x00, 0x00, 0x00, 0x00, 0x00, 0x00, 0x00, 0x00, 0x00,
  0x00, 0x00, 0x00, 0x00, 0x00, 0x00, 0x00, 0x00, 0x00, 0x00, 0x00, 0x00, 0xa5, 0xe9, 0xa5, 0xe9,
  0xa5, 0xe9, 0xa5, 0xe9, 0xa5, 0xe9, 0xa5, 0xe9, 0x00, 0x00, 0x00, 0x00, 0x00, 0x00, 0x00, 0x00,
  0x00, 0x00, 0x00, 0x00, 0x00, 0x00, 0x00, 0x00, 0x00, 0x00, 0xa6, 0xe9, 0xa6, 0xe9, 0xa5, 0xe9,
  0xa5, 0xe9, 0xa6, 0xe9, 0xa5, 0xe9, 0xa5, 0xe9, 0xa5, 0xe9, 0xa5, 0xe9, 0xa5, 0xe9, 0xa5, 0xe9,
  0xa5, 0xe9, 0xa5, 0xe9, 0xa5, 0xe9, 0xa5, 0xe9, 0xa5, 0xe9, 0xa5, 0xe9, 0xa5, 0xe9, 0xa5, 0xe9,
  0xa5, 0xe9, 0xa5, 0xe9, 0xa5, 0xe9, 0xa5, 0xe9, 0xa5, 0xe9, 0xa5, 0xe9, 0xa5, 0xe9, 0xa5, 0xe9,
  0xa5, 0xe9, 0xa5, 0xe9, 0xa5, 0xe9, 0xa5, 0xe9, 0xa5, 0xe9, 0xa5, 0xe9, 0xa5, 0xe9, 0xa5, 0xe9,
  0xa5, 0xe9, 0xa5, 0xe9, 0xa5, 0xe9, 0xa5, 0xe9, 0xa5, 0xe9, 0xa5, 0xe9, 0xa5, 0xe9, 0xa6, 0xe9,
  0x00, 0xf8, 0x00, 0x00, 0x00, 0x00, 0x00, 0x00, 0x00, 0x00, 0x00, 0x00, 0x00, 0x00, 0xa6, 0xe9,
  0xa5, 0xe9, 0xa5, 0xe9, 0xa5, 0xe9, 0xa5, 0xe9, 0xa5, 0xe9, 0xa5, 0xe9, 0xa5, 0xe9, 0xa5, 0xe9,
  0xa5, 0xe9, 0xa5, 0xe9, 0xa5, 0xe9, 0xa5, 0xe9, 0xa5, 0xe9, 0xa5, 0xe9, 0xa5, 0xe9, 0xa5, 0xe9,
  0x65, 0xd9, 0x00, 0x00, 0x00, 0x00, 0x00, 0x00, 0x00, 0x00, 0x00, 0x00, 0x00, 0x00, 0x00, 0x00,
  0x00, 0x00, 0x00, 0x00, 0x00, 0x00, 0x00, 0x00, 0x00, 0x00, 0xe5, 0xe9, 0xa5, 0xe9, 0xa5, 0xe9,
  0xa5, 0xe9, 0xa5, 0xe9, 0xa6, 0xe9, 0x00, 0x00, 0x00, 0x00, 0x00, 0x00, 0x00, 0x00, 0x00, 0x00,
  0x00, 0x00, 0x00, 0x00, 0x00, 0x00, 0x00, 0x00, 0x00, 0x00, 0x00, 0x00, 0x00, 0x00, 0x00, 0x00,
  0x00, 0x00, 0x00, 0x00, 0x00, 0x00, 0x66, 0xe9, 0xa5, 0xe9, 0xa5, 0xe9, 0xa5, 0xe9, 0xa5, 0xe9,
  0xa5, 0xe9, 0xa5, 0xe9, 0xa5, 0xe9, 0xa5, 0xe9, 0xa5, 0xe9, 0xa5, 0xe9, 0xa5, 0xe9, 0xa5, 0xe9,
  0xa5, 0xe9, 0xa5, 0xe9, 0xa5, 0xe9, 0xa5, 0xe9, 0xa5, 0xe9, 0xa5, 0xe9, 0xa5, 0xe9, 0xa5, 0xe9,
  0xa5, 0xe9, 0xa5, 0xe9, 0xa5, 0xe9, 0xa5, 0xe9, 0xa5, 0xe9, 0xa5, 0xe9, 0xa5, 0xe9, 0xa5, 0xe9,
  0xa5, 0xe9, 0xa5, 0xe9, 0xa5, 0xe9, 0xa5, 0xe9, 0xa5, 0xe9, 0xa5, 0xe9, 0xa5, 0xe9, 0xa5, 0xe9,
  0xa5, 0xe9, 0xe5, 0xe9, 0x00, 0x00, 0x00, 0x00, 0x00, 0x00, 0x00, 0x00, 0x00, 0x00, 0x00, 0x00,
  0xc6, 0xe1, 0xa5, 0xe9, 0xa5, 0xe9, 0xa5, 0xe9, 0xa5, 0xe9, 0xa5, 0xe9, 0xa5, 0xe9, 0xa5, 0xe9,
  0xa5, 0xe9, 0xa5, 0xe9, 0xa5, 0xe9, 0xa5, 0xe9, 0xa5, 0xe9, 0xa5, 0xe9, 0xa5, 0xe9, 0xa5, 0xe9,
  0xa6, 0xe9, 0x00, 0x00, 0x00, 0x00, 0x00, 0x00, 0x00, 0x00, 0x00, 0x00, 0x00, 0x00, 0x00, 0x00,
  0x00, 0x00, 0x00, 0x00, 0x00, 0x00, 0x00, 0x00, 0x00, 0x00, 0xa5, 0xe9, 0xa5, 0xe9, 0xa5, 0xe9,
  0xa5, 0xe9, 0xa5, 0xe9, 0xa6, 0xe9, 0x00, 0x00, 0x00, 0x00, 0x00, 0x00, 0x00, 0x00, 0x00, 0x00,
  0x00, 0x00, 0x00, 0x00, 0x00, 0x00, 0x00, 0x00, 0x00, 0x00, 0x00, 0x00, 0x00, 0x00, 0x00, 0x00,
  0x00, 0x00, 0x00, 0x00, 0x00, 0x00, 0x00, 0x00, 0x00, 0x00, 0x00, 0x00, 0x00, 0x00, 0x00, 0x00,
  0x00, 0x00, 0x65, 0xe9, 0xa6, 0xe9, 0xa5, 0xe9, 0xa5, 0xe9, 0xa5, 0xe9, 0xa5, 0xe9, 0xa5, 0xe9,
  0xa5, 0xe9, 0xa5, 0xe9, 0xa5, 0xe9, 0xa5, 0xe9, 0xa5, 0xe9, 0xa5, 0xe9, 0xa5, 0xe9, 0xa5, 0xe9,
  0xa5, 0xe9, 0xa5, 0xe9, 0xa5, 0xe9, 0xa5, 0xe9, 0xa5, 0xe9, 0xa5, 0xe9, 0xa5, 0xe9, 0xa5, 0xe9,
  0xa5, 0xe9, 0xa5, 0xe9, 0xa5, 0xe9, 0xa5, 0xe9, 0xa5, 0xe9, 0xa5, 0xe9, 0xa5, 0xe9, 0xa5, 0xe9,
  0xa5, 0xe9, 0xa5, 0xe9, 0xa5, 0xe9, 0x00, 0x00, 0x00, 0x00, 0x00, 0x00, 0x00, 0x00, 0x00, 0x00,
  0x00, 0x00, 0xc5, 0xe1, 0xa5, 0xe9, 0xa5, 0xe9, 0xa5, 0xe9, 0xa5, 0xe9, 0xa5, 0xe9, 0xa5, 0xe9,
  0xa5, 0xe9, 0xa5, 0xe9, 0xa5, 0xe9, 0xa5, 0xe9, 0xa5, 0xe9, 0xa5, 0xe9, 0xa5, 0xe9, 0xa5, 0xe9,
  0xa5, 0xe9, 0xa5, 0xe9, 0x00, 0x00, 0x00, 0x00, 0x00, 0x00, 0x00, 0x00, 0x00, 0x00, 0x00, 0x00,
  0x00, 0x00, 0x00, 0x00, 0x00, 0x00, 0x00, 0x00, 0x24, 0xd9, 0xa6, 0xe9, 0xa5, 0xe9, 0xa5, 0xe9,
  0xa5, 0xe9, 0xa6, 0xe9, 0x00, 0x00, 0x00, 0x00, 0x00, 0x00, 0x00, 0x00, 0x00, 0x00, 0x00, 0x00,
  0x00, 0x00, 0x00, 0x00, 0x00, 0x00, 0x00, 0x00, 0x00, 0x00, 0x00, 0x00, 0x00, 0x00, 0x00, 0x00,
  0x00, 0x00, 0x00, 0x00, 0x00, 0x00, 0x00, 0x00, 0x00, 0x00, 0x00, 0x00, 0x00, 0x00, 0x00, 0x00,
  0x00, 0x00, 0x00, 0x00, 0x00, 0x00, 0x00, 0x00, 0x00, 0x00, 0xc6, 0xe9, 0xa5, 0xe9, 0xa5, 0xe9,
  0xa5, 0xe9, 0xa5, 0xe9, 0xa5, 0xe9, 0xa5, 0xe9, 0xa5, 0xe9, 0xa5, 0xe9, 0xa5, 0xe9, 0xa5, 0xe9,
  0xa5, 0xe9, 0xa5, 0xe9, 0xa5, 0xe9, 0xa5, 0xe9, 0xa5, 0xe9, 0xa5, 0xe9, 0xa5, 0xe9, 0xa5, 0xe9,
  0xa5, 0xe9, 0xa5, 0xe9, 0xa5, 0xe9, 0xa5, 0xe9, 0xa5, 0xe9, 0xa5, 0xe9, 0xa5, 0xe9, 0xa5, 0xe9,
  0xa5, 0xe9, 0xa5, 0xe9, 0xa5, 0xe9, 0xc5, 0xe9, 0x00, 0x00, 0x00, 0x00, 0x00, 0x00, 0x00, 0x00,
  0x00, 0x00, 0x00, 0x00, 0xa6, 0xf1, 0xa5, 0xe9, 0xa5, 0xe9, 0xa5, 0xe9, 0xa5, 0xe9, 0xa5, 0xe9,
  0xa5, 0xe9, 0xa5, 0xe9, 0xa5, 0xe9, 0xa5, 0xe9, 0xa5, 0xe9, 0xa5, 0xe9, 0xa5, 0xe9, 0xa5, 0xe9,
  0xa5, 0xe9, 0xa5, 0xe9, 0x00, 0xf8, 0x00, 0x00, 0x00, 0x00, 0x00, 0x00, 0x00, 0x00, 0x00, 0x00,
  0x00, 0x00, 0x00, 0x00, 0x00, 0x00, 0x00, 0x00, 0xa5, 0xe9, 0xa5, 0xe9, 0xa5, 0xe9, 0xa5, 0xe9,
  0xa5, 0xe9, 0xc6, 0xe9, 0x00, 0x00, 0x00, 0x00, 0x00, 0x00, 0x00, 0x00, 0x00, 0x00, 0x00, 0x00,
  0x00, 0x00, 0x00, 0x00, 0x00, 0x00, 0x00, 0x00, 0x00, 0x00, 0x00, 0x00, 0x00, 0x00, 0x00, 0x00,
  0x00, 0x00, 0x00, 0x00, 0x00, 0x00, 0x00, 0x00, 0x00, 0x00, 0x00, 0x00, 0x00, 0x00, 0x00, 0x00,
  0x00, 0x00, 0x00, 0x00, 0x00, 0x00, 0x00, 0x00, 0x00, 0x00, 0x00, 0x00, 0x00, 0x00, 0x00, 0x00,
  0xa5, 0xe9, 0xa6, 0xe9, 0xa5, 0xe9, 0xa5, 0xe9, 0xa5, 0xe9, 0xa5, 0xe9, 0xa5, 0xe9, 0xa5, 0xe9,
  0xa5, 0xe9, 0xa5, 0xe9, 0xa5, 0xe9, 0xa5, 0xe9, 0xa5, 0xe9, 0xa5, 0xe9, 0xa5, 0xe9, 0xa5, 0xe9,
  0xa5, 0xe9, 0xa5, 0xe9, 0xa5, 0xe9, 0xa5, 0xe9, 0xa5, 0xe9, 0xa5, 0xe9, 0xa5, 0xe9, 0xa5, 0xe9,
  0xa5, 0xe9, 0xa5, 0xe9, 0xa5, 0xe9, 0xa5, 0xe9, 0xa5, 0xe9, 0x00, 0x00, 0x00, 0x00, 0x00, 0x00,
  0x00, 0x00, 0x00, 0x00, 0x00, 0x00, 0x86, 0xe9, 0xa5, 0xe9, 0xa5, 0xe9, 0xa5, 0xe9, 0xa5, 0xe9,
  0xa5, 0xe9, 0xa5, 0xe9, 0xa5, 0xe9, 0xa5, 0xe9, 0xa5, 0xe9, 0xa5, 0xe9, 0xa5, 0xe9, 0xa5, 0xe9,
  0xa5, 0xe9, 0xa5, 0xe9, 0xa5, 0xe9, 0x00, 0x00, 0x00, 0x00, 0x00, 0x00, 0x00, 0x00, 0x00, 0x00,
  0x00, 0x00, 0x00, 0x00, 0x00, 0x00, 0xab, 0xfa, 0xa5, 0xe9, 0xa5, 0xe9, 0xa5, 0xe9, 0xa5, 0xe9,
  0xa5, 0xe9, 0x00, 0x00, 0x00, 0x00, 0x00, 0x00, 0x00, 0x00, 0x00, 0x00, 0x00, 0x00, 0x00, 0x00,
  0x00, 0x00, 0x00, 0x00, 0x00, 0x00, 0x00, 0x00, 0x00, 0x00, 0x00, 0x00, 0x00, 0x00, 0x00, 0x00,
  0x00, 0x00, 0x00, 0x00, 0x00, 0x00, 0x00, 0x00, 0x00, 0x00, 0x00, 0x00, 0x00, 0x00, 0x00, 0x00,
  0x00, 0x00, 0x00, 0x00, 0x00, 0x00, 0x00, 0x00, 0x00, 0x00, 0x00, 0x00, 0x00, 0x00, 0x00, 0x00,
  0x00, 0x00, 0x00, 0x00, 0x00, 0xf8, 0xa5, 0xe9, 0xa5, 0xe9, 0xa5, 0xe9, 0xa5, 0xe9, 0xa5, 0xe9,
  0xa5, 0xe9, 0xa5, 0xe9, 0xa5, 0xe9, 0xa5, 0xe9, 0xa5, 0xe9, 0xa5, 0xe9, 0xa5, 0xe9, 0xa5, 0xe9,
  0xa5, 0xe9, 0xa5, 0xe9, 0xa5, 0xe9, 0xa5, 0xe9, 0xa5, 0xe9, 0xa5, 0xe9, 0xa5, 0xe9, 0xa5, 0xe9,
  0xa5, 0xe9, 0xa5, 0xe9, 0xa5, 0xe9, 0xa5, 0xe9, 0xa5, 0xe9, 0xa6, 0xe9, 0x00, 0x00, 0x00, 0x00,
  0x00, 0x00, 0x00, 0x00, 0x00, 0x00, 0x00, 0x00, 0xa5, 0xe9, 0xa5, 0xe9, 0xa5, 0xe9, 0xa5, 0xe9,
  0xa5, 0xe9, 0xa5, 0xe9, 0xa5, 0xe9, 0xa5, 0xe9, 0xa5, 0xe9, 0xa5, 0xe9, 0xa5, 0xe9, 0xa5, 0xe9,
  0xa5, 0xe9, 0xa5, 0xe9, 0xa5, 0xe9, 0x24, 0xd9, 0x00, 0x00, 0x00, 0x00, 0x00, 0x00, 0x00, 0x00,
  0x00, 0x00, 0x00, 0x00, 0x00, 0x00, 0xa5, 0xe9, 0xa5, 0xe9, 0xa5, 0xe9, 0xa5, 0xe9, 0xa5, 0xe9,
  0xa6, 0xe9, 0x00, 0x00, 0x00, 0x00, 0x00, 0x00, 0x00, 0x00, 0x00, 0x00, 0x00, 0x00, 0x00, 0x00,
  0x00, 0x00, 0x00, 0x00, 0x00, 0x00, 0x00, 0x00, 0xa6, 0xe9, 0xa5, 0xe9, 0xa5, 0xe9, 0xa5, 0xe9,
  0xa5, 0xe9, 0xa5, 0xe9, 0xa5, 0xe9, 0xa5, 0xe9, 0xa5, 0xe9, 0xa5, 0xe1, 0xa6, 0xf9, 0x00, 0x00,
  0x00, 0x00, 0x00, 0x00, 0x00, 0x00, 0x00, 0x00, 0x00, 0x00, 0x00, 0x00, 0x00, 0x00, 0x00, 0x00,
  0x00, 0x00, 0x00, 0x00, 0x00, 0x00, 0x00, 0x00, 0x00, 0x00, 0xa6, 0xe9, 0xa5, 0xe9, 0xa5, 0xe9,
  0xa5, 0xe9, 0xa5, 0xe9, 0xa5, 0xe9, 0xa5, 0xe9, 0xa5, 0xe9, 0xa5, 0xe9, 0xa5, 0xe9, 0xa5, 0xe9,
  0xa5, 0xe9, 0xa5, 0xe9, 0xa5, 0xe9, 0xa5, 0xe9, 0xa5, 0xe9, 0xa5, 0xe9, 0xa5, 0xe9, 0xa5, 0xe9,
  0xa5, 0xe9, 0xa5, 0xe9, 0xa5, 0xe9, 0xa5, 0xe9, 0xa5, 0xe9, 0xa5, 0xe9, 0xa6, 0xe9, 0x00, 0x00,
  0x00, 0x00, 0x00, 0x00, 0x00, 0x00, 0x00, 0x00, 0x00, 0x00, 0xa6, 0xe9, 0xa5, 0xe9, 0xa5, 0xe9,
  0xa5, 0xe9, 0xa5, 0xe9, 0xa5, 0xe9, 0xa5, 0xe9, 0xa5, 0xe9, 0xa5, 0xe9, 0xa5, 0xe9, 0xa5, 0xe9,
  0xa5, 0xe9, 0xa5, 0xe9, 0xa5, 0xe9, 0xa6, 0xe9, 0x00, 0x00, 0x00, 0x00, 0x00, 0x00, 0x00, 0x00,
  0x00, 0x00, 0x00, 0x00, 0x00, 0x00, 0xa6, 0xe9, 0xa5, 0xe9, 0xa5, 0xe9, 0xa5, 0xe9, 0xa5, 0xe9,
  0x00, 0x00, 0x00, 0x00, 0x00, 0x00, 0x00, 0x00, 0x00, 0x00, 0x00, 0x00, 0x00, 0x00, 0x00, 0x00,
  0x00, 0x00, 0xc5, 0xe1, 0xa5, 0xe9, 0xa5, 0xe9, 0xa5, 0xe9, 0xa5, 0xe9, 0xa5, 0xe9, 0xa5, 0xe9,
  0xa5, 0xe9, 0xa5, 0xe9, 0xa5, 0xe9, 0xa5, 0xe9, 0xa5, 0xe9, 0xa5, 0xe9, 0xa5, 0xe9, 0xa5, 0xe9,
  0xa5, 0xe9, 0xa5, 0xe9, 0xc6, 0xe9, 0x00, 0x00, 0x00, 0x00, 0x00, 0x00, 0x00, 0x00, 0x00, 0x00,
  0x00, 0x00, 0x00, 0x00, 0x00, 0x00, 0x00, 0x00, 0x00, 0x00, 0x00, 0x00, 0x00, 0x00, 0xa5, 0xe9,
  0xa5, 0xe9, 0xa5, 0xe9, 0xa5, 0xe9, 0xa5, 0xe9, 0xa5, 0xe9, 0xa5, 0xe9, 0xa5, 0xe9, 0xa5, 0xe9,
  0xa5, 0xe9, 0xa5, 0xe9, 0xa5, 0xe9, 0xa5, 0xe9, 0xa5, 0xe9, 0xa5, 0xe9, 0xa5, 0xe9, 0xa5, 0xe9,
  0xa5, 0xe9, 0xa5, 0xe9, 0xa5, 0xe9, 0xa5, 0xe9, 0xa5, 0xe9, 0xa5, 0xe9, 0xa5, 0xe9, 0xa5, 0xe9,
  0x00, 0x00, 0x00, 0x00, 0x00, 0x00, 0x00, 0x00, 0x00, 0x00, 0x00, 0x00, 0xa6, 0xe9, 0xa5, 0xe9,
  0xa5, 0xe9, 0xa5, 0xe9, 0xa5, 0xe9, 0xa5, 0xe9, 0xa5, 0xe9, 0xa5, 0xe9, 0xa5, 0xe9, 0xa5, 0xe9,
  0xa5, 0xe9, 0xa5, 0xe9, 0xa5, 0xe9, 0xa5, 0xe9, 0x08, 0xfa, 0x00, 0x00, 0x00, 0x00, 0x00, 0x00,
  0x00, 0x00, 0x00, 0x00, 0xc7, 0xe1, 0xa5, 0xe9, 0xa5, 0xe9, 0xa5, 0xe9, 0xa5, 0xe9, 0xa5, 0xe9,
  0x00, 0x00, 0x00, 0x00, 0x00, 0x00, 0x00, 0x00, 0x00, 0x00, 0x00, 0x00, 0x00, 0x00, 0x24, 0xd9,
  0xa5, 0xe9, 0xa5, 0xe9, 0xa5, 0xe9, 0xa5, 0xe9, 0xa5, 0xe9, 0xa5, 0xe9, 0xa5, 0xe9, 0xa5, 0xe9,
  0xa5, 0xe9, 0xa5, 0xe9, 0xa5, 0xe9, 0xa5, 0xe9, 0xa5, 0xe9, 0xa5, 0xe9, 0xa5, 0xe9, 0xa5, 0xe9,
  0xa5, 0xe9, 0xa5, 0xe9, 0xa5, 0xe9, 0xa6, 0xe9, 0xa5, 0xe9, 0xa5, 0xe9, 0x00, 0x00, 0x00, 0x00,
  0x00, 0x00, 0x00, 0x00, 0x00, 0x00, 0x00, 0x00, 0x00, 0x00, 0x00, 0x00, 0x00, 0x00, 0x00, 0x00,
  0x00, 0x00, 0xa6, 0xe9, 0xa5, 0xe9, 0xa5, 0xe9, 0xa5, 0xe9, 0xa5, 0xe9, 0xa5, 0xe9, 0xa5, 0xe9,
  0xa5, 0xe9, 0xa5, 0xe9, 0xa5, 0xe9, 0xa5, 0xe9, 0xa5, 0xe9, 0xa5, 0xe9, 0xa5, 0xe9, 0xa5, 0xe9,
  0xa5, 0xe9, 0xa5, 0xe9, 0xa5, 0xe9, 0xa5, 0xe9, 0xa5, 0xe9, 0xa5, 0xe9, 0xa5, 0xe9, 0xa5, 0xe9,
  0xa6, 0xe9, 0x00, 0x00, 0x00, 0x00, 0x00, 0x00, 0x00, 0x00, 0x00, 0x00, 0x00, 0x00, 0xa6, 0xe9,
  0xa5, 0xe9, 0xa5, 0xe9, 0xa5, 0xe9, 0xa5, 0xe9, 0xa5, 0xe9, 0xa5, 0xe9, 0xa5, 0xe9, 0xa5, 0xe9,
  0xa5, 0xe9, 0xa5, 0xe9, 0xa5, 0xe9, 0xa5, 0xe9, 0xa5, 0xe9, 0x00, 0x00, 0x00, 0x00, 0x00, 0x00,
  0x00, 0x00, 0x00, 0x00, 0xa5, 0xe9, 0xa5, 0xe9, 0xa5, 0xe9, 0xa5, 0xe9, 0xa5, 0xe9, 0xc7, 0xe1,
  0x00, 0x00, 0x00, 0x00, 0x00, 0x00, 0x00, 0x00, 0x00, 0x00, 0x00, 0x00, 0xa6, 0xe9, 0xa6, 0xe9,
  0xa5, 0xe9, 0xa5, 0xe9, 0xa5, 0xe9, 0xa5, 0xe9, 0xa5, 0xe9, 0xa5, 0xe9, 0xa5, 0xe9, 0xa5, 0xe9,
  0xa5, 0xe9, 0xa5, 0xe9, 0xa5, 0xe9, 0xa5, 0xe9, 0xa5, 0xe9, 0xa5, 0xe9, 0xa5, 0xe9, 0xa5, 0xe9,
  0xa5, 0xe9, 0xa5, 0xe9, 0xa5, 0xe9, 0xa5, 0xe9, 0xa5, 0xe9, 0xa5, 0xe9, 0xa5, 0xe9, 0xa6, 0xe9,
  0xa5, 0xe1, 0x00, 0x00, 0x00, 0x00, 0x00, 0x00, 0x00, 0x00, 0x00, 0x00, 0x00, 0x00, 0x00, 0x00,
  0x00, 0x00, 0x00, 0x00, 0x86, 0xe1, 0xa5, 0xe9, 0xa5, 0xe9, 0xa5, 0xe9, 0xa5, 0xe9, 0xa5, 0xe9,
  0xa5, 0xe9, 0xa5, 0xe9, 0xa5, 0xe9, 0xa5, 0xe9, 0xa5, 0xe9, 0xa5, 0xe9, 0xa5, 0xe9, 0xa5, 0xe9,
  0xa5, 0xe9, 0xa5, 0xe9, 0xa5, 0xe9, 0xa5, 0xe9, 0xa5, 0xe9, 0xa5, 0xe9, 0xa5, 0xe9, 0xa5, 0xe9,
  0xa5, 0xe9, 0xa5, 0xe9, 0x00, 0x00, 0x00, 0x00, 0x00, 0x00, 0x00, 0x00, 0x00, 0x00, 0x00, 0x00,
  0xa5, 0xe9, 0xa5, 0xe9, 0xa5, 0xe9, 0xa5, 0xe9, 0xa5, 0xe9, 0xa5, 0xe9, 0xa5, 0xe9, 0xa5, 0xe9,
  0xa5, 0xe9, 0xa5, 0xe9, 0xa5, 0xe9, 0xa5, 0xe9, 0xa5, 0xe9, 0x00, 0x00, 0x00, 0x00, 0x00, 0x00,
  0x00, 0x00, 0x00, 0x00, 0xa5, 0xe9, 0xa5, 0xe9, 0xa5, 0xe9, 0xa5, 0xe9, 0xa6, 0xe9, 0x00, 0x00,
  0x00, 0x00, 0x00, 0x00, 0x00, 0x00, 0x00, 0x00, 0x00, 0x00, 0xc5, 0xe9, 0xa5, 0xe9, 0xa5, 0xe9,
  0xa5, 0xe9, 0xa5, 0xe9, 0xa5, 0xe9, 0xa5, 0xe9, 0xa5, 0xe9, 0xa5, 0xe9, 0xa5, 0xe9, 0xa5, 0xe9,
  0xa5, 0xe9, 0xa5, 0xe9, 0xa5, 0xe9, 0xa5, 0xe9, 0xa5, 0xe9, 0xa5, 0xe9, 0xa5, 0xe9, 0xa5, 0xe9,
  0xa5, 0xe9, 0xa5, 0xe9, 0xa5, 0xe9, 0xa5, 0xe9, 0xa5, 0xe9, 0xa5, 0xe9, 0xa5, 0xe9, 0xa5, 0xe9,
  0xa5, 0xe9, 0xa5, 0xe9, 0xc5, 0xe9, 0x00, 0x00, 0x00, 0x00, 0x00, 0x00, 0x00, 0x00, 0x00, 0x00,
  0x00, 0x00, 0x00, 0x00, 0x00, 0x00, 0x00, 0x00, 0xa5, 0xe9, 0xa5, 0xe9, 0xa5, 0xe9, 0xa5, 0xe9,
  0xa5, 0xe9, 0xa5, 0xe9, 0xa5, 0xe9, 0xa5, 0xe9, 0xa5, 0xe9, 0xa5, 0xe9, 0xa5, 0xe9, 0xa5, 0xe9,
  0xa5, 0xe9, 0xa5, 0xe9, 0xa5, 0xe9, 0xa5, 0xe9, 0xa5, 0xe9, 0xa5, 0xe9, 0xa5, 0xe9, 0xa5, 0xe9,
  0xa5, 0xe9, 0xa5, 0xe9, 0xa6, 0xe9, 0x00, 0x00, 0x00, 0x00, 0x00, 0x00, 0x00, 0x00, 0x00, 0x00,
  0xa6, 0xf9, 0xa5, 0xe9, 0xa5, 0xe9, 0xa5, 0xe9, 0xa5, 0xe9, 0xa5, 0xe9, 0xa5, 0xe9, 0xa5, 0xe9,
  0xa5, 0xe9, 0xa5, 0xe9, 0xa5, 0xe9, 0xa5, 0xe9, 0xa5, 0xe9, 0xc5, 0xe9, 0x00, 0x00, 0x00, 0x00,
  0x00, 0x00, 0xa6, 0xf9, 0xa5, 0xe9, 0xa5, 0xe9, 0xa5, 0xe9, 0xa5, 0xe9, 0xa6, 0xe9, 0x00, 0x00,
  0x00, 0x00, 0x00, 0x00, 0x00, 0x00, 0x00, 0x00, 0xa5, 0xe9, 0xa5, 0xe9, 0xa5, 0xe9, 0xa5, 0xe9,
  0xa5, 0xe9, 0xa5, 0xe9, 0xa5, 0xe9, 0xa5, 0xe9, 0xa5, 0xe9, 0xa5, 0xe9, 0xa5, 0xe9, 0xa5, 0xe9,
  0xa5, 0xe9, 0xa5, 0xe9, 0xa5, 0xe9, 0xa5, 0xe9, 0xa5, 0xe9, 0xa5, 0xe9, 0xa5, 0xe9, 0xa5, 0xe9,
  0xa5, 0xe9, 0xa5, 0xe9, 0xa5, 0xe9, 0xa5, 0xe9, 0xa5, 0xe9, 0xa5, 0xe9, 0xa5, 0xe9, 0xa5, 0xe9,
  0xa5, 0xe9, 0xa5, 0xe9, 0xa5, 0xe9, 0xa5, 0xe9, 0xa6, 0xe9, 0x00, 0x00, 0x00, 0x00, 0x00, 0x00,
  0x00, 0x00, 0x00, 0x00, 0x00, 0x00, 0x00, 0x00, 0x00, 0x00, 0xc4, 0xf1, 0xa5, 0xe9, 0xa5, 0xe9,
  0xa5, 0xe9, 0xa5, 0xe9, 0xa5, 0xe9, 0xa5, 0xe9, 0xa5, 0xe9, 0xa5, 0xe9, 0xa5, 0xe9, 0xa5, 0xe9,
  0xa5, 0xe9, 0xa5, 0xe9, 0xa5, 0xe9, 0xa5, 0xe9, 0xa5, 0xe9, 0xa5, 0xe9, 0xa5, 0xe9, 0xa5, 0xe9,
  0xa5, 0xe9, 0xa5, 0xe9, 0xa5, 0xe9, 0xa6, 0xe9, 0x00, 0x00, 0x00, 0x00, 0x00, 0x00, 0x00, 0x00,
  0x00, 0x00, 0xa5, 0xe9, 0xa5, 0xe9, 0xa5, 0xe9, 0xa5, 0xe9, 0xa5, 0xe9, 0xa5, 0xe9, 0xa5, 0xe9,
  0xa5, 0xe9, 0xa5, 0xe9, 0xa5, 0xe9, 0xa5, 0xe9, 0xa5, 0xe9, 0xa6, 0xe9, 0x00, 0x00, 0x00, 0x00,
  0x00, 0x00, 0xa6, 0xe9, 0xa5, 0xe9, 0xa5, 0xe9, 0xa5, 0xe9, 0xa5, 0xe9, 0xab, 0xfa, 0x00, 0x00,
  0x00, 0x00, 0x00, 0x00, 0x00, 0x00, 0xa5, 0xe1, 0xa5, 0xe9, 0xa5, 0xe9, 0xa5, 0xe9, 0xa5, 0xe9,
  0xa5, 0xe9, 0xa5, 0xe9, 0xa5, 0xe9, 0xa5, 0xe9, 0xa5, 0xe9, 0xa5, 0xe9, 0xa5, 0xe9, 0xa5, 0xe9,
  0xa5, 0xe9, 0xa5, 0xe9, 0xa5, 0xe9, 0xa5, 0xe9, 0xa5, 0xe9, 0xa5, 0xe9, 0xa5, 0xe9, 0xa5, 0xe9,
  0xa5, 0xe9, 0xa5, 0xe9, 0xa5, 0xe9, 0xa5, 0xe9, 0xa5, 0xe9, 0xa5, 0xe9, 0xa5, 0xe9, 0xa5, 0xe9,
  0xa5, 0xe9, 0xa5, 0xe9, 0xa5, 0xe9, 0xa5, 0xe9, 0xa5, 0xe9, 0xa5, 0xe9, 0xc6, 0xe1, 0x00, 0x00,
  0x00, 0x00, 0x00, 0x00, 0x00, 0x00, 0x00, 0x00, 0x00, 0x00, 0x00, 0x00, 0x00, 0x00, 0xa6, 0xe9,
  0xa5, 0xe9, 0xa5, 0xe9, 0xa5, 0xe9, 0xa5, 0xe9, 0xa5, 0xe9, 0xa5, 0xe9, 0xa5, 0xe9, 0xa5, 0xe9,
  0xa5, 0xe9, 0xa5, 0xe9, 0xa5, 0xe9, 0xa5, 0xe9, 0xa5, 0xe9, 0xa5, 0xe9, 0xa5, 0xe9, 0xa5, 0xe9,
  0xa5, 0xe9, 0xa5, 0xe9, 0xa5, 0xe9, 0xa5, 0xe9, 0xa6, 0xe9, 0x00, 0x00, 0x00, 0x00, 0x00, 0x00,
  0x00, 0x00, 0x00, 0x00, 0xa5, 0xe9, 0xa5, 0xe9, 0xa5, 0xe9, 0xa5, 0xe9, 0xa5, 0xe9, 0xa5, 0xe9,
  0xa5, 0xe9, 0xa5, 0xe9, 0xa5, 0xe9, 0xa5, 0xe9, 0xa5, 0xe9, 0xa5, 0xe9, 0x00, 0x00, 0x00, 0x00,
  0x00, 0x00, 0xa5, 0xe9, 0xa5, 0xe9, 0xa5, 0xe9, 0xa5, 0xe9, 0xa6, 0xe9, 0x00, 0x00, 0x00, 0x00,
  0x00, 0x00, 0x00, 0x00, 0xe5, 0xe9, 0xa5, 0xe9, 0xa5, 0xe9, 0xa5, 0xe9, 0xa5, 0xe9, 0xa5, 0xe9,
  0xa5, 0xe9, 0xa5, 0xe9, 0xa5, 0xe9, 0xa5, 0xe9, 0xa5, 0xe9, 0xa5, 0xe9, 0xa5, 0xe9, 0xa5, 0xe9,
  0xa5, 0xe9, 0xa5, 0xe9, 0xa5, 0xe9, 0xa5, 0xe9, 0xa5, 0xe9, 0xa5, 0xe9, 0xa5, 0xe9, 0xa5, 0xe9,
  0xa5, 0xe9, 0xa5, 0xe9, 0xa5, 0xe9, 0xa5, 0xe9, 0xa5, 0xe9, 0xa5, 0xe9, 0xa5, 0xe9, 0xa5, 0xe9,
  0xa5, 0xe9, 0xa5, 0xe9, 0xa5, 0xe9, 0xa5, 0xe9, 0xa5, 0xe9, 0xa5, 0xe9, 0xa5, 0xe9, 0xa5, 0xe9,
  0xab, 0xfa, 0x00, 0x00, 0x00, 0x00, 0x00, 0x00, 0x00, 0x00, 0x00, 0x00, 0x00, 0x00, 0x00, 0x00,
  0xa5, 0xe9, 0xa5, 0xe9, 0xa5, 0xe9, 0xa5, 0xe9, 0xa5, 0xe9, 0xa5, 0xe9, 0xa5, 0xe9, 0xa5, 0xe9,
  0xa5, 0xe9, 0xa5, 0xe9, 0xa5, 0xe9, 0xa5, 0xe9, 0xa5, 0xe9, 0xa5, 0xe9, 0xa5, 0xe9, 0xa5, 0xe9,
  0xa5, 0xe9, 0xa5, 0xe9, 0xa5, 0xe9, 0xa5, 0xe9, 0xa6, 0xe9, 0x00, 0x00, 0x00, 0x00, 0x00, 0x00,
  0x00, 0x00, 0x00, 0x00, 0x00, 0x00, 0xa5, 0xe9, 0xa5, 0xe9, 0xa5, 0xe9, 0xa5, 0xe9, 0xa5, 0xe9,
  0xa5, 0xe9, 0xa5, 0xe9, 0xa5, 0xe9, 0xa5, 0xe9, 0xa5, 0xe9, 0xa5, 0xe9, 0xa6, 0xe9, 0x00, 0x00,
  0x00, 0x00, 0xa5, 0xe9, 0xa5, 0xe9, 0xa5, 0xe9, 0xa5, 0xe9, 0xa5, 0xe9, 0x00, 0x00, 0x00, 0x00,
  0x00, 0x00, 0x00, 0x00, 0xa5, 0xe9, 0xa5, 0xe9, 0xa5, 0xe9, 0xa5, 0xe9, 0xa5, 0xe9, 0xa5, 0xe9,
  0xa5, 0xe9, 0xa5, 0xe9, 0xa5, 0xe9, 0xa5, 0xe9, 0xa5, 0xe9, 0xa5, 0xe9, 0xa5, 0xe9, 0xa5, 0xe9,
  0xa5, 0xe9, 0xa5, 0xe9, 0xa5, 0xe9, 0xa5, 0xe9, 0xa5, 0xe9, 0xa5, 0xe9, 0xa5, 0xe9, 0xa5, 0xe9,
  0xa5, 0xe9, 0xa5, 0xe9, 0xa5, 0xe9, 0xa5, 0xe9, 0xa5, 0xe9, 0xa5, 0xe9, 0xa5, 0xe9, 0xa5, 0xe9,
  0xa5, 0xe9, 0xa5, 0xe9, 0xa5, 0xe9, 0xa5, 0xe9, 0xa5, 0xe9, 0xa5, 0xe9, 0xa5, 0xe9, 0xa5, 0xe9,
  0xa5, 0xe9, 0xc6, 0xe9, 0x00, 0x00, 0x00, 0x00, 0x00, 0x00, 0x00, 0x00, 0x00, 0x00, 0x00, 0x00,
  0x00, 0x00, 0xc6, 0xe9, 0xa5, 0xe9, 0xa5, 0xe9, 0xa5, 0xe9, 0xa5, 0xe9, 0xa5, 0xe9, 0xa5, 0xe9,
  0xa5, 0xe9, 0xa5, 0xe9, 0xa5, 0xe9, 0xa5, 0xe9, 0xa5, 0xe9, 0xa5, 0xe9, 0xa5, 0xe9, 0xa5, 0xe9,
  0xa5, 0xe9, 0xa5, 0xe9, 0xa5, 0xe9, 0xa5, 0xe9, 0xa5, 0xe9, 0xa5, 0xe9, 0x00, 0x00, 0x00, 0x00,
  0x00, 0x00, 0x00, 0x00, 0x00, 0x00, 0xc4, 0xf1, 0xa5, 0xe9, 0xa5, 0xe9, 0xa5, 0xe9, 0xa5, 0xe9,
  0xa5, 0xe9, 0xa5, 0xe9, 0xa5, 0xe9, 0xa5, 0xe9, 0xa5, 0xe9, 0xa5, 0xe9, 0xa6, 0xe9, 0x00, 0x00,
  0xab, 0xfa, 0xa5, 0xe9, 0xa5, 0xe9, 0xa5, 0xe9, 0xa5, 0xe9, 0xa5, 0xe9, 0x00, 0x00, 0x00, 0x00,
  0x00, 0x00, 0xa6, 0xe9, 0xa5, 0xe9, 0xa5, 0xe9, 0xa5, 0xe9, 0xa5, 0xe9, 0xa5, 0xe9, 0xa5, 0xe9,
  0xa5, 0xe9, 0xa5, 0xe9, 0xa5, 0xe9, 0xa5, 0xe9, 0xa5, 0xe9, 0xa5, 0xe9, 0xa5, 0xe9, 0xa5, 0xe9,
  0xa5, 0xe9, 0xa5, 0xe9, 0xa5, 0xe9, 0xa5, 0xe9, 0xa5, 0xe9, 0xa5, 0xe9, 0xa5, 0xe9, 0xa5, 0xe9,
  0xa5, 0xe9, 0xa5, 0xe9, 0xa5, 0xe9, 0xa5, 0xe9, 0xa5, 0xe9, 0xa5, 0xe9, 0xa5, 0xe9, 0xa5, 0xe9,
  0xa5, 0xe9, 0xa5, 0xe9, 0xa5, 0xe9, 0xa5, 0xe9, 0xa5, 0xe9, 0xa5, 0xe9, 0xa5, 0xe9, 0xa5, 0xe9,
  0xa5, 0xe9, 0xa5, 0xe9, 0xa5, 0xe9, 0x00, 0xf8, 0x00, 0x00, 0x00, 0x00, 0x00, 0x00, 0x00, 0x00,
  0x00, 0x00, 0x00, 0x00, 0xc6, 0xe9, 0xa5, 0xe9, 0xa5, 0xe9, 0xa5, 0xe9, 0xa5, 0xe9, 0xa5, 0xe9,
  0xa5, 0xe9, 0xa5, 0xe9, 0xa5, 0xe9, 0xa5, 0xe9, 0xa5, 0xe9, 0xa5, 0xe9, 0xa5, 0xe9, 0xa5, 0xe9,
  0xa5, 0xe9, 0xa5, 0xe9, 0xa5, 0xe9, 0xa5, 0xe9, 0xa5, 0xe9, 0xa5, 0xe9, 0xa6, 0xe9, 0x00, 0x00,
  0x00, 0x00, 0x00, 0x00, 0x00, 0x00, 0x00, 0x00, 0xa6, 0xe9, 0xa5, 0xe9, 0xa5, 0xe9, 0xa5, 0xe9,
  0xa5, 0xe9, 0xa5, 0xe9, 0xa5, 0xe9, 0xa5, 0xe9, 0xa5, 0xe9, 0xa5, 0xe9, 0xa5, 0xe9, 0x00, 0x00,
  0xa6, 0xe9, 0xa5, 0xe9, 0xa5, 0xe9, 0xa5, 0xe9, 0xa5, 0xe9, 0x00, 0xf8, 0x00, 0x00, 0x00, 0x00,
  0x00, 0x00, 0xa5, 0xe9, 0xa5, 0xe9, 0xa5, 0xe9, 0xa5, 0xe9, 0xa5, 0xe9, 0xa5, 0xe9, 0xa5, 0xe9,
  0xa5, 0xe9, 0xa5, 0xe9, 0xa5, 0xe9, 0xa5, 0xe9, 0xa5, 0xe9, 0xa5, 0xe9, 0xa5, 0xe9, 0xa5, 0xe9,
  0xa5, 0xe9, 0xa5, 0xe9, 0xa5, 0xe9, 0xa5, 0xe9, 0xa5, 0xe9, 0xa5, 0xe9, 0xa5, 0xe9, 0xa5, 0xe9,
  0xa5, 0xe9, 0xa5, 0xe9, 0xa5, 0xe9, 0xa5, 0xe9, 0xa5, 0xe9, 0xa5, 0xe9, 0xa5, 0xe9, 0xa5, 0xe9,
  0xa5, 0xe9, 0xa5, 0xe9, 0xa5, 0xe9, 0xa5, 0xe9, 0xa5, 0xe9, 0xa5, 0xe9, 0xa5, 0xe9, 0xa5, 0xe9,
  0xa5, 0xe9, 0xa5, 0xe9, 0xa5, 0xe9, 0xa5, 0xe9, 0xc5, 0xe1, 0x00, 0x00, 0x00, 0x00, 0x00, 0x00,
  0x00, 0x00, 0x00, 0x00, 0x00, 0x00, 0x65, 0xe9, 0xa5, 0xe9, 0xa5, 0xe9, 0xa5, 0xe9, 0xa5, 0xe9,
  0xa5, 0xe9, 0xa5, 0xe9, 0xa5, 0xe9, 0xa5, 0xe9, 0xa5, 0xe9, 0xa5, 0xe9, 0xa5, 0xe9, 0xa5, 0xe9,
  0xa5, 0xe9, 0xa5, 0xe9, 0xa5, 0xe9, 0xa5, 0xe9, 0xa5, 0xe9, 0xa5, 0xe9, 0xa5, 0xe9, 0x04, 0xe2,
  0x00, 0x00, 0x00, 0x00, 0x00, 0x00, 0x00, 0x00, 0x00, 0x00, 0xa5, 0xe9, 0xa5, 0xe9, 0xa5, 0xe9,
  0xa5, 0xe9, 0xa5, 0xe9, 0xa5, 0xe9, 0xa5, 0xe9, 0xa5, 0xe9, 0xa5, 0xe9, 0xa5, 0xe9, 0x00, 0xf8,
  0xa6, 0xe9, 0xa5, 0xe9, 0xa5, 0xe9, 0xa5, 0xe9, 0xa6, 0xe9, 0x00, 0x00, 0x00, 0x00, 0x00, 0x00,
  0x65, 0xd9, 0xa5, 0xe9, 0xa5, 0xe9, 0xa5, 0xe9, 0xa5, 0xe9, 0xa5, 0xe9, 0xa5, 0xe9, 0xa5, 0xe9,
  0xa5, 0xe9, 0xa5, 0xe9, 0xa5, 0xe9, 0xa5, 0xe9, 0xa5, 0xe9, 0xa5, 0xe9, 0xa5, 0xe9, 0xa5, 0xe9,
  0xa5, 0xe9, 0xa5, 0xe9, 0xa5, 0xe9, 0xa5, 0xe9, 0xa5, 0xe9, 0xa5, 0xe9, 0xa5, 0xe9, 0xa5, 0xe9,
  0xa5, 0xe9, 0xa5, 0xe9, 0xa5, 0xe9, 0xa5, 0xe9, 0xa5, 0xe9, 0xa5, 0xe9, 0xa5, 0xe9, 0xa5, 0xe9,
  0xa5, 0xe9, 0xa5, 0xe9, 0xa5, 0xe9, 0xa5, 0xe9, 0xa5, 0xe9, 0xa5, 0xe9, 0xa5, 0xe9, 0xa5, 0xe9,
  0xa5, 0xe9, 0xa5, 0xe9, 0xa5, 0xe9, 0xa5, 0xe9, 0xa5, 0xe9, 0xa5, 0xe9, 0x00, 0x00, 0x00, 0x00,
  0x00, 0x00, 0x00, 0x00, 0x00, 0x00, 0x00, 0x00, 0x65, 0xd9, 0xa5, 0xe9, 0xa5, 0xe9, 0xa5, 0xe9,
  0xa5, 0xe9, 0xa5, 0xe9, 0xa5, 0xe9, 0xa5, 0xe9, 0xa5, 0xe9, 0xa5, 0xe9, 0xa5, 0xe9, 0xa5, 0xe9,
  0xa5, 0xe9, 0xa5, 0xe9, 0xa5, 0xe9, 0xa5, 0xe9, 0xa5, 0xe9, 0xa5, 0xe9, 0xa5, 0xe9, 0xa6, 0xe9,
  0x00, 0x00, 0x00, 0x00, 0x00, 0x00, 0x00, 0x00, 0x00, 0x00, 0xa5, 0xe9, 0xa5, 0xe9, 0xa5, 0xe9,
  0xa5, 0xe9, 0xa5, 0xe9, 0xa5, 0xe9, 0xa5, 0xe9, 0xa5, 0xe9, 0xa5, 0xe9, 0xa5, 0xe9, 0xa6, 0xe9,
  0xa5, 0xe9, 0xa5, 0xe9, 0xa5, 0xe9, 0xa5, 0xe9, 0xa5, 0xe9, 0x00, 0x00, 0x00, 0x00, 0x00, 0x00,
  0xa6, 0xe9, 0xa5, 0xe9, 0xa5, 0xe9, 0xa5, 0xe9, 0xa5, 0xe9, 0xa5, 0xe9, 0xa5, 0xe9, 0xa5, 0xe9,
  0xa5, 0xe9, 0xa5, 0xe9, 0xa5, 0xe9, 0xa5, 0xe9, 0xa5, 0xe9, 0xa5, 0xe9, 0xa5, 0xe9, 0xa5, 0xe9,
  0xa5, 0xe9, 0xa5, 0xe9, 0xa5, 0xe9, 0xa5, 0xe9, 0xa5, 0xe9, 0xa5, 0xe9, 0xa5, 0xe9, 0xa5, 0xe9,
  0xa5, 0xe9, 0xa5, 0xe9, 0xa5, 0xe9, 0xa5, 0xe9, 0xa5, 0xe9, 0xa5, 0xe9, 0xa5, 0xe9, 0xa5, 0xe9,
  0xa5, 0xe9, 0xa5, 0xe9, 0xa5, 0xe9, 0xa5, 0xe9, 0xa5, 0xe9, 0xa5, 0xe9, 0xa5, 0xe9, 0xa5, 0xe9,
  0xa5, 0xe9, 0xa5, 0xe9, 0xa5, 0xe9, 0xa5, 0xe9, 0xa5, 0xe9, 0xa5, 0xe9, 0xa5, 0xe9, 0x00, 0x00,
  0x00, 0x00, 0x00, 0x00, 0x00, 0x00, 0x00, 0x00, 0x00, 0x00, 0xc4, 0xf1, 0xa6, 0xe9, 0xa5, 0xe9,
  0xa5, 0xe9, 0xa5, 0xe9, 0xa5, 0xe9, 0xa5, 0xe9, 0xa5, 0xe9, 0xa5, 0xe9, 0xa5, 0xe9, 0xa5, 0xe9,
  0xa5, 0xe9, 0xa5, 0xe9, 0xa5, 0xe9, 0xa5, 0xe9, 0xa5, 0xe9, 0xa5, 0xe9, 0xa5, 0xe9, 0xa5, 0xe9,
  0xa5, 0xe9, 0x00, 0x00, 0x00, 0x00, 0x00, 0x00, 0x00, 0x00, 0x00, 0x00, 0xa6, 0xe9, 0xa5, 0xe9,
  0xa5, 0xe9, 0xa5, 0xe9, 0xa5, 0xe9, 0xa5, 0xe9, 0xa5, 0xe9, 0xa5, 0xe9, 0xa5, 0xe9, 0xa6, 0xe9,
  0xa5, 0xe9, 0xa5, 0xe9, 0xa5, 0xe9, 0xa5, 0xe9, 0xa5, 0xe9, 0x00, 0x00, 0x00, 0x00, 0x00, 0x00,
  0xa5, 0xe9, 0xa5, 0xe9, 0xa5, 0xe9, 0xa5, 0xe9, 0xa5, 0xe9, 0xa5, 0xe9, 0xa5, 0xe9, 0xa5, 0xe9,
  0xa5, 0xe9, 0xa5, 0xe9, 0xa5, 0xe9, 0xa5, 0xe9, 0xa5, 0xe9, 0xa5, 0xe9, 0xa5, 0xe9, 0xa5, 0xe9,
  0xa5, 0xe9, 0xa5, 0xe9, 0xa5, 0xe9, 0xa5, 0xe9, 0xa5, 0xe9, 0xa5, 0xe9, 0xa5, 0xe9, 0xa5, 0xe9,
  0xa5, 0xe9, 0xa5, 0xe9, 0xa5, 0xe9, 0xa5, 0xe9, 0xa5, 0xe9, 0xa5, 0xe9, 0xa5, 0xe9, 0xa5, 0xe9,
  0xa5, 0xe9, 0xa5, 0xe9, 0xa5, 0xe9, 0xa5, 0xe9, 0xa5, 0xe9, 0xa5, 0xe9, 0xa5, 0xe9, 0xa5, 0xe9,
  0xa5, 0xe9, 0xa5, 0xe9, 0xa5, 0xe9, 0xa5, 0xe9, 0xa5, 0xe9, 0xa5, 0xe9, 0xa5, 0xe9, 0xa6, 0xe9,
  0x00, 0x00, 0x00, 0x00, 0x00, 0x00, 0x00, 0x00, 0x00, 0x00, 0x00, 0x00, 0xa5, 0xe9, 0xa5, 0xe9,
  0xa5, 0xe9, 0xa5, 0xe9, 0xa5, 0xe9, 0xa5, 0xe9, 0xa5, 0xe9, 0xa5, 0xe9, 0xa5, 0xe9, 0xa5, 0xe9,
  0xa5, 0xe9, 0xa5, 0xe9, 0xa5, 0xe9, 0xa5, 0xe9, 0xa5, 0xe9, 0xa5, 0xe9, 0xa5, 0xe9, 0xa5, 0xe9,
  0xa5, 0xe9, 0x65, 0xd9, 0x00, 0x00, 0x00, 0x00, 0x00, 0x00, 0x00, 0x00, 0xa6, 0xf9, 0xa5, 0xe9,
  0xa5, 0xe9, 0xa5, 0xe9, 0xa5, 0xe9, 0xa5, 0xe9, 0xa5, 0xe9, 0xa5, 0xe9, 0xa5, 0xe9, 0xa5, 0xe9,
  0xa5, 0xe9, 0xa5, 0xe9, 0xa5, 0xe9, 0xa5, 0xe9, 0xa5, 0xe9, 0x00, 0x00, 0x00, 0x00, 0x00, 0x00,
  0xa5, 0xe9, 0xa5, 0xe9, 0xa5, 0xe9, 0xa5, 0xe9, 0xa5, 0xe9, 0xa5, 0xe9, 0xa5, 0xe9, 0xa5, 0xe9,
  0xa5, 0xe9, 0xa5, 0xe9, 0xa5, 0xe9, 0xa5, 0xe9, 0xa5, 0xe9, 0xa5, 0xe9, 0xa5, 0xe9, 0xa5, 0xe9,
  0xa5, 0xe9, 0xa5, 0xe9, 0xa5, 0xe9, 0xa5, 0xe9, 0xa5, 0xe9, 0xa5, 0xe9, 0xa5, 0xe9, 0xa5, 0xe9,
  0xa5, 0xe9, 0xa5, 0xe9, 0xa5, 0xe9, 0xa5, 0xe9, 0xa5, 0xe9, 0xa5, 0xe9, 0xa5, 0xe9, 0xa5, 0xe9,
  0xa5, 0xe9, 0xa5, 0xe9, 0xa5, 0xe9, 0xa5, 0xe9, 0xa5, 0xe9, 0xa5, 0xe9, 0xa5, 0xe9, 0xa5, 0xe9,
  0xa5, 0xe9, 0xa5, 0xe9, 0xa5, 0xe9, 0xa5, 0xe9, 0xa5, 0xe9, 0xa5, 0xe9, 0xa5, 0xe9, 0xa5, 0xe9,
  0xa6, 0xe9, 0x00, 0x00, 0x00, 0x00, 0x00, 0x00, 0x00, 0x00, 0x00, 0x00, 0x00, 0x00, 0x85, 0xe9,
  0xa5, 0xe9, 0xa5, 0xe9, 0xa5, 0xe9, 0xa5, 0xe9, 0xa5, 0xe9, 0xa5, 0xe9, 0xa5, 0xe9, 0xa5, 0xe9,
  0xa5, 0xe9, 0xa5, 0xe9, 0xa5, 0xe9, 0xa5, 0xe9, 0xa5, 0xe9, 0xa5, 0xe9, 0xa5, 0xe9, 0xa5, 0xe9,
  0xa5, 0xe9, 0xa5, 0xe9, 0x00, 0x00, 0x00, 0x00, 0x00, 0x00, 0x00, 0x00, 0x00, 0x00, 0xa6, 0xe9,
  0xa5, 0xe9, 0xa5, 0xe9, 0xa5, 0xe9, 0xa5, 0xe9, 0xa5, 0xe9, 0xa5, 0xe9, 0xa5, 0xe9, 0xa5, 0xe9,
  0xa5, 0xe9, 0xa5, 0xe9, 0xa5, 0xe9, 0xa5, 0xe9, 0xc6, 0xe9, 0x00, 0x00, 0x00, 0x00, 0x00, 0x00,
  0xa5, 0xe9, 0xa5, 0xe9, 0xa5, 0xe9, 0xa5, 0xe9, 0xa5, 0xe9, 0xa5, 0xe9, 0xa5, 0xe9, 0xa5, 0xe9,
  0xa5, 0xe9, 0xa5, 0xe9, 0xa5, 0xe9, 0xa5, 0xe9, 0xa5, 0xe9, 0xa5, 0xe9, 0xa6, 0xe9, 0xc5, 0xe1,
  0x00, 0x00, 0x00, 0x00, 0x00, 0x00, 0xc4, 0xf1, 0xa5, 0xe9, 0xa5, 0xe9, 0xa6, 0xe9, 0xa5, 0xe9,
  0xa5, 0xe9, 0xa5, 0xe9, 0xa5, 0xe9, 0xa5, 0xe9, 0xa5, 0xe9, 0xa5, 0xe9, 0xa5, 0xe9, 0xa5, 0xe9,
  0xa5, 0xe9, 0xa5, 0xe9, 0xa5, 0xe9, 0xa5, 0xe9, 0xa5, 0xe9, 0xa5, 0xe9, 0xa5, 0xe9, 0xa5, 0xe9,
  0xa5, 0xe9, 0xa5, 0xe9, 0xa5, 0xe9, 0xa5, 0xe9, 0xa5, 0xe9, 0xa5, 0xe9, 0xa5, 0xe9, 0xa5, 0xe9,
  0xa5, 0xe9, 0xa6, 0xe9, 0x00, 0x00, 0x00, 0x00, 0x00, 0x00, 0x00, 0x00, 0x00, 0x00, 0x00, 0x00,
  0xa6, 0xe9, 0xa5, 0xe9, 0xa5, 0xe9, 0xa5, 0xe9, 0xa5, 0xe9, 0xa5, 0xe9, 0xa5, 0xe9, 0xa5, 0xe9,
  0xa5, 0xe9, 0xa5, 0xe9, 0xa5, 0xe9, 0xa5, 0xe9, 0xa5, 0xe9, 0xa5, 0xe9, 0xa5, 0xe9, 0xa5, 0xe9,
  0xa5, 0xe9, 0xa5, 0xe9, 0xa5, 0xe9, 0x00, 0x00, 0x00, 0x00, 0x00, 0x00, 0x00, 0x00, 0x00, 0xf8,
  0xa5, 0xe9, 0xa5, 0xe9, 0xa5, 0xe9, 0xa5, 0xe9, 0xa5, 0xe9, 0xa5, 0xe9, 0xa5, 0xe9, 0xa5, 0xe9,
  0xa5, 0xe9, 0xa5, 0xe9, 0xa5, 0xe9, 0xa5, 0xe9, 0xc5, 0xe9, 0x00, 0x00, 0x00, 0x00, 0x00, 0x00,
  0xa5, 0xe9, 0xa5, 0xe9, 0xa5, 0xe9, 0xa5, 0xe9, 0xa5, 0xe9, 0xa5, 0xe9, 0xa5, 0xe9, 0xa5, 0xe9,
  0xa5, 0xe9, 0xa5, 0xe9, 0xa5, 0xe9, 0xa5, 0xe9, 0xa5, 0xe9, 0xa5, 0xe9, 0xc6, 0xe9, 0x00, 0x00,
  0x00, 0x00, 0x00, 0x00, 0x00, 0x00, 0x00, 0x00, 0x00, 0x00, 0x00, 0x00, 0x00, 0x00, 0xa6, 0xf9,
  0xa6, 0xe9, 0xa6, 0xe9, 0xa5, 0xe9, 0xa5, 0xe9, 0xa5, 0xe9, 0xa5, 0xe9, 0xa5, 0xe9, 0xa5, 0xe9,
  0xa5, 0xe9, 0xa5, 0xe9, 0xa5, 0xe9, 0xa5, 0xe9, 0xa5, 0xe9, 0xa5, 0xe9, 0xa5, 0xe9, 0xa5, 0xe9,
  0xa5, 0xe9, 0xa5, 0xe9, 0xa5, 0xe9, 0xa5, 0xe9, 0xa5, 0xe9, 0xa5, 0xe9, 0xa5, 0xe9, 0xa5, 0xe9,
  0xa5, 0xe9, 0xa5, 0xe9, 0xa5, 0xe9, 0x00, 0x00, 0x00, 0x00, 0x00, 0x00, 0x00, 0x00, 0x00, 0x00,
  0x00, 0x00, 0xa6, 0xe9, 0xa5, 0xe9, 0xa5, 0xe9, 0xa5, 0xe9, 0xa5, 0xe9, 0xa5, 0xe9, 0xa5, 0xe9,
  0xa5, 0xe9, 0xa5, 0xe9, 0xa5, 0xe9, 0xa5, 0xe9, 0xa5, 0xe9, 0xa5, 0xe9, 0xa5, 0xe9, 0xa5, 0xe9,
  0xa5, 0xe9, 0xa5, 0xe9, 0xa5, 0xe9, 0x00, 0x00, 0x00, 0x00, 0x00, 0x00, 0x00, 0x00, 0x00, 0x00,
  0xa5, 0xe9, 0xa5, 0xe9, 0xa5, 0xe9, 0xa5, 0xe9, 0xa5, 0xe9, 0xa5, 0xe9, 0xa5, 0xe9, 0xa5, 0xe9,
  0xa5, 0xe9, 0xa5, 0xe9, 0xa5, 0xe9, 0xa5, 0xe9, 0xa5, 0xe9, 0x00, 0x00, 0x00, 0x00, 0x00, 0x00,
  0xa5, 0xe9, 0xa5, 0xe9, 0xa5, 0xe9, 0xa5, 0xe9, 0xa5, 0xe9, 0xa5, 0xe9, 0xa5, 0xe9, 0xa5, 0xe9,
  0xa5, 0xe9, 0xa5, 0xe9, 0xa5, 0xe9, 0xa5, 0xe9, 0xa5, 0xe9, 0xa5, 0xe9, 0xc6, 0xe9, 0x00, 0x00,
  0x00, 0x00, 0x00, 0x00, 0x00, 0x00, 0x00, 0x00, 0x00, 0x00, 0x00, 0x00, 0x00, 0x00, 0x00, 0x00,
  0x00, 0x00, 0x00, 0x00, 0xa6, 0xf1, 0xa5, 0xe9, 0xa5, 0xe9, 0xa5, 0xe9, 0xa5, 0xe9, 0xa5, 0xe9,
  0xa5, 0xe9, 0xa5, 0xe9, 0xa5, 0xe9, 0xa5, 0xe9, 0xa5, 0xe9, 0xa5, 0xe9, 0xa5, 0xe9, 0xa5, 0xe9,
  0xa5, 0xe9, 0xa5, 0xe9, 0xa5, 0xe9, 0xa5, 0xe9, 0xa5, 0xe9, 0xa5, 0xe9, 0xa5, 0xe9, 0xa5, 0xe9,
  0xa5, 0xe9, 0xa5, 0xe9, 0xa5, 0xe9, 0xa5, 0xe9, 0x00, 0x00, 0x00, 0x00, 0x00, 0x00, 0x00, 0x00,
  0x00, 0x00, 0x00, 0xf8, 0xa5, 0xe9, 0xa5, 0xe9, 0xa5, 0xe9, 0xa5, 0xe9, 0xa5, 0xe9, 0xa5, 0xe9,
  0xa5, 0xe9, 0xa5, 0xe9, 0xa5, 0xe9, 0xa5, 0xe9, 0xa5, 0xe9, 0xa5, 0xe9, 0xa5, 0xe9, 0xa5, 0xe9,
  0xa5, 0xe9, 0xa5, 0xe9, 0xa5, 0xe9, 0xa6, 0xe1, 0x00, 0x00, 0x00, 0x00, 0x00, 0x00, 0x00, 0x00,
  0x00, 0x00, 0xa5, 0xe9, 0xa5, 0xe9, 0xa5, 0xe9, 0xa5, 0xe9, 0xa5, 0xe9, 0xa5, 0xe9, 0xa5, 0xe9,
  0xa5, 0xe9, 0xa5, 0xe9, 0xa5, 0xe9, 0xa5, 0xe9, 0xe6, 0xe1, 0x00, 0x00, 0x00, 0x00, 0x00, 0x00,
  0xa5, 0xe9, 0xa5, 0xe9, 0xa5, 0xe9, 0xa5, 0xe9, 0xa5, 0xe9, 0xa5, 0xe9, 0xa5, 0xe9, 0xa5, 0xe9,
  0xa5, 0xe9, 0xa5, 0xe9, 0xa5, 0xe9, 0xa5, 0xe9, 0xa5, 0xe9, 0xa5, 0xe9, 0xa6, 0xe9, 0x00, 0x00,
  0x00, 0x00, 0x00, 0x00, 0x00, 0x00, 0x00, 0x00, 0x00, 0x00, 0x00, 0x00, 0x00, 0x00, 0x00, 0x00,
  0x00, 0x00, 0x00, 0x00, 0x00, 0x00, 0x00, 0x00, 0xa6, 0xf9, 0xa6, 0xe9, 0xa5, 0xe9, 0xa5, 0xe9,
  0xa5, 0xe9, 0xa5, 0xe9, 0xa5, 0xe9, 0xa5, 0xe9, 0xa5, 0xe9, 0xa5, 0xe9, 0xa5, 0xe9, 0xa5, 0xe9,
  0xa5, 0xe9, 0xa5, 0xe9, 0xa5, 0xe9, 0xa5, 0xe9, 0xa5, 0xe9, 0xa5, 0xe9, 0xa5, 0xe9, 0xa5, 0xe9,
  0xa5, 0xe9, 0xa5, 0xe9, 0xa5, 0xe9, 0xa5, 0xe9, 0xc6, 0xe9, 0x00, 0x00, 0x00, 0x00, 0x00, 0x00,
  0x00, 0x00, 0x00, 0x00, 0xc5, 0xe9, 0xa5, 0xe9, 0xa5, 0xe9, 0xa5, 0xe9, 0xa5, 0xe9, 0xa5, 0xe9,
  0xa5, 0xe9, 0xa5, 0xe9, 0xa5, 0xe9, 0xa5, 0xe9, 0xa5, 0xe9, 0xa5, 0xe9, 0xa5, 0xe9, 0xa5, 0xe9,
  0xa5, 0xe9, 0xa5, 0xe9, 0xa5, 0xe9, 0xa5, 0xe9, 0x00, 0x00, 0x00, 0x00, 0x00, 0x00, 0x00, 0x00,
  0x00, 0x00, 0xa5, 0xe9, 0xa5, 0xe9, 0xa5, 0xe9, 0xa5, 0xe9, 0xa5, 0xe9, 0xa5, 0xe9, 0xa5, 0xe9,
  0xa5, 0xe9, 0xa5, 0xe9, 0xa5, 0xe9, 0xa5, 0xe9, 0xa6, 0xf9, 0x00, 0x00, 0x00, 0x00, 0x00, 0x00,
  0xa6, 0xe9, 0xa5, 0xe9, 0xa5, 0xe9, 0xa5, 0xe9, 0xa5, 0xe9, 0xa5, 0xe9, 0xa5, 0xe9, 0xa5, 0xe9,
  0xa5, 0xe9, 0xa5, 0xe9, 0xa5, 0xe9, 0xa5, 0xe9, 0xa5, 0xe9, 0xa5, 0xe9, 0xa5, 0xe9, 0xa5, 0xe9,
  0xab, 0xfa, 0x00, 0x00, 0x00, 0x00, 0x00, 0x00, 0x00, 0x00, 0x00, 0x00, 0x00, 0x00, 0x00, 0x00,
  0x00, 0x00, 0x00, 0x00, 0x00, 0x00, 0x00, 0x00, 0x00, 0x00, 0x00, 0x00, 0xa6, 0xf9, 0xa5, 0xe9,
  0xa5, 0xe9, 0xa5, 0xe9, 0xa5, 0xe9, 0xa5, 0xe9, 0xa5, 0xe9, 0xa5, 0xe9, 0xa5, 0xe9, 0xa5, 0xe9,
  0xa5, 0xe9, 0xa5, 0xe9, 0xa5, 0xe9, 0xa5, 0xe9, 0xa5, 0xe9, 0xa5, 0xe9, 0xa5, 0xe9, 0xa5, 0xe9,
  0xa5, 0xe9, 0xa5, 0xe9, 0xa5, 0xe9, 0xa5, 0xe9, 0xa5, 0xe9, 0xc7, 0xe1, 0x00, 0x00, 0x00, 0x00,
  0x00, 0x00, 0x00, 0x00, 0x00, 0x00, 0xa6, 0xe9, 0xa5, 0xe9, 0xa5, 0xe9, 0xa5, 0xe9, 0xa5, 0xe9,
  0xa5, 0xe9, 0xa5, 0xe9, 0xa5, 0xe9, 0xa5, 0xe9, 0xa5, 0xe9, 0xa5, 0xe9, 0xa5, 0xe9, 0xa5, 0xe9,
  0xa5, 0xe9, 0xa5, 0xe9, 0xa5, 0xe9, 0xa5, 0xe9, 0xa6, 0xe9, 0x00, 0x00, 0x00, 0x00, 0x00, 0x00,
  0x00, 0x00, 0x00, 0xf8, 0xa5, 0xe9, 0xa5, 0xe9, 0xa5, 0xe9, 0xa5, 0xe9, 0xa5, 0xe9, 0xa5, 0xe9,
  0xa5, 0xe9, 0xa5, 0xe9, 0xa5, 0xe9, 0xa5, 0xe9, 0xa6, 0xf9, 0x00, 0x00, 0x00, 0x00, 0x00, 0x00,
  0xa5, 0xe9, 0xa5, 0xe9, 0xa5, 0xe9, 0xa5, 0xe9, 0xa5, 0xe9, 0xa5, 0xe9, 0xa5, 0xe9, 0xa5, 0xe9,
  0xa5, 0xe9, 0xa5, 0xe9, 0xa5, 0xe9, 0xa5, 0xe9, 0xa5, 0xe9, 0xa5, 0xe9, 0xa5, 0xe9, 0xa5, 0xe9,
  0xa5, 0xe9, 0xa5, 0xe9, 0xa5, 0xe9, 0xa6, 0xe9, 0xa5, 0xe9, 0x00, 0xf8, 0x00, 0x00, 0x00, 0x00,
  0x00, 0x00, 0x00, 0x00, 0x00, 0x00, 0x00, 0x00, 0x00, 0x00, 0x00, 0x00, 0x00, 0x00, 0x00, 0x00,
  0xc6, 0xe9, 0xa5, 0xe9, 0xa5, 0xe9, 0xa5, 0xe9, 0xa5, 0xe9, 0xa5, 0xe9, 0xa5, 0xe9, 0xa5, 0xe9,
  0xa5, 0xe9, 0xa5, 0xe9, 0xa5, 0xe9, 0xa5, 0xe9, 0xa5, 0xe9, 0xa5, 0xe9, 0xa5, 0xe9, 0xa5, 0xe9,
  0xa5, 0xe9, 0xa5, 0xe9, 0xa5, 0xe9, 0xa5, 0xe9, 0xa5, 0xe9, 0xa5, 0xe9, 0x00, 0x00, 0x00, 0x00,
  0x00, 0x00, 0x00, 0x00, 0x00, 0x00, 0x00, 0x00, 0xa5, 0xe9, 0xa5, 0xe9, 0xa5, 0xe9, 0xa5, 0xe9,
  0xa5, 0xe9, 0xa5, 0xe9, 0xa5, 0xe9, 0xa5, 0xe9, 0xa5, 0xe9, 0xa5, 0xe9, 0xa5, 0xe9, 0xa5, 0xe9,
  0xa5, 0xe9, 0xa5, 0xe9, 0xa5, 0xe9, 0xa5, 0xe9, 0xa6, 0xe9, 0x00, 0x00, 0x00, 0x00, 0x00, 0x00,
  0x00, 0x00, 0x00, 0x00, 0xa5, 0xe9, 0xa5, 0xe9, 0xa5, 0xe9, 0xa5, 0xe9, 0xa5, 0xe9, 0xa5, 0xe9,
  0xa5, 0xe9, 0xa5, 0xe9, 0xa5, 0xe9, 0xa5, 0xe9, 0xe6, 0xe1, 0x00, 0x00, 0x00, 0x00, 0x00, 0x00,
  0xa5, 0xe9, 0xa5, 0xe9, 0xa5, 0xe9, 0xa5, 0xe9, 0xa5, 0xe9, 0xa5, 0xe9, 0xa5, 0xe9, 0xa5, 0xe9,
  0xa5, 0xe9, 0xa5, 0xe9, 0xa5, 0xe9, 0xa5, 0xe9, 0xa5, 0xe9, 0xa5, 0xe9, 0xa5, 0xe9, 0xa5, 0xe9,
  0xa5, 0xe9, 0xa5, 0xe9, 0xa5, 0xe9, 0xa5, 0xe9, 0xa5, 0xe9, 0xa5, 0xe9, 0xa5, 0xe9, 0xa5, 0xe9,
  0xab, 0xfa, 0x00, 0x00, 0x00, 0x00, 0x00, 0x00, 0x00, 0x00, 0x00, 0x00, 0x00, 0x00, 0x00, 0x00,
  0x00, 0x00, 0x00, 0xf8, 0xa5, 0xe9, 0xa5, 0xe9, 0xa5, 0xe9, 0xa5, 0xe9, 0xa5, 0xe9, 0xa5, 0xe9,
  0xa5, 0xe9, 0xa5, 0xe9, 0xa5, 0xe9, 0xa5, 0xe9, 0xa5, 0xe9, 0xa5, 0xe9, 0xa5, 0xe9, 0xa5, 0xe9,
  0xa5, 0xe9, 0xa5, 0xe9, 0xa5, 0xe9, 0xa5, 0xe9, 0xa5, 0xe9, 0xa5, 0xe9, 0xa5, 0xe9, 0x00, 0x00,
  0x00, 0x00, 0x00, 0x00, 0x00, 0x00, 0x00, 0x00, 0xa5, 0xe9, 0xa5, 0xe9, 0xa5, 0xe9, 0xa5, 0xe9,
  0xa5, 0xe9, 0xa5, 0xe9, 0xa5, 0xe9, 0xa5, 0xe9, 0xa5, 0xe9, 0xa5, 0xe9, 0xa5, 0xe9, 0xa5, 0xe9,
  0xa5, 0xe9, 0xa5, 0xe9, 0xa5, 0xe9, 0xa5, 0xe9, 0xa5, 0xe9, 0xa5, 0xe9, 0x00, 0x00, 0x00, 0x00,
  0x00, 0x00, 0x00, 0x00, 0x04, 0xe2, 0xa5, 0xe9, 0xa5, 0xe9, 0xa5, 0xe9, 0xa5, 0xe9, 0xa6, 0xe9,
  0xa5, 0xe9, 0xa5, 0xe9, 0xa5, 0xe9, 0xa5, 0xe9, 0xa5, 0xe9, 0x00, 0x00, 0x00, 0x00, 0x00, 0x00,
  0xc5, 0xe9, 0xa5, 0xe9, 0xa5, 0xe9, 0xa5, 0xe9, 0xa5, 0xe9, 0xa5, 0xe9, 0xa5, 0xe9, 0xa5, 0xe9,
  0xa5, 0xe9, 0xa5, 0xe9, 0xa5, 0xe9, 0xa5, 0xe9, 0xa5, 0xe9, 0xa5, 0xe9, 0xa5, 0xe9, 0xa5, 0xe9,
  0xa5, 0xe9, 0xa5, 0xe9, 0xa5, 0xe9, 0xa5, 0xe9, 0xa5, 0xe9, 0xa5, 0xe9, 0xa5, 0xe9, 0xa5, 0xe9,
  0xa5, 0xe9, 0xa6, 0xe9, 0x66, 0xe9, 0x00, 0x00, 0x00, 0x00, 0x00, 0x00, 0x00, 0x00, 0x00, 0x00,
  0x00, 0x00, 0x00, 0x00, 0x00, 0x00, 0xa5, 0xe9, 0xa5, 0xe9, 0xa5, 0xe9, 0xa5, 0xe9, 0xa5, 0xe9,
  0xa5, 0xe9, 0xa5, 0xe9, 0xa5, 0xe9, 0xa5, 0xe9, 0xa5, 0xe9, 0xa5, 0xe9, 0xa5, 0xe9, 0xa5, 0xe9,
  0xa5, 0xe9, 0xa5, 0xe9, 0xa5, 0xe9, 0xa5, 0xe9, 0xa5, 0xe9, 0xa5, 0xe9, 0xa5, 0xe9, 0x86, 0xe9,
  0x00, 0x00, 0x00, 0x00, 0x00, 0x00, 0x00, 0x00, 0x00, 0x00, 0xa5, 0xe9, 0xa5, 0xe9, 0xa5, 0xe9,
  0xa5, 0xe9, 0xa5, 0xe9, 0xa5, 0xe9, 0xa5, 0xe9, 0xa5, 0xe9, 0xa5, 0xe9, 0xa5, 0xe9, 0xa5, 0xe9,
  0xa5, 0xe9, 0xa5, 0xe9, 0xa5, 0xe9, 0xa5, 0xe9, 0xa5, 0xe9, 0xa6, 0xe9, 0x00, 0x00, 0x00, 0x00,
  0x00, 0x00, 0x00, 0x00, 0x00, 0x00, 0xa5, 0xe9, 0xa5, 0xe9, 0xa5, 0xe9, 0xa5, 0xe9, 0xa5, 0xe9,
  0xa6, 0xe9, 0xa5, 0xe9, 0xa5, 0xe9, 0xa5, 0xe9, 0xc5, 0xe9, 0x00, 0x00, 0x00, 0x00, 0x00, 0x00,
  0x00, 0x00, 0xa5, 0xe9, 0xa5, 0xe9, 0xa5, 0xe9, 0xa5, 0xe9, 0xa5, 0xe9, 0xa5, 0xe9, 0xa5, 0xe9,
  0xa5, 0xe9, 0xa5, 0xe9, 0xa5, 0xe9, 0xa5, 0xe9, 0xa5, 0xe9, 0xa5, 0xe9, 0xa5, 0xe9, 0xa5, 0xe9,
  0xa5, 0xe9, 0xa5, 0xe9, 0xa5, 0xe9, 0xa5, 0xe9, 0xa5, 0xe9, 0xa5, 0xe9, 0xa5, 0xe9, 0xa5, 0xe9,
  0xa5, 0xe9, 0xa5, 0xe9, 0xa5, 0xe9, 0xa6, 0xe9, 0x65, 0xe9, 0x00, 0x00, 0x00, 0x00, 0x00, 0x00,
  0x00, 0x00, 0x00, 0x00, 0x00, 0x00, 0x00, 0x00, 0xa5, 0xe9, 0xa5, 0xe9, 0xa5, 0xe9, 0xa5, 0xe9,
  0xa5, 0xe9, 0xa5, 0xe9, 0xa5, 0xe9, 0xa5, 0xe9, 0xa5, 0xe9, 0xa5, 0xe9, 0xa5, 0xe9, 0xa5, 0xe9,
  0xa5, 0xe9, 0xa5, 0xe9, 0xa5, 0xe9, 0xa5, 0xe9, 0xa5, 0xe9, 0xa5, 0xe9, 0xa5, 0xe9, 0xa5, 0xe9,
  0x00, 0x00, 0x00, 0x00, 0x00, 0x00, 0x00, 0x00, 0x00, 0x00, 0xa6, 0xf9, 0xa5, 0xe9, 0xa5, 0xe9,
  0xa5, 0xe9, 0xa5, 0xe9, 0xa5, 0xe9, 0xa5, 0xe9, 0xa5, 0xe9, 0xa5, 0xe9, 0xa5, 0xe9, 0xa5, 0xe9,
  0xa5, 0xe9, 0xa5, 0xe9, 0xa5, 0xe9, 0xa5, 0xe9, 0xa5, 0xe9, 0xa5, 0xe9, 0xc4, 0xf1, 0x00, 0x00,
  0x00, 0x00, 0x00, 0x00, 0x00, 0x00, 0xa6, 0xe9, 0xa5, 0xe9, 0xa5, 0xe9, 0xa5, 0xe9, 0xa5, 0xe9,
  0xa5, 0xe9, 0xa5, 0xe9, 0xa5, 0xe9, 0xa5, 0xe9, 0xa5, 0xe9, 0x00, 0x00, 0x00, 0x00, 0x00, 0x00,
  0x00, 0x00, 0xa6, 0xe9, 0xa5, 0xe9, 0xa5, 0xe9, 0xa5, 0xe9, 0xa5, 0xe9, 0xa5, 0xe9, 0xa5, 0xe9,
  0xa5, 0xe9, 0xa5, 0xe9, 0xa5, 0xe9, 0xa5, 0xe9, 0xa5, 0xe9, 0xa5, 0xe9, 0xa5, 0xe9, 0xa5, 0xe9,
  0xa5, 0xe9, 0xa5, 0xe9, 0xa5, 0xe9, 0xa5, 0xe9, 0xa5, 0xe9, 0xa5, 0xe9, 0xa5, 0xe9, 0xa5, 0xe9,
  0xa5, 0xe9, 0xa5, 0xe9, 0xa5, 0xe9, 0xa5, 0xe9, 0xa5, 0xe9, 0xa6, 0xe9, 0x00, 0x00, 0x00, 0x00,
  0x00, 0x00, 0x00, 0x00, 0x00, 0x00, 0x00, 0x00, 0x00, 0x00, 0x86, 0xe9, 0xa5, 0xe9, 0xa5, 0xe9,
  0xa5, 0xe9, 0xa5, 0xe9, 0xa5, 0xe9, 0xa5, 0xe9, 0xa5, 0xe9, 0xa5, 0xe9, 0xa5, 0xe9, 0xa5, 0xe9,
  0xa5, 0xe9, 0xa5, 0xe9, 0xa5, 0xe9, 0xa5, 0xe9, 0xa5, 0xe9, 0xa5, 0xe9, 0xa5, 0xe9, 0xa5, 0xe9,
  0xa6, 0xe9, 0x00, 0x00, 0x00, 0x00, 0x00, 0x00, 0x00, 0x00, 0x00, 0x00, 0xa6, 0xe9, 0xa5, 0xe9,
  0xa5, 0xe9, 0xa5, 0xe9, 0xa5, 0xe9, 0xa5, 0xe9, 0xa5, 0xe9, 0xa5, 0xe9, 0xa5, 0xe9, 0xa5, 0xe9,
  0xa5, 0xe9, 0xa5, 0xe9, 0xa5, 0xe9, 0xa5, 0xe9, 0xa5, 0xe9, 0xa5, 0xe9, 0xa5, 0xe9, 0x00, 0x00,
  0x00, 0x00, 0x00, 0x00, 0x00, 0x00, 0x00, 0x00, 0xa5, 0xe9, 0xa5, 0xe9, 0xa5, 0xe9, 0xa5, 0xe9,
  0xa5, 0xe9, 0xa5, 0xe9, 0xa5, 0xe9, 0xa5, 0xe9, 0xa6, 0xe9, 0x00, 0x00, 0x00, 0x00, 0x00, 0x00,
  0x00, 0x00, 0x00, 0x00, 0xa6, 0xe9, 0xa5, 0xe9, 0xa5, 0xe9, 0xa5, 0xe9, 0xa5, 0xe9, 0xa5, 0xe9,
  0xa5, 0xe9, 0xa5, 0xe9, 0xa5, 0xe9, 0xa5, 0xe9, 0xa5, 0xe9, 0xa5, 0xe9, 0xa5, 0xe9, 0xa5, 0xe9,
  0xa5, 0xe9, 0xa5, 0xe9, 0xa5, 0xe9, 0xa5, 0xe9, 0xa5, 0xe9, 0xa5, 0xe9, 0xa5, 0xe9, 0xa5, 0xe9,
  0xa5, 0xe9, 0xa5, 0xe9, 0xa5, 0xe9, 0xa5, 0xe9, 0xa5, 0xe9, 0xa5, 0xe9, 0xa6, 0xe9, 0x66, 0xe9,
  0x00, 0x00, 0x00, 0x00, 0x00, 0x00, 0x00, 0x00, 0x00, 0x00, 0x00, 0x00, 0xc4, 0xf1, 0xa6, 0xe9,
  0xa5, 0xe9, 0xa5, 0xe9, 0xa5, 0xe9, 0xa5, 0xe9, 0xa5, 0xe9, 0xa5, 0xe9, 0xa5, 0xe9, 0xa5, 0xe9,
  0xa5, 0xe9, 0xa5, 0xe9, 0xa5, 0xe9, 0xa5, 0xe9, 0xa5, 0xe9, 0xa5, 0xe9, 0xa5, 0xe9, 0xa5, 0xe9,
  0xa5, 0xe9, 0xa6, 0xf9, 0x00, 0x00, 0x00, 0x00, 0x00, 0x00, 0x00, 0x00, 0x00, 0xf8, 0xa6, 0xe9,
  0xa5, 0xe9, 0xa5, 0xe9, 0xa5, 0xe9, 0xa5, 0xe9, 0xa5, 0xe9, 0xa5, 0xe9, 0xa5, 0xe9, 0xa5, 0xe9,
  0xa5, 0xe9, 0xa5, 0xe9, 0xa5, 0xe9, 0xa5, 0xe9, 0xa5, 0xe9, 0xa5, 0xe9, 0xa5, 0xe9, 0x00, 0x00,
  0x00, 0x00, 0x00, 0x00, 0x00, 0x00, 0x00, 0x00, 0xa5, 0xe9, 0xc6, 0xe9, 0x00, 0x00, 0x00, 0x00,
  0xa5, 0xe9, 0xa5, 0xe9, 0xa5, 0xe9, 0xa5, 0xe9, 0xa5, 0xe9, 0x00, 0x00, 0x00, 0x00, 0x00, 0x00,
  0x00, 0x00, 0x00, 0x00, 0xa5, 0xe1, 0xa5, 0xe9, 0xa5, 0xe9, 0xa5, 0xe9, 0xa5, 0xe9, 0xa5, 0xe9,
  0xa5, 0xe9, 0xa5, 0xe9, 0xa5, 0xe9, 0xa5, 0xe9, 0xa5, 0xe9, 0xa5, 0xe9, 0xa5, 0xe9, 0xa5, 0xe9,
  0xa5, 0xe9, 0xa5, 0xe9, 0xa5, 0xe9, 0xa5, 0xe9, 0xa5, 0xe9, 0xa5, 0xe9, 0xa5, 0xe9, 0xa5, 0xe9,
  0xa5, 0xe9, 0xa5, 0xe9, 0xa5, 0xe9, 0xa5, 0xe9, 0xa5, 0xe9, 0xa5, 0xe9, 0xa5, 0xe9, 0xa5, 0xe9,
  0xa6, 0xe9, 0x00, 0x00, 0x00, 0x00, 0x00, 0x00, 0x00, 0x00, 0x00, 0x00, 0x00, 0x00, 0xa5, 0xe9,
  0xa5, 0xe9, 0xa5, 0xe9, 0xa5, 0xe9, 0xa5, 0xe9, 0xa5, 0xe9, 0xa5, 0xe9, 0xa5, 0xe9, 0xa5, 0xe9,
  0xa5, 0xe9, 0xa5, 0xe9, 0xa5, 0xe9, 0xa5, 0xe9, 0xa5, 0xe9, 0xa5, 0xe9, 0xa5, 0xe9, 0xa5, 0xe9,
  0xa5, 0xe9, 0xa5, 0xe9, 0x00, 0x00, 0x00, 0x00, 0x00, 0x00, 0x00, 0x00, 0x00, 0x00, 0xa5, 0xe9,
  0xa5, 0xe9, 0xa5, 0xe9, 0xa5, 0xe9, 0xa5, 0xe9, 0xa5, 0xe9, 0xa5, 0xe9, 0xa5, 0xe9, 0xa5, 0xe9,
  0xa5, 0xe9, 0xa5, 0xe9, 0xa5, 0xe9, 0xa5, 0xe9, 0xa5, 0xe9, 0xa5, 0xe9, 0xa5, 0xe9, 0xa6, 0xe9,
  0x00, 0x00, 0x00, 0x00, 0x00, 0x00, 0x00, 0x00, 0x00, 0x00, 0x00, 0x00, 0x00, 0x00, 0x00, 0x00,
  0xa5, 0xe9, 0xa5, 0xe9, 0xa5, 0xe9, 0xa5, 0xe9, 0xa5, 0xe9, 0x00, 0x00, 0x00, 0x00, 0x00, 0x00,
  0x00, 0x00, 0x00, 0x00, 0x00, 0x00, 0xa5, 0xe9, 0xa5, 0xe9, 0xa5, 0xe9, 0xa5, 0xe9, 0xa5, 0xe9,
  0xa5, 0xe9, 0xa5, 0xe9, 0xa5, 0xe9, 0xa5, 0xe9, 0xa5, 0xe9, 0xa5, 0xe9, 0xa5, 0xe9, 0xa5, 0xe9,
  0xa5, 0xe9, 0xa5, 0xe9, 0xa5, 0xe9, 0xa5, 0xe9, 0xa5, 0xe9, 0xa5, 0xe9, 0xa5, 0xe9, 0xa5, 0xe9,
  0xa5, 0xe9, 0xa5, 0xe9, 0xa5, 0xe9, 0xa5, 0xe9, 0xa5, 0xe9, 0xa5, 0xe9, 0xa5, 0xe9, 0xa5, 0xe9,
  0xa5, 0xe9, 0xa5, 0xe9, 0x00, 0x00, 0x00, 0x00, 0x00, 0x00, 0x00, 0x00, 0x00, 0x00, 0x00, 0x00,
  0xc5, 0xe9, 0xa5, 0xe9, 0xa5, 0xe9, 0xa5, 0xe9, 0xa5, 0xe9, 0xa5, 0xe9, 0xa5, 0xe9, 0xa5, 0xe9,
  0xa5, 0xe9, 0xa5, 0xe9, 0xa5, 0xe9, 0xa5, 0xe9, 0xa5, 0xe9, 0xa5, 0xe9, 0xa5, 0xe9, 0xa5, 0xe9,
  0xa5, 0xe9, 0xa5, 0xe9, 0x66, 0xe9, 0x00, 0x00, 0x00, 0x00, 0x00, 0x00, 0x00, 0x00, 0xab, 0xfa,
  0xa5, 0xe9, 0xa5, 0xe9, 0xa5, 0xe9, 0xa5, 0xe9, 0xa5, 0xe9, 0xa5, 0xe9, 0xa5, 0xe9, 0xa5, 0xe9,
  0xa5, 0xe9, 0xa5, 0xe9, 0xa5, 0xe9, 0xa5, 0xe9, 0xa5, 0xe9, 0xa5, 0xe9, 0xa5, 0xe9, 0xa5, 0xe9,
  0x00, 0x00, 0x00, 0x00, 0x00, 0x00, 0x00, 0x00, 0x00, 0x00, 0x00, 0x00, 0x00, 0x00, 0x00, 0x00,
  0xa5, 0xe9, 0xa5, 0xe9, 0xa5, 0xe9, 0xa5, 0xe9, 0xa5, 0xe9, 0x00, 0x00, 0x00, 0x00, 0x00, 0x00,
  0x00, 0x00, 0x00, 0x00, 0x00, 0x00, 0x00, 0xf8, 0xa6, 0xe9, 0xa5, 0xe9, 0xa5, 0xe9, 0xa5, 0xe9,
  0xa5, 0xe9, 0xa5, 0xe9, 0xa5, 0xe9, 0xa5, 0xe9, 0xa5, 0xe9, 0xa5, 0xe9, 0xa5, 0xe9, 0xa5, 0xe9,
  0xa5, 0xe9, 0xa5, 0xe9, 0xa5, 0xe9, 0xa5, 0xe9, 0xa5, 0xe9, 0xa5, 0xe9, 0xa5, 0xe9, 0xa5, 0xe9,
  0xa5, 0xe9, 0xa5, 0xe9, 0xa5, 0xe9, 0xa5, 0xe9, 0xa5, 0xe9, 0xa5, 0xe9, 0xa5, 0xe9, 0xa5, 0xe9,
  0xa5, 0xe9, 0xa5, 0xe9, 0xa5, 0xe9, 0x00, 0x00, 0x00, 0x00, 0x00, 0x00, 0x00, 0x00, 0x00, 0x00,
  0x00, 0x00, 0xa5, 0xe9, 0xa5, 0xe9, 0xa5, 0xe9, 0xa5, 0xe9, 0xa5, 0xe9, 0xa5, 0xe9, 0xa5, 0xe9,
  0xa5, 0xe9, 0xa5, 0xe9, 0xa5, 0xe9, 0xa5, 0xe9, 0xa5, 0xe9, 0xa5, 0xe9, 0xa5, 0xe9, 0xa5, 0xe9,
  0xa5, 0xe9, 0xa5, 0xe9, 0xa6, 0xe9, 0x00, 0x00, 0x00, 0x00, 0x00, 0x00, 0x00, 0x00, 0x00, 0x00,
  0xa6, 0xe9, 0xa5, 0xe9, 0xa5, 0xe9, 0xa5, 0xe9, 0xa5, 0xe9, 0xa5, 0xe9, 0xa5, 0xe9, 0xa5, 0xe9,
  0xa5, 0xe9, 0xa5, 0xe9, 0xa5, 0xe9, 0xa5, 0xe9, 0xa5, 0xe9, 0xa5, 0xe9, 0xa5, 0xe9, 0xa5, 0xe9,
  0x00, 0x00, 0x00, 0x00, 0x00, 0x00, 0x00, 0x00, 0x00, 0x00, 0x00, 0x00, 0x00, 0x00, 0x00, 0x00,
  0x65, 0xe9, 0xa5, 0xe9, 0xa5, 0xe9, 0xa5, 0xe9, 0xa5, 0xe9, 0x00, 0xf8, 0x00, 0x00, 0x00, 0x00,
  0x00, 0x00, 0x00, 0x00, 0x00, 0x00, 0x00, 0x00, 0x65, 0xd9, 0xa5, 0xe9, 0xa5, 0xe9, 0xa5, 0xe9,
  0xa5, 0xe9, 0xa5, 0xe9, 0xa5, 0xe9, 0xa5, 0xe9, 0xa5, 0xe9, 0xa5, 0xe9, 0xa5, 0xe9, 0xa5, 0xe9,
  0xa5, 0xe9, 0xa5, 0xe9, 0xa5, 0xe9, 0xa5, 0xe9, 0xa5, 0xe9, 0xa5, 0xe9, 0xa5, 0xe9, 0xa5, 0xe9,
  0xa5, 0xe9, 0xa5, 0xe9, 0xa5, 0xe9, 0xa5, 0xe9, 0xa5, 0xe9, 0xa5, 0xe9, 0xa5, 0xe9, 0xa5, 0xe9,
  0xa5, 0xe9, 0xa5, 0xe9, 0xa5, 0xe9, 0xa5, 0xe9, 0x00, 0x00, 0x00, 0x00, 0x00, 0x00, 0x00, 0x00,
  0x00, 0x00, 0x00, 0x00, 0xa5, 0xe9, 0xa5, 0xe9, 0xa5, 0xe9, 0xa5, 0xe9, 0xa5, 0xe9, 0xa5, 0xe9,
  0xa5, 0xe9, 0xa5, 0xe9, 0xa5, 0xe9, 0xa5, 0xe9, 0xa5, 0xe9, 0xa5, 0xe9, 0xa5, 0xe9, 0xa5, 0xe9,
  0xa5, 0xe9, 0xa5, 0xe9, 0xa5, 0xe9, 0x65, 0xd9, 0x00, 0x00, 0x00, 0x00, 0x00, 0x00, 0x00, 0x00,
  0xc4, 0xf1, 0xa5, 0xe9, 0xa5, 0xe9, 0xa5, 0xe9, 0xa5, 0xe9, 0xa5, 0xe9, 0xa5, 0xe9, 0xa5, 0xe9,
  0xa5, 0xe9, 0xa5, 0xe9, 0xa5, 0xe9, 0xa5, 0xe9, 0xa5, 0xe9, 0xa5, 0xe9, 0xa5, 0xe9, 0xa5, 0xe9,
  0xa5, 0xe9, 0x00, 0x00, 0x00, 0x00, 0x00, 0x00, 0x00, 0x00, 0x00, 0x00, 0x00, 0x00, 0x00, 0x00,
  0x00, 0x00, 0xa5, 0xe9, 0xa5, 0xe9, 0xa5, 0xe9, 0xa5, 0xe9, 0xc5, 0xe9, 0x00, 0x00, 0x00, 0x00,
  0x00, 0x00, 0x00, 0x00, 0x00, 0x00, 0x00, 0x00, 0x00, 0x00, 0xab, 0xfa, 0xa6, 0xe9, 0xa5, 0xe9,
  0xa5, 0xe9, 0xa5, 0xe9, 0xa5, 0xe9, 0xa5, 0xe9, 0xa5, 0xe9, 0xa5, 0xe9, 0xa5, 0xe9, 0xa5, 0xe9,
  0xa5, 0xe9, 0xa5, 0xe9, 0xa5, 0xe9, 0xa5, 0xe9, 0xa5, 0xe9, 0xa5, 0xe9, 0xa5, 0xe9, 0xa5, 0xe9,
  0xa5, 0xe9, 0xa5, 0xe9, 0xa5, 0xe9, 0xa5, 0xe9, 0xa5, 0xe9, 0xa5, 0xe9, 0xa5, 0xe9, 0xa5, 0xe9,
  0xa5, 0xe9, 0xa5, 0xe9, 0xa5, 0xe9, 0xa5, 0xe9, 0xc5, 0xe9, 0x00, 0x00, 0x00, 0x00, 0x00, 0x00,
  0x00, 0x00, 0x00, 0x00, 0x65, 0xd9, 0xa5, 0xe9, 0xa5, 0xe9, 0xa5, 0xe9, 0xa5, 0xe9, 0xa5, 0xe9,
  0xa5, 0xe9, 0xa5, 0xe9, 0xa5, 0xe9, 0xa5, 0xe9, 0xa5, 0xe9, 0xa5, 0xe9, 0xa5, 0xe9, 0xa5, 0xe9,
  0xa5, 0xe9, 0xa5, 0xe9, 0xa5, 0xe9, 0xa5, 0xe9, 0x00, 0x00, 0x00, 0x00, 0x00, 0x00, 0x00, 0x00,
  0x00, 0x00, 0xa5, 0xe9, 0xa5, 0xe9, 0xa5, 0xe9, 0xa5, 0xe9, 0xa5, 0xe9, 0xa5, 0xe9, 0xa5, 0xe9,
  0xa5, 0xe9, 0xa5, 0xe9, 0xa5, 0xe9, 0xa5, 0xe9, 0xa5, 0xe9, 0xa5, 0xe9, 0xa5, 0xe9, 0xa5, 0xe9,
  0xa5, 0xe9, 0x00, 0x00, 0x00, 0x00, 0x00, 0x00, 0x00, 0x00, 0x00, 0x00, 0x00, 0x00, 0x00, 0x00,
  0x00, 0x00, 0xa5, 0xe9, 0xa5, 0xe9, 0xa5, 0xe9, 0xa5, 0xe9, 0xa5, 0xe9, 0x00, 0x00, 0x00, 0x00,
  0x00, 0x00, 0x00, 0x00, 0x00, 0x00, 0x00, 0x00, 0x00, 0x00, 0x00, 0x00, 0x00, 0x00, 0xa5, 0xe9,
  0xa5, 0xe9, 0xa5, 0xe9, 0xa5, 0xe9, 0xa5, 0xe9, 0xa5, 0xe9, 0xa5, 0xe9, 0xa5, 0xe9, 0xa5, 0xe9,
  0xa5, 0xe9, 0xa5, 0xe9, 0xa5, 0xe9, 0xa5, 0xe9, 0xa5, 0xe9, 0xa5, 0xe9, 0xa5, 0xe9, 0xa5, 0xe9,
  0xa5, 0xe9, 0xa5, 0xe9, 0xa5, 0xe9, 0xa5, 0xe9, 0xa5, 0xe9, 0xa5, 0xe9, 0xa5, 0xe9, 0xa5, 0xe9,
  0xa5, 0xe9, 0xa5, 0xe9, 0xa5, 0xe9, 0xa5, 0xe9, 0xa5, 0xe9, 0xa6, 0xe9, 0x00, 0x00, 0x00, 0x00,
  0x00, 0x00, 0x00, 0x00, 0x00, 0x00, 0xa5, 0xe9, 0xa5, 0xe9, 0xa5, 0xe9, 0xa5, 0xe9, 0xa5, 0xe9,
  0xa5, 0xe9, 0xa5, 0xe9, 0xa5, 0xe9, 0xa5, 0xe9, 0xa5, 0xe9, 0xa5, 0xe9, 0xa5, 0xe9, 0xa5, 0xe9,
  0xa5, 0xe9, 0xa5, 0xe9, 0xa5, 0xe9, 0xa5, 0xe9, 0x00, 0x00, 0x00, 0x00, 0x00, 0x00, 0x00, 0x00,
  0x00, 0x00, 0xa5, 0xe9, 0xa5, 0xe9, 0xa5, 0xe9, 0xa5, 0xe9, 0xa5, 0xe9, 0xa5, 0xe9, 0xa5, 0xe9,
  0xa5, 0xe9, 0xa5, 0xe9, 0xa5, 0xe9, 0xa5, 0xe9, 0xa5, 0xe9, 0xa5, 0xe9, 0xa5, 0xe9, 0xa5, 0xe9,
  0xa5, 0xe9, 0x00, 0x00, 0x00, 0x00, 0x00, 0x00, 0x00, 0x00, 0x00, 0x00, 0x00, 0x00, 0x00, 0x00,
  0x00, 0x00, 0xa5, 0xe9, 0xa5, 0xe9, 0xa5, 0xe9, 0xa5, 0xe9, 0xa5, 0xe9, 0x00, 0x00, 0x00, 0x00,
  0x00, 0x00, 0x00, 0x00, 0x00, 0x00, 0x00, 0x00, 0x00, 0x00, 0x00, 0x00, 0x00, 0x00, 0x00, 0x00,
  0xa6, 0xe9, 0xa5, 0xe9, 0xa5, 0xe9, 0xa5, 0xe9, 0xa5, 0xe9, 0xa5, 0xe9, 0xa5, 0xe9, 0xa5, 0xe9,
  0xa5, 0xe9, 0xa5, 0xe9, 0xa5, 0xe9, 0xa5, 0xe9, 0xa5, 0xe9, 0xa5, 0xe9, 0xa5, 0xe9, 0xa5, 0xe9,
  0xa5, 0xe9, 0xa5, 0xe9, 0xa5, 0xe9, 0xa5, 0xe9, 0xa5, 0xe9, 0xa5, 0xe9, 0xa5, 0xe9, 0xa5, 0xe9,
  0xa5, 0xe9, 0xa5, 0xe9, 0xa5, 0xe9, 0xa5, 0xe9, 0xa5, 0xe9, 0xa5, 0xe9, 0x24, 0xd9, 0x00, 0x00,
  0x00, 0x00, 0x00, 0x00, 0x00, 0x00, 0x00, 0x00, 0xa5, 0xe9, 0xa5, 0xe9, 0xa5, 0xe9, 0xa5, 0xe9,
  0xa5, 0xe9, 0xa5, 0xe9, 0xa5, 0xe9, 0xa5, 0xe9, 0xa5, 0xe9, 0xa5, 0xe9, 0xa5, 0xe9, 0xa5, 0xe9,
  0xa5, 0xe9, 0xa5, 0xe9, 0xa5, 0xe9, 0xa5, 0xe9, 0xc6, 0xe9, 0x00, 0x00, 0x00, 0x00, 0x00, 0x00,
  0x00, 0x00, 0x00, 0xf8, 0xa5, 0xe9, 0xa5, 0xe9, 0xa5, 0xe9, 0xa5, 0xe9, 0xa5, 0xe9, 0xa5, 0xe9,
  0xa5, 0xe9, 0xa5, 0xe9, 0xa5, 0xe9, 0xa5, 0xe9, 0xa5, 0xe9, 0xa5, 0xe9, 0xa5, 0xe9, 0xa5, 0xe9,
  0xa5, 0xe9, 0xa6, 0xe9, 0x00, 0x00, 0x00, 0x00, 0x00, 0x00, 0x00, 0x00, 0x00, 0x00, 0x00, 0x00,
  0x00, 0x00, 0xa5, 0xe9, 0xa5, 0xe9, 0xa5, 0xe9, 0xa5, 0xe9, 0xa5, 0xe9, 0x00, 0xf8, 0x00, 0x00,
  0x00, 0x00, 0x00, 0x00, 0x00, 0x00, 0x00, 0x00, 0x00, 0x00, 0x00, 0x00, 0x00, 0x00, 0x00, 0x00,
  0x00, 0x00, 0x00, 0x00, 0xa6, 0xf9, 0xa5, 0xe9, 0xa5, 0xe9, 0xa5, 0xe9, 0xa5, 0xe9, 0xa5, 0xe9,
  0xa5, 0xe9, 0xa5, 0xe9, 0xa5, 0xe9, 0xa5, 0xe9, 0xa5, 0xe9, 0xa5, 0xe9, 0xa5, 0xe9, 0xa5, 0xe9,
  0xa5, 0xe9, 0xa5, 0xe9, 0xa5, 0xe9, 0xa5, 0xe9, 0xa5, 0xe9, 0xa5, 0xe9, 0xa5, 0xe9, 0xa5, 0xe9,
  0xa5, 0xe9, 0xa5, 0xe9, 0xa5, 0xe9, 0xa5, 0xe9, 0xa5, 0xe9, 0xa5, 0xe9, 0xa5, 0xe9, 0x00, 0x00,
  0x00, 0x00, 0x00, 0x00, 0x00, 0x00, 0x00, 0x00, 0xc6, 0xe9, 0xa5, 0xe9, 0xa5, 0xe9, 0xa5, 0xe9,
  0xa5, 0xe9, 0xa5, 0xe9, 0xa5, 0xe9, 0xa5, 0xe9, 0xa5, 0xe9, 0xa5, 0xe9, 0xa5, 0xe9, 0xa5, 0xe9,
  0xa5, 0xe9, 0xa5, 0xe9, 0xa5, 0xe9, 0xa5, 0xe9, 0xa5, 0xe9, 0x00, 0x00, 0x00, 0x00, 0x00, 0x00,
  0x00, 0x00, 0x00, 0x00, 0xa5, 0xe9, 0xa5, 0xe9, 0xa5, 0xe9, 0xa5, 0xe9, 0xa5, 0xe9, 0xa5, 0xe9,
  0xa5, 0xe9, 0xa5, 0xe9, 0xa5, 0xe9, 0xa5, 0xe9, 0xa5, 0xe9, 0xa5, 0xe9, 0xa5, 0xe9, 0xa5, 0xe9,
  0xa5, 0xe9, 0xa5, 0xe9, 0x00, 0x00, 0x00, 0x00, 0x00, 0x00, 0x00, 0x00, 0x00, 0x00, 0x00, 0x00,
  0x00, 0x00, 0x00, 0x00, 0xa5, 0xe9, 0xa5, 0xe9, 0xa5, 0xe9, 0xa5, 0xe9, 0xa5, 0xe9, 0x00, 0x00,
  0x00, 0x00, 0x00, 0x00, 0x00, 0x00, 0x00, 0x00, 0x00, 0x00, 0x00, 0x00, 0x00, 0x00, 0x00, 0x00,
  0x00, 0x00, 0x00, 0x00, 0x00, 0x00, 0x00, 0x00, 0x00, 0x00, 0x00, 0x00, 0x00, 0x00, 0x85, 0xe9,
  0xa5, 0xe9, 0xa5, 0xe9, 0xa5, 0xe9, 0xa5, 0xe9, 0xa5, 0xe9, 0xa5, 0xe9, 0xa5, 0xe9, 0xa5, 0xe9,
  0xa5, 0xe9, 0xa5, 0xe9, 0xa5, 0xe9, 0xa5, 0xe9, 0xa5, 0xe9, 0xa5, 0xe9, 0xa5, 0xe9, 0xa5, 0xe9,
  0xa5, 0xe9, 0xa5, 0xe9, 0xa5, 0xe9, 0xa5, 0xe9, 0xa5, 0xe9, 0xa5, 0xe9, 0xa5, 0xe9, 0xa6, 0xe9,
  0x00, 0x00, 0x00, 0x00, 0x00, 0x00, 0x00, 0x00, 0x00, 0x00, 0xa6, 0xe9, 0xa5, 0xe9, 0xa5, 0xe9,
  0xa5, 0xe9, 0xa5, 0xe9, 0xa5, 0xe9, 0xa5, 0xe9, 0xa5, 0xe9, 0xa5, 0xe9, 0xa5, 0xe9, 0xa5, 0xe9,
  0xa5, 0xe9, 0xa5, 0xe9, 0xa5, 0xe9, 0xa5, 0xe9, 0xa5, 0xe9, 0x00, 0xf8, 0x00, 0x00, 0x00, 0x00,
  0x00, 0x00, 0x00, 0x00, 0xa6, 0xe9, 0xa5, 0xe9, 0xa5, 0xe9, 0xa5, 0xe9, 0xa5, 0xe9, 0xa5, 0xe9,
  0xa5, 0xe9, 0xa5, 0xe9, 0xa5, 0xe9, 0xa5, 0xe9, 0xa5, 0xe9, 0xa5, 0xe9, 0xa5, 0xe9, 0xa5, 0xe9,
  0xa5, 0xe9, 0xa5, 0xe9, 0x00, 0x00, 0x00, 0x00, 0x00, 0x00, 0x00, 0x00, 0x00, 0x00, 0x00, 0x00,
  0x00, 0x00, 0x00, 0x00, 0xa6, 0xe9, 0xa5, 0xe9, 0xa5, 0xe9, 0xa5, 0xe9, 0xa5, 0xe9, 0x00, 0x00,
  0x00, 0x00, 0x00, 0x00, 0x00, 0x00, 0x00, 0x00, 0x00, 0x00, 0x00, 0x00, 0x00, 0x00, 0x00, 0x00,
  0x00, 0x00, 0x00, 0x00, 0x00, 0x00, 0x00, 0x00, 0x00, 0x00, 0x00, 0x00, 0x00, 0x00, 0x00, 0x00,
  0x00, 0x00, 0x00, 0x00, 0x00, 0x00, 0xa5, 0xe9, 0xa5, 0xe9, 0xa5, 0xe9, 0xa5, 0xe9, 0xa5, 0xe9,
  0xa5, 0xe9, 0xa5, 0xe9, 0xa5, 0xe9, 0xa5, 0xe9, 0xa5, 0xe9, 0xa5, 0xe9, 0xa5, 0xe9, 0xa5, 0xe9,
  0xa5, 0xe9, 0xa5, 0xe9, 0xa5, 0xe9, 0xa5, 0xe9, 0xa5, 0xe9, 0xa5, 0xe9, 0xa5, 0xe9, 0xa5, 0xe9,
  0x00, 0xf8, 0x00, 0x00, 0x00, 0x00, 0x00, 0x00, 0x00, 0x00, 0xc6, 0xe1, 0xa5, 0xe9, 0xa5, 0xe9,
  0xa5, 0xe9, 0xa5, 0xe9, 0xa5, 0xe9, 0xa5, 0xe9, 0xa5, 0xe9, 0xa5, 0xe9, 0xa5, 0xe9, 0xa5, 0xe9,
  0xa5, 0xe9, 0xa5, 0xe9, 0xa5, 0xe9, 0xa5, 0xe9, 0xa5, 0xe9, 0xc6, 0xe9, 0x00, 0x00, 0x00, 0x00,
  0x00, 0x00, 0x00, 0x00, 0x04, 0xe2, 0xa5, 0xe9, 0xa5, 0xe9, 0xa5, 0xe9, 0xa5, 0xe9, 0xa5, 0xe9,
  0xa5, 0xe9, 0xa5, 0xe9, 0xa5, 0xe9, 0xa5, 0xe9, 0xa5, 0xe9, 0xa5, 0xe9, 0xa5, 0xe9, 0xa5, 0xe9,
  0xa5, 0xe9, 0xa5, 0xe9, 0x00, 0x00, 0x00, 0x00, 0x00, 0x00, 0x00, 0x00, 0x00, 0x00, 0x00, 0x00,
  0x00, 0x00, 0x00, 0x00, 0xa5, 0xe9, 0xa5, 0xe9, 0xa5, 0xe9, 0xa5, 0xe9, 0xa5, 0xe9, 0x24, 0xd9,
  0x00, 0x00, 0x00, 0x00, 0x00, 0x00, 0x00, 0x00, 0x00, 0x00, 0x00, 0x00, 0x00, 0x00, 0x00, 0x00,
  0x00, 0x00, 0x00, 0x00, 0x00, 0x00, 0x00, 0x00, 0x00, 0x00, 0x00, 0x00, 0x00, 0x00, 0x00, 0x00,
  0x00, 0x00, 0x00, 0x00, 0x00, 0x00, 0x00, 0x00, 0x00, 0x00, 0xa5, 0xe9, 0xa5, 0xe9, 0xa5, 0xe9,
  0xa5, 0xe9, 0xa5, 0xe9, 0xa5, 0xe9, 0xa5, 0xe9, 0xa5, 0xe9, 0xa5, 0xe9, 0xa5, 0xe9, 0xa5, 0xe9,
  0xa5, 0xe9, 0xa5, 0xe9, 0xa5, 0xe9, 0xa5, 0xe9, 0xa5, 0xe9, 0xa5, 0xe9, 0xa5, 0xe9, 0xa5, 0xe9,
  0xa6, 0xe9, 0x00, 0x00, 0x00, 0x00, 0x00, 0x00, 0x00, 0x00, 0x00, 0x00, 0xa5, 0xe9, 0xa5, 0xe9,
  0xa5, 0xe9, 0xa5, 0xe9, 0xa5, 0xe9, 0xa5, 0xe9, 0xa5, 0xe9, 0xa5, 0xe9, 0xa5, 0xe9, 0xa5, 0xe9,
  0xa5, 0xe9, 0xa5, 0xe9, 0xa5, 0xe9, 0xa5, 0xe9, 0xa5, 0xe9, 0xa5, 0xe9, 0x00, 0x00, 0x00, 0x00,
  0x00, 0x00, 0x00, 0x00, 0x00, 0x00, 0xa5, 0xe9, 0xa5, 0xe9, 0xa5, 0xe9, 0xa5, 0xe9, 0xa5, 0xe9,
  0xa5, 0xe9, 0xa5, 0xe9, 0xa5, 0xe9, 0xa5, 0xe9, 0xa5, 0xe9, 0xa5, 0xe9, 0xa5, 0xe9, 0xa5, 0xe9,
  0xa5, 0xe9, 0xa5, 0xe9, 0x00, 0xf8, 0x00, 0x00, 0x00, 0x00, 0x00, 0x00, 0x00, 0x00, 0x00, 0x00,
  0x00, 0x00, 0x00, 0x00, 0x00, 0x00, 0xa5, 0xe9, 0xa5, 0xe9, 0xa5, 0xe9, 0xa5, 0xe9, 0xa6, 0xe9,
  0x00, 0x00, 0x00, 0x00, 0x00, 0x00, 0x00, 0x00, 0x00, 0x00, 0x00, 0x00, 0x00, 0x00, 0x00, 0x00,
  0x00, 0x00, 0x00, 0x00, 0x00, 0x00, 0x00, 0x00, 0x00, 0x00, 0x00, 0x00, 0x00, 0x00, 0x00, 0x00,
  0x00, 0x00, 0x00, 0x00, 0x00, 0x00, 0x00, 0x00, 0x00, 0x00, 0x00, 0x00, 0xa6, 0xe9, 0xa5, 0xe9,
  0xa5, 0xe9, 0xa5, 0xe9, 0xa5, 0xe9, 0xa5, 0xe9, 0xa5, 0xe9, 0xa5, 0xe9, 0xa5, 0xe9, 0xa5, 0xe9,
  0xa5, 0xe9, 0xa5, 0xe9, 0xa5, 0xe9, 0xa5, 0xe9, 0xa5, 0xe9, 0xa5, 0xe9, 0xa5, 0xe9, 0xa5, 0xe9,
  0xa5, 0xe9, 0xab, 0xfa, 0x00, 0x00, 0x00, 0x00, 0x00, 0x00, 0x00, 0x00, 0xa6, 0xe9, 0xa5, 0xe9,
  0xa5, 0xe9, 0xa5, 0xe9, 0xa5, 0xe9, 0xa5, 0xe9, 0xa5, 0xe9, 0xa5, 0xe9, 0xa5, 0xe9, 0xa5, 0xe9,
  0xa5, 0xe9, 0xa5, 0xe9, 0xa5, 0xe9, 0xa5, 0xe9, 0xa5, 0xe9, 0xa5, 0xe9, 0x00, 0x00, 0x00, 0x00,
  0x00, 0x00, 0x00, 0x00, 0x00, 0x00, 0xa6, 0xe9, 0xa5, 0xe9, 0xa5, 0xe9, 0xa5, 0xe9, 0xa5, 0xe9,
  0xa5, 0xe9, 0xa5, 0xe9, 0xa5, 0xe9, 0xa5, 0xe9, 0xa5, 0xe9, 0xa5, 0xe9, 0xa5, 0xe9, 0xa5, 0xe9,
  0xa5, 0xe9, 0xa5, 0xe9, 0xa5, 0xe9, 0x00, 0x00, 0x00, 0x00, 0x00, 0x00, 0x00, 0x00, 0x00, 0x00,
  0x00, 0x00, 0x00, 0x00, 0x00, 0x00, 0xa5, 0xe9, 0xa5, 0xe9, 0xa5, 0xe9, 0xa5, 0xe9, 0xa5, 0xe9,
  0x00, 0x00, 0x00, 0x00, 0x00, 0x00, 0x00, 0x00, 0x00, 0x00, 0x00, 0x00, 0x00, 0x00, 0x00, 0x00,
  0x00, 0x00, 0x00, 0x00, 0x00, 0x00, 0x00, 0x00, 0x00, 0x00, 0x00, 0x00, 0x00, 0x00, 0x00, 0x00,
  0x00, 0x00, 0x00, 0x00, 0x00, 0x00, 0x00, 0x00, 0x00, 0x00, 0x00, 0x00, 0x00, 0x00, 0x00, 0x00,
  0xa5, 0xe9, 0xa5, 0xe9, 0xa5, 0xe9, 0xa5, 0xe9, 0xa5, 0xe9, 0xa5, 0xe9, 0xa5, 0xe9, 0xa5, 0xe9,
  0xa5, 0xe9, 0xa5, 0xe9, 0xa5, 0xe9, 0xa5, 0xe9, 0xa5, 0xe9, 0xa5, 0xe9, 0xa5, 0xe9, 0xa5, 0xe9,
  0xa5, 0xe9, 0xa5, 0xe9, 0x00, 0x00, 0x00, 0x00, 0x00, 0x00, 0x00, 0x00, 0x00, 0xf8, 0xa5, 0xe9,
  0xa5, 0xe9, 0xa5, 0xe9, 0xa5, 0xe9, 0xa5, 0xe9, 0xa5, 0xe9, 0xa5, 0xe9, 0xa5, 0xe9, 0xa5, 0xe9,
  0xa5, 0xe9, 0xa5, 0xe9, 0xa5, 0xe9, 0xa5, 0xe9, 0xa5, 0xe9, 0xa5, 0xe9, 0x66, 0xe9, 0x00, 0x00,
  0x00, 0x00, 0x00, 0x00, 0x00, 0x00, 0xa5, 0xe9, 0xa5, 0xe9, 0xa5, 0xe9, 0xa5, 0xe9, 0xa5, 0xe9,
  0xa5, 0xe9, 0xa5, 0xe9, 0xa5, 0xe9, 0xa5, 0xe9, 0xa5, 0xe9, 0xa5, 0xe9, 0xa5, 0xe9, 0xa5, 0xe9,
  0xa5, 0xe9, 0xa5, 0xe9, 0xa5, 0xe9, 0x00, 0x00, 0x00, 0x00, 0x00, 0x00, 0x00, 0x00, 0x00, 0x00,
  0x00, 0x00, 0x00, 0x00, 0x00, 0x00, 0x85, 0xe9, 0xa5, 0xe9, 0xa5, 0xe9, 0xa5, 0xe9, 0xa5, 0xe9,
  0xa6, 0xe1, 0x00, 0x00, 0x00, 0x00, 0x00, 0x00, 0x00, 0x00, 0x00, 0x00, 0x00, 0x00, 0x00, 0x00,
  0x00, 0x00, 0x00, 0x00, 0x00, 0x00, 0x00, 0x00, 0x00, 0x00, 0x00, 0x00, 0x00, 0x00, 0x00, 0x00,
  0x00, 0x00, 0x00, 0x00, 0x00, 0x00, 0x00, 0x00, 0x00, 0x00, 0x00, 0x00, 0x00, 0x00, 0x00, 0x00,
  0x00, 0x00, 0xa5, 0xe9, 0xa5, 0xe9, 0xa5, 0xe9, 0xa5, 0xe9, 0xa5, 0xe9, 0xa5, 0xe9, 0xa5, 0xe9,
  0xa5, 0xe9, 0xa5, 0xe9, 0xa5, 0xe9, 0xa5, 0xe9, 0xa5, 0xe9, 0xa5, 0xe9, 0xa5, 0xe9, 0xa5, 0xe9,
  0xa5, 0xe9, 0xa5, 0xe9, 0x00, 0x00, 0x00, 0x00, 0x00, 0x00, 0x00, 0x00, 0x00, 0x00, 0xa6, 0xe9,
  0xa5, 0xe9, 0xa5, 0xe9, 0xa5, 0xe9, 0xa5, 0xe9, 0xa5, 0xe9, 0xa5, 0xe9, 0xa5, 0xe9, 0xa5, 0xe9,
  0xa5, 0xe9, 0xa5, 0xe9, 0xa5, 0xe9, 0xa5, 0xe9, 0xa5, 0xe9, 0xa5, 0xe9, 0xa5, 0xe9, 0x00, 0x00,
  0x00, 0x00, 0x00, 0x00, 0x00, 0x00, 0x24, 0xd9, 0xa5, 0xe9, 0xa5, 0xe9, 0xa5, 0xe9, 0xa5, 0xe9,
  0xa5, 0xe9, 0xa5, 0xe9, 0xa5, 0xe9, 0xa5, 0xe9, 0xa5, 0xe9, 0xa5, 0xe9, 0xa5, 0xe9, 0xa5, 0xe9,
  0xa5, 0xe9, 0xa5, 0xe9, 0xa5, 0xe9, 0x00, 0x00, 0x00, 0x00, 0x00, 0x00, 0x00, 0x00, 0x00, 0x00,
  0x00, 0x00, 0x00, 0x00, 0x00, 0x00, 0x00, 0x00, 0xa5, 0xe9, 0xa5, 0xe9, 0xa5, 0xe9, 0xa5, 0xe9,
  0xa5, 0xe9, 0x00, 0x00, 0x00, 0x00, 0x00, 0x00, 0x00, 0x00, 0x00, 0x00, 0x00, 0x00, 0x00, 0x00,
  0x00, 0x00, 0x00, 0x00, 0x00, 0x00, 0x00, 0x00, 0x00, 0x00, 0x00, 0x00, 0x00, 0x00, 0xe6, 0xe1,
  0xc6, 0xe9, 0xa5, 0xe9, 0x66, 0xe9, 0x00, 0x00, 0x00, 0x00, 0x00, 0x00, 0x00, 0x00, 0x00, 0x00,
  0x00, 0x00, 0x00, 0xf8, 0xa5, 0xe9, 0xa5, 0xe9, 0xa5, 0xe9, 0xa5, 0xe9, 0xa5, 0xe9, 0xa5, 0xe9,
  0xa5, 0xe9, 0xa5, 0xe9, 0xa5, 0xe9, 0xa5, 0xe9, 0xa5, 0xe9, 0xa5, 0xe9, 0xa5, 0xe9, 0xa5, 0xe9,
  0xa5, 0xe9, 0xa5, 0xe9, 0xc5, 0xe9, 0x00, 0x00, 0x00, 0x00, 0x00, 0x00, 0x00, 0x00, 0xa5, 0xe9,
  0xa5, 0xe9, 0xa5, 0xe9, 0xa5, 0xe9, 0xa5, 0xe9, 0xa5, 0xe9, 0xa5, 0xe9, 0xa5, 0xe9, 0xa5, 0xe9,
  0xa5, 0xe9, 0xa5, 0xe9, 0xa5, 0xe9, 0xa5, 0xe9, 0xa5, 0xe9, 0xa5, 0xe9, 0xa6, 0xe9, 0x00, 0x00,
  0x00, 0x00, 0x00, 0x00, 0x00, 0x00, 0x00, 0x00, 0xa5, 0xe9, 0xa5, 0xe9, 0xa5, 0xe9, 0xa5, 0xe9,
  0xa5, 0xe9, 0xa5, 0xe9, 0xa5, 0xe9, 0xa5, 0xe9, 0xa5, 0xe9, 0xa5, 0xe9, 0xa5, 0xe9, 0xa5, 0xe9,
  0xa5, 0xe9, 0xa5, 0xe9, 0xa5, 0xe9, 0x00, 0x00, 0x00, 0x00, 0x00, 0x00, 0x00, 0x00, 0x00, 0x00,
  0x00, 0x00, 0x00, 0x00, 0x00, 0x00, 0x00, 0x00, 0xa5, 0xe9, 0xa5, 0xe9, 0xa5, 0xe9, 0xa5, 0xe9,
  0xa5, 0xe9, 0xa5, 0xe9, 0x00, 0x00, 0x00, 0x00, 0x00, 0x00, 0x00, 0x00, 0x00, 0x00, 0x00, 0x00,
  0x00, 0x00, 0x00, 0x00, 0x00, 0x00, 0x00, 0x00, 0x00, 0x00, 0xa5, 0xe9, 0xa5, 0xe9, 0xa5, 0xe9,
  0xa5, 0xe9, 0xa5, 0xe9, 0xa5, 0xe9, 0xa5, 0xe9, 0xa5, 0xe1, 0x00, 0x00, 0x00, 0x00, 0x00, 0x00,
  0x00, 0x00, 0x00, 0x00, 0xc6, 0xe1, 0xa5, 0xe9, 0xa5, 0xe9, 0xa5, 0xe9, 0xa5, 0xe9, 0xa5, 0xe9,
  0xa5, 0xe9, 0xa5, 0xe9, 0xa5, 0xe9, 0xa5, 0xe9, 0xa5, 0xe9, 0xa5, 0xe9, 0xa5, 0xe9, 0xa5, 0xe9,
  0xa5, 0xe9, 0xa5, 0xe9, 0xa5, 0xe9, 0x00, 0x00, 0x00, 0x00, 0x00, 0x00, 0x00, 0x00, 0xa6, 0xf9,
  0xa5, 0xe9, 0xa5, 0xe9, 0xa5, 0xe9, 0xa5, 0xe9, 0xa5, 0xe9, 0xa5, 0xe9, 0xa5, 0xe9, 0xa5, 0xe9,
  0xa5, 0xe9, 0xa5, 0xe9, 0xa5, 0xe9, 0xa5, 0xe9, 0xa5, 0xe9, 0xa5, 0xe9, 0xa6, 0xe9, 0x00, 0x00,
  0x00, 0x00, 0x00, 0x00, 0x00, 0x00, 0x00, 0x00, 0xa5, 0xe9, 0xa5, 0xe9, 0xa5, 0xe9, 0xa5, 0xe9,
  0xa5, 0xe9, 0xa5, 0xe9, 0xa5, 0xe9, 0xa5, 0xe9, 0xa5, 0xe9, 0xa5, 0xe9, 0xa5, 0xe9, 0xa5, 0xe9,
  0xa5, 0xe9, 0xa5, 0xe9, 0xc5, 0xe9, 0x00, 0x00, 0x00, 0x00, 0x00, 0x00, 0x00, 0x00, 0x00, 0x00,
  0x00, 0x00, 0x00, 0x00, 0x00, 0x00, 0x00, 0x00, 0x00, 0x00, 0xa6, 0xe9, 0xa5, 0xe9, 0xa5, 0xe9,
  0xa5, 0xe9, 0xa5, 0xe9, 0x00, 0x00, 0x00, 0x00, 0x00, 0x00, 0x00, 0x00, 0x00, 0x00, 0x00, 0x00,
  0x00, 0x00, 0x00, 0x00, 0x00, 0x00, 0x00, 0x00, 0xa5, 0xe9, 0xa5, 0xe9, 0xa5, 0xe9, 0xa5, 0xe9,
  0xa5, 0xe9, 0xa5, 0xe9, 0xa5, 0xe9, 0xa5, 0xe9, 0xa5, 0xe9, 0xa6, 0xe9, 0x00, 0x00, 0x00, 0x00,
  0x00, 0x00, 0x00, 0x00, 0x00, 0x00, 0xa5, 0xe9, 0xa5, 0xe9, 0xa5, 0xe9, 0xa5, 0xe9, 0xa5, 0xe9,
  0xa5, 0xe9, 0xa5, 0xe9, 0xa5, 0xe9, 0xa5, 0xe9, 0xa5, 0xe9, 0xa5, 0xe9, 0xa5, 0xe9, 0xa5, 0xe9,
  0xa5, 0xe9, 0xa5, 0xe9, 0xa5, 0xe9, 0x00, 0x00, 0x00, 0x00, 0x00, 0x00, 0x00, 0x00, 0x00, 0x00,
  0xa6, 0xe9, 0xa5, 0xe9, 0xa5, 0xe9, 0xa5, 0xe9, 0xa5, 0xe9, 0xa5, 0xe9, 0xa5, 0xe9, 0xa5, 0xe9,
  0xa5, 0xe9, 0xa5, 0xe9, 0xa5, 0xe9, 0xa5, 0xe9, 0xa5, 0xe9, 0xa5, 0xe9, 0xa6, 0xe9, 0x00, 0x00,
  0x00, 0x00, 0x00, 0x00, 0x00, 0x00, 0x00, 0x00, 0xa5, 0xe9, 0xa5, 0xe9, 0xa5, 0xe9, 0xa5, 0xe9,
  0xa5, 0xe9, 0xa5, 0xe9, 0xa5, 0xe9, 0xa5, 0xe9, 0xa5, 0xe9, 0xa5, 0xe9, 0xa5, 0xe9, 0xa5, 0xe9,
  0xa5, 0xe9, 0xa6, 0xe9, 0x00, 0x00, 0x00, 0x00, 0x00, 0x00, 0x00, 0x00, 0x00, 0x00, 0x00, 0x00,
  0x00, 0x00, 0x00, 0x00, 0x00, 0x00, 0x00, 0x00, 0x00, 0x00, 0xa6, 0xe9, 0xa5, 0xe9, 0xa5, 0xe9,
  0xa5, 0xe9, 0xa5, 0xe9, 0xa6, 0xe9, 0x00, 0x00, 0x00, 0x00, 0x00, 0x00, 0x00, 0x00, 0x00, 0x00,
  0x00, 0x00, 0x00, 0x00, 0x00, 0x00, 0xa6, 0xe9, 0xa5, 0xe9, 0xa5, 0xe9, 0xa5, 0xe9, 0xa5, 0xe9,
  0xa5, 0xe9, 0xa5, 0xe9, 0xa5, 0xe9, 0xa5, 0xe9, 0xa5, 0xe9, 0xa5, 0xe9, 0xa6, 0xe9, 0x00, 0x00,
  0x00, 0x00, 0x00, 0x00, 0x00, 0x00, 0x65, 0xe9, 0xa5, 0xe9, 0xa5, 0xe9, 0xa5, 0xe9, 0xa5, 0xe9,
  0xa5, 0xe9, 0xa5, 0xe9, 0xa5, 0xe9, 0xa5, 0xe9, 0xa5, 0xe9, 0xa5, 0xe9, 0xa5, 0xe9, 0xa5, 0xe9,
  0xa5, 0xe9, 0xa5, 0xe9, 0xa5, 0xe9, 0x00, 0xf8, 0x00, 0x00, 0x00, 0x00, 0x00, 0x00, 0x00, 0x00,
  0xa5, 0xe9, 0xa5, 0xe9, 0xa5, 0xe9, 0xa5, 0xe9, 0xa5, 0xe9, 0xa5, 0xe9, 0xa5, 0xe9, 0xa5, 0xe9,
  0xa5, 0xe9, 0xa5, 0xe9, 0xa5, 0xe9, 0xa5, 0xe9, 0xa5, 0xe9, 0xa5, 0xe9, 0xa5, 0xe9, 0x00, 0xf8,
  0x00, 0x00, 0x00, 0x00, 0x00, 0x00, 0x00, 0x00, 0xa5, 0xe9, 0xa5, 0xe9, 0xa5, 0xe9, 0xa5, 0xe9,
  0xa5, 0xe9, 0xa5, 0xe9, 0xa5, 0xe9, 0xa5, 0xe9, 0xa5, 0xe9, 0xa5, 0xe9, 0xa5, 0xe9, 0xa5, 0xe9,
  0xa5, 0xe9, 0xa6, 0xe9, 0x00, 0x00, 0x00, 0x00, 0x00, 0x00, 0x00, 0x00, 0x00, 0x00, 0x00, 0x00,
  0x00, 0x00, 0x00, 0x00, 0x00, 0x00, 0x00, 0x00, 0x00, 0x00, 0x00, 0x00, 0xa5, 0xe9, 0xa5, 0xe9,
  0xa5, 0xe9, 0xa5, 0xe9, 0xa5, 0xe9, 0x00, 0x00, 0x00, 0x00, 0x00, 0x00, 0x00, 0x00, 0x00, 0x00,
  0x00, 0x00, 0x00, 0x00, 0xa6, 0xe9, 0xa5, 0xe9, 0xa5, 0xe9, 0xa5, 0xe9, 0xa5, 0xe9, 0xa5, 0xe9,
  0xa5, 0xe9, 0xa5, 0xe9, 0xa5, 0xe9, 0xa5, 0xe9, 0xa5, 0xe9, 0xa5, 0xe9, 0xa5, 0xe9, 0xc7, 0xe1,
  0x00, 0x00, 0x00, 0x00, 0x00, 0x00, 0x00, 0x00, 0xa5, 0xe9, 0xa5, 0xe9, 0xa5, 0xe9, 0xa5, 0xe9,
  0xa5, 0xe9, 0xa5, 0xe9, 0xa5, 0xe9, 0xa5, 0xe9, 0xa5, 0xe9, 0xa5, 0xe9, 0xa5, 0xe9, 0xa5, 0xe9,
  0xa5, 0xe9, 0xa5, 0xe9, 0xa5, 0xe9, 0xa6, 0xe9, 0x00, 0x00, 0x00, 0x00, 0x00, 0x00, 0x00, 0x00,
  0xa5, 0xe9, 0xa5, 0xe9, 0xa5, 0xe9, 0xa5, 0xe9, 0xa5, 0xe9, 0xa5, 0xe9, 0xa5, 0xe9, 0xa5, 0xe9,
  0xa5, 0xe9, 0xa5, 0xe9, 0xa5, 0xe9, 0xa5, 0xe9, 0xa5, 0xe9, 0xa5, 0xe9, 0xa5, 0xe9, 0xc6, 0xe1,
  0x00, 0x00, 0x00, 0x00, 0x00, 0x00, 0x00, 0x00, 0xa5, 0xe9, 0xa5, 0xe9, 0xa5, 0xe9, 0xa5, 0xe9,
  0xa5, 0xe9, 0xa5, 0xe9, 0xa5, 0xe9, 0xa5, 0xe9, 0xa5, 0xe9, 0xa5, 0xe9, 0xa5, 0xe9, 0xa5, 0xe9,
  0xa5, 0xe9, 0x00, 0x00, 0x00, 0x00, 0x00, 0x00, 0x00, 0x00, 0x00, 0x00, 0x00, 0x00, 0x00, 0x00,
  0x00, 0x00, 0x00, 0x00, 0x00, 0x00, 0x00, 0x00, 0x00, 0x00, 0x00, 0x00, 0xa6, 0xe9, 0xa5, 0xe9,
  0xa5, 0xe9, 0xa5, 0xe9, 0xa5, 0xe9, 0xa5, 0xe9, 0x00, 0x00, 0x00, 0x00, 0x00, 0x00, 0x00, 0x00,
  0x00, 0x00, 0x00, 0x00, 0xa5, 0xe9, 0xa5, 0xe9, 0xa5, 0xe9, 0xa5, 0xe9, 0xa5, 0xe9, 0xa5, 0xe9,
  0xa5, 0xe9, 0xa5, 0xe9, 0xa5, 0xe9, 0xa5, 0xe9, 0xa5, 0xe9, 0xa5, 0xe9, 0xa5, 0xe9, 0xa6, 0xe9,
  0x00, 0x00, 0x00, 0x00, 0x00, 0x00, 0x00, 0x00, 0xa5, 0xe9, 0xa5, 0xe9, 0xa5, 0xe9, 0xa5, 0xe9,
  0xa5, 0xe9, 0xa5, 0xe9, 0xa5, 0xe9, 0xa5, 0xe9, 0xa5, 0xe9, 0xa5, 0xe9, 0xa5, 0xe9, 0xa5, 0xe9,
  0xa5, 0xe9, 0xa5, 0xe9, 0xa5, 0xe9, 0xa5, 0xe9, 0x00, 0x00, 0x00, 0x00, 0x00, 0x00, 0x00, 0x00,
  0xa5, 0xe1, 0xa5, 0xe9, 0xa5, 0xe9, 0xa5, 0xe9, 0xa5, 0xe9, 0xa5, 0xe9, 0xa5, 0xe9, 0xa5, 0xe9,
  0xa5, 0xe9, 0xa5, 0xe9, 0xa5, 0xe9, 0xa5, 0xe9, 0xa5, 0xe9, 0xa5, 0xe9, 0xa5, 0xe9, 0xa6, 0xe9,
  0x00, 0x00, 0x00, 0x00, 0x00, 0x00, 0x00, 0x00, 0xa6, 0xe9, 0xa5, 0xe9, 0xa5, 0xe9, 0xa5, 0xe9,
  0xa5, 0xe9, 0xa5, 0xe9, 0xa5, 0xe9, 0xa5, 0xe9, 0xa5, 0xe9, 0xa5, 0xe9, 0xa5, 0xe9, 0xa6, 0xe9,
  0x00, 0x00, 0x00, 0x00, 0x00, 0x00, 0x00, 0x00, 0x00, 0x00, 0x00, 0x00, 0x00, 0x00, 0x00, 0x00,
  0x00, 0x00, 0x00, 0x00, 0x00, 0x00, 0x00, 0x00, 0x00, 0x00, 0x00, 0x00, 0x00, 0x00, 0xa5, 0xe9,
  0xa5, 0xe9, 0xa5, 0xe9, 0xa5, 0xe9, 0xa5, 0xe9, 0x66, 0xe9, 0x00, 0x00, 0x00, 0x00, 0x00, 0x00,
  0x00, 0x00, 0x00, 0x00, 0xa5, 0xe9, 0xa5, 0xe9, 0xa5, 0xe9, 0xa5, 0xe9, 0xa5, 0xe9, 0xa5, 0xe9,
  0xa5, 0xe9, 0xa5, 0xe9, 0xa5, 0xe9, 0xa5, 0xe9, 0xa5, 0xe9, 0xa5, 0xe9, 0xa5, 0xe9, 0xa5, 0xe9,
  0x00, 0x00, 0x00, 0x00, 0x00, 0x00, 0x00, 0x00, 0xa6, 0xf9, 0xa5, 0xe9, 0xa5, 0xe9, 0xa5, 0xe9,
  0xa5, 0xe9, 0xa5, 0xe9, 0xa5, 0xe9, 0xa5, 0xe9, 0xa5, 0xe9, 0xa5, 0xe9, 0xa5, 0xe9, 0xa5, 0xe9,
  0xa5, 0xe9, 0xa5, 0xe9, 0xa5, 0xe9, 0xa5, 0xe9, 0x00, 0x00, 0x00, 0x00, 0x00, 0x00, 0x00, 0x00,
  0xa6, 0xe9, 0xa5, 0xe9, 0xa5, 0xe9, 0xa5, 0xe9, 0xa5, 0xe9, 0xa5, 0xe9, 0xa5, 0xe9, 0xa5, 0xe9,
  0xa5, 0xe9, 0xa5, 0xe9, 0xa5, 0xe9, 0xa5, 0xe9, 0xa5, 0xe9, 0xa5, 0xe9, 0xa5, 0xe9, 0xa6, 0xe9,
  0x00, 0x00, 0x00, 0x00, 0x00, 0x00, 0x00, 0x00, 0xc6, 0xe9, 0xa5, 0xe9, 0xa5, 0xe9, 0xa5, 0xe9,
  0xa5, 0xe9, 0xa5, 0xe9, 0xa5, 0xe9, 0xa5, 0xe9, 0xa5, 0xe9, 0xa5, 0xe9, 0xa5, 0xe9, 0x65, 0xd9,
  0x00, 0x00, 0x00, 0x00, 0x00, 0x00, 0x00, 0x00, 0x00, 0x00, 0x00, 0x00, 0x00, 0x00, 0x00, 0x00,
  0x00, 0x00, 0x00, 0x00, 0x00, 0x00, 0x00, 0x00, 0x00, 0x00, 0x00, 0x00, 0x00, 0x00, 0xe5, 0xe9,
  0xa5, 0xe9, 0xa5, 0xe9, 0xa5, 0xe9, 0xa5, 0xe9, 0xa5, 0xe9, 0x00, 0x00, 0x00, 0x00, 0x00, 0x00,
  0x00, 0x00, 0x00, 0x00, 0xa5, 0xe9, 0xa5, 0xe9, 0xa5, 0xe9, 0xa5, 0xe9, 0xa5, 0xe9, 0xa5, 0xe9,
  0xa5, 0xe9, 0xa5, 0xe9, 0xa5, 0xe9, 0xa5, 0xe9, 0xa5, 0xe9, 0xa5, 0xe9, 0xa5, 0xe9, 0xa5, 0xe9,
  0x00, 0x00, 0x00, 0x00, 0x00, 0x00, 0x00, 0x00, 0x00, 0x00, 0xa5, 0xe9, 0xa5, 0xe9, 0xa5, 0xe9,
  0xa5, 0xe9, 0xa5, 0xe9, 0xa5, 0xe9, 0xa5, 0xe9, 0xa5, 0xe9, 0xa5, 0xe9, 0xa5, 0xe9, 0xa5, 0xe9,
  0xa5, 0xe9, 0xa5, 0xe9, 0xa5, 0xe9, 0xa5, 0xe9, 0x00, 0x00, 0x00, 0x00, 0x00, 0x00, 0x00, 0x00,
  0x00, 0x00, 0xa5, 0xe9, 0xa5, 0xe9, 0xa5, 0xe9, 0xa5, 0xe9, 0xa5, 0xe9, 0xa5, 0xe9, 0xa5, 0xe9,
  0xa5, 0xe9, 0xa5, 0xe9, 0xa5, 0xe9, 0xa5, 0xe9, 0xa5, 0xe9, 0xa5, 0xe9, 0xa5, 0xe9, 0xa5, 0xe9,
  0x00, 0x00, 0x00, 0x00, 0x00, 0x00, 0x00, 0x00, 0xa5, 0xe1, 0xa5, 0xe9, 0xa5, 0xe9, 0xa5, 0xe9,
  0xa5, 0xe9, 0xa5, 0xe9, 0xa5, 0xe9, 0xa5, 0xe9, 0xa5, 0xe9, 0xa5, 0xe9, 0x85, 0xe9, 0x00, 0x00,
  0x00, 0x00, 0x00, 0x00, 0x00, 0x00, 0x00, 0x00, 0x00, 0x00, 0x00, 0x00, 0x00, 0x00, 0x00, 0x00,
  0x00, 0x00, 0x00, 0x00, 0x00, 0x00, 0x00, 0x00, 0x00, 0x00, 0x00, 0x00, 0x00, 0x00, 0x00, 0x00,
  0xa6, 0xe9, 0xa5, 0xe9, 0xa5, 0xe9, 0xa5, 0xe9, 0xa5, 0xe9, 0xa5, 0xe9, 0x00, 0x00, 0x00, 0x00,
  0x00, 0x00, 0x00, 0x00, 0xa5, 0xe9, 0xa5, 0xe9, 0xa5, 0xe9, 0xa5, 0xe9, 0xa5, 0xe9, 0xa5, 0xe9,
  0xa5, 0xe9, 0xa5, 0xe9, 0xa5, 0xe9, 0xa5, 0xe9, 0xa5, 0xe9, 0xa5, 0xe9, 0xa5, 0xe9, 0xa5, 0xe9,
  0x00, 0x00, 0x00, 0x00, 0x00, 0x00, 0x00, 0x00, 0x00, 0x00, 0xa5, 0xe9, 0xa5, 0xe9, 0xa5, 0xe9,
  0xa5, 0xe9, 0xa5, 0xe9, 0xa5, 0xe9, 0xa5, 0xe9, 0xa5, 0xe9, 0xa5, 0xe9, 0xa5, 0xe9, 0xa5, 0xe9,
  0xa5, 0xe9, 0xa5, 0xe9, 0xa5, 0xe9, 0xa5, 0xe9, 0x00, 0x00, 0x00, 0x00, 0x00, 0x00, 0x00, 0x00,
  0x00, 0x00, 0xa5, 0xe9, 0xa5, 0xe9, 0xa5, 0xe9, 0xa5, 0xe9, 0xa5, 0xe9, 0xa5, 0xe9, 0xa5, 0xe9,
  0xa5, 0xe9, 0xa5, 0xe9, 0xa5, 0xe9, 0xa5, 0xe9, 0xa5, 0xe9, 0xa5, 0xe9, 0xa5, 0xe9, 0xa5, 0xe9,
  0x00, 0x00, 0x00, 0x00, 0x00, 0x00, 0x00, 0x00, 0xa6, 0xf9, 0xa5, 0xe9, 0xa5, 0xe9, 0xa5, 0xe9,
  0xa5, 0xe9, 0xa5, 0xe9, 0xa5, 0xe9, 0xa5, 0xe9, 0xa5, 0xe9, 0xa6, 0xe9, 0x00, 0x00, 0x00, 0x00,
  0x00, 0x00, 0x00, 0x00, 0x00, 0x00, 0x00, 0x00, 0x00, 0x00, 0x00, 0x00, 0x00, 0x00, 0x00, 0x00,
  0x00, 0x00, 0x00, 0x00, 0x00, 0x00, 0x00, 0x00, 0x00, 0x00, 0x00, 0x00, 0x00, 0x00, 0x00, 0x00,
  0x00, 0x00, 0xa5, 0xe9, 0xa5, 0xe9, 0xa5, 0xe9, 0xa5, 0xe9, 0xa5, 0xe9, 0xa6, 0xe9, 0x00, 0x00,
  0x00, 0x00, 0x00, 0x00, 0xa5, 0xe9, 0xa5, 0xe9, 0xa5, 0xe9, 0xa5, 0xe9, 0xa5, 0xe9, 0xa5, 0xe9,
  0xa5, 0xe9, 0xa5, 0xe9, 0xa5, 0xe9, 0xa5, 0xe9, 0xa5, 0xe9, 0xa5, 0xe9, 0xa5, 0xe9, 0xa6, 0xe9,
  0x00, 0x00, 0x00, 0x00, 0x00, 0x00, 0x00, 0x00, 0x00, 0x00, 0xa5, 0xe9, 0xa5, 0xe9, 0xa5, 0xe9,
  0xa5, 0xe9, 0xa5, 0xe9, 0xa5, 0xe9, 0xa5, 0xe9, 0xa5, 0xe9, 0xa5, 0xe9, 0xa5, 0xe9, 0xa5, 0xe9,
  0xa5, 0xe9, 0xa5, 0xe9, 0xa5, 0xe9, 0xa5, 0xe9, 0x00, 0x00, 0x00, 0x00, 0x00, 0x00, 0x00, 0x00,
  0x00, 0x00, 0xa5, 0xe9, 0xa5, 0xe9, 0xa5, 0xe9, 0xa5, 0xe9, 0xa5, 0xe9, 0xa5, 0xe9, 0xa5, 0xe9,
  0xa5, 0xe9, 0xa5, 0xe9, 0xa5, 0xe9, 0xa5, 0xe9, 0xa5, 0xe9, 0xa5, 0xe9, 0xa5, 0xe9, 0xa5, 0xe9,
  0x00, 0x00, 0x00, 0x00, 0x00, 0x00, 0x00, 0x00, 0x00, 0x00, 0xa5, 0xe9, 0xa5, 0xe9, 0xa5, 0xe9,
  0xa5, 0xe9, 0xa5, 0xe9, 0xa5, 0xe9, 0xa5, 0xe9, 0xa5, 0xe9, 0x00, 0x00, 0x00, 0x00, 0x00, 0x00,
  0x00, 0x00, 0x00, 0x00, 0x00, 0x00, 0x00, 0x00, 0x00, 0x00, 0x00, 0x00, 0x00, 0x00, 0x00, 0x00,
  0x00, 0x00, 0x00, 0x00, 0x00, 0x00, 0x00, 0x00, 0x00, 0x00, 0x00, 0x00, 0x00, 0x00, 0x00, 0x00,
  0x00, 0x00, 0xe5, 0xe9, 0xa5, 0xe9, 0xa5, 0xe9, 0xa5, 0xe9, 0xa5, 0xe9, 0xa5, 0xe9, 0xa6, 0xe9,
  0x00, 0x00, 0x00, 0x00, 0x85, 0xe9, 0xa5, 0xe9, 0xa5, 0xe9, 0xa5, 0xe9, 0xa5, 0xe9, 0xa5, 0xe9,
  0xa5, 0xe9, 0xa5, 0xe9, 0xa5, 0xe9, 0xa5, 0xe9, 0xa5, 0xe9, 0xa5, 0xe9, 0xa5, 0xe9, 0x65, 0xd9,
  0x00, 0x00, 0x00, 0x00, 0x00, 0x00, 0x00, 0x00, 0x00, 0x00, 0xa5, 0xe9, 0xa5, 0xe9, 0xa5, 0xe9,
  0xa5, 0xe9, 0xa5, 0xe9, 0xa5, 0xe9, 0xa5, 0xe9, 0xa5, 0xe9, 0xa5, 0xe9, 0xa5, 0xe9, 0xa5, 0xe9,
  0xa5, 0xe9, 0xa5, 0xe9, 0xa5, 0xe9, 0xa5, 0xe9, 0x00, 0x00, 0x00, 0x00, 0x00, 0x00, 0x00, 0x00,
  0x00, 0x00, 0xa5, 0xe9, 0xa5, 0xe9, 0xa5, 0xe9, 0xa5, 0xe9, 0xa5, 0xe9, 0xa5, 0xe9, 0xa5, 0xe9,
  0xa5, 0xe9, 0xa5, 0xe9, 0xa5, 0xe9, 0xa5, 0xe9, 0xa5, 0xe9, 0xa5, 0xe9, 0xa5, 0xe9, 0xa5, 0xe9,
  0x00, 0x00, 0x00, 0x00, 0x00, 0x00, 0x00, 0x00, 0x00, 0x00, 0xa6, 0xe9, 0xa6, 0xe9, 0xa6, 0xe9,
  0xa6, 0xe9, 0xa6, 0xe9, 0xa6, 0xe9, 0xa6, 0xe9, 0x00, 0x00, 0x00, 0x00, 0x00, 0x00, 0x00, 0x00,
  0x00, 0x00, 0x00, 0x00, 0x00, 0x00, 0x00, 0x00, 0x00, 0x00, 0x00, 0x00, 0x00, 0x00, 0x00, 0x00,
  0x00, 0x00, 0x00, 0x00, 0x00, 0x00, 0x00, 0x00, 0x00, 0x00, 0x00, 0x00, 0x00, 0x00, 0x00, 0x00,
  0x00, 0x00, 0x00, 0x00, 0xa6, 0xe9, 0xa5, 0xe9, 0xa5, 0xe9, 0xa5, 0xe9, 0xa5, 0xe9, 0xa5, 0xe9,
  0x65, 0xd9, 0x00, 0x00, 0x00, 0x00, 0xa5, 0xe9, 0xa5, 0xe9, 0xa5, 0xe9, 0xa5, 0xe9, 0xa5, 0xe9,
  0xa5, 0xe9, 0xa5, 0xe9, 0xa5, 0xe9, 0xa5, 0xe9, 0xa5, 0xe9, 0xa5, 0xe9, 0xa6, 0xe9, 0x00, 0x00,
  0x00, 0x00, 0x00, 0x00, 0x00, 0x00, 0x00, 0x00, 0x00, 0x00, 0xa6, 0xe9, 0xa5, 0xe9, 0xa5, 0xe9,
  0xa5, 0xe9, 0xa5, 0xe9, 0xa5, 0xe9, 0xa5, 0xe9, 0xa5, 0xe9, 0xa5, 0xe9, 0xa5, 0xe9, 0xa5, 0xe9,
  0xa5, 0xe9, 0xa5, 0xe9, 0xa5, 0xe9, 0xa5, 0xe9, 0x00, 0x00, 0x00, 0x00, 0x00, 0x00, 0x00, 0x00,
  0x00, 0x00, 0xa5, 0xe9, 0xa5, 0xe9, 0xa5, 0xe9, 0xa5, 0xe9, 0xa5, 0xe9, 0xa5, 0xe9, 0xa5, 0xe9,
  0xa5, 0xe9, 0xa5, 0xe9, 0xa5, 0xe9, 0xa5, 0xe9, 0xa5, 0xe9, 0xa5, 0xe9, 0xa5, 0xe9, 0xa5, 0xe9,
  0x00, 0x00, 0x00, 0x00, 0x00, 0x00, 0x00, 0x00, 0x00, 0x00, 0x00, 0x00, 0x00, 0x00, 0x00, 0x00,
  0x00, 0x00, 0x00, 0x00, 0x00, 0x00, 0x00, 0x00, 0x00, 0x00, 0x00, 0x00, 0x00, 0x00, 0x00, 0x00,
  0x00, 0x00, 0x00, 0x00, 0x00, 0x00, 0x00, 0x00, 0x00, 0x00, 0x00, 0x00, 0x00, 0x00, 0x00, 0x00,
  0x00, 0x00, 0x00, 0x00, 0x00, 0x00, 0x00, 0x00, 0x00, 0x00, 0x00, 0x00, 0x00, 0x00, 0x00, 0x00,
  0x00, 0x00, 0x00, 0x00, 0x00, 0x00, 0xa6, 0xe9, 0xa5, 0xe9, 0xa5, 0xe9, 0xa5, 0xe9, 0xa5, 0xe9,
  0xa5, 0xe9, 0x00, 0xf8, 0x00, 0x00, 0xab, 0xfa, 0xa5, 0xe9, 0xa5, 0xe9, 0xa5, 0xe9, 0xa5, 0xe9,
  0xa5, 0xe9, 0xa5, 0xe9, 0xa5, 0xe9, 0xa5, 0xe9, 0xa5, 0xe9, 0xa5, 0xe9, 0x00, 0x00, 0x00, 0x00,
  0x00, 0x00, 0x00, 0x00, 0x00, 0x00, 0x00, 0x00, 0x00, 0x00, 0xa5, 0xe9, 0xa5, 0xe9, 0xa5, 0xe9,
  0xa5, 0xe9, 0xa5, 0xe9, 0xa5, 0xe9, 0xa5, 0xe9, 0xa5, 0xe9, 0xa5, 0xe9, 0xa5, 0xe9, 0xa5, 0xe9,
  0xa5, 0xe9, 0xa5, 0xe9, 0xa5, 0xe9, 0xa5, 0xe9, 0x00, 0x00, 0x00, 0x00, 0x00, 0x00, 0x00, 0x00,
  0x00, 0x00, 0xa5, 0xe9, 0xa5, 0xe9, 0xa5, 0xe9, 0xa5, 0xe9, 0xa5, 0xe9, 0xa5, 0xe9, 0xa5, 0xe9,
  0xa5, 0xe9, 0xa5, 0xe9, 0xa5, 0xe9, 0xa5, 0xe9, 0xa5, 0xe9, 0xa5, 0xe9, 0xa5, 0xe9, 0xa6, 0xe9,
  0x00, 0x00, 0x00, 0x00, 0x00, 0x00, 0x00, 0x00, 0x00, 0x00, 0x00, 0x00, 0x00, 0x00, 0x00, 0x00,
  0x00, 0x00, 0x00, 0x00, 0x00, 0x00, 0x00, 0x00, 0x00, 0x00, 0x00, 0x00, 0x00, 0x00, 0x00, 0x00,
  0x00, 0x00, 0x00, 0x00, 0x00, 0x00, 0x00, 0x00, 0x00, 0x00, 0x00, 0x00, 0x00, 0x00, 0x00, 0x00,
  0x00, 0x00, 0x00, 0x00, 0x00, 0x00, 0x00, 0x00, 0x00, 0x00, 0x00, 0x00, 0x00, 0x00, 0x00, 0x00,
  0x00, 0x00, 0x00, 0x00, 0x00, 0x00, 0x00, 0x00, 0xa5, 0xe9, 0xa5, 0xe9, 0xa5, 0xe9, 0xa5, 0xe9,
  0xa5, 0xe9, 0xa5, 0xe9, 0x00, 0x00, 0x00, 0x00, 0x00, 0x00, 0xa5, 0xe9, 0xa5, 0xe9, 0xa5, 0xe9,
  0xa5, 0xe9, 0xa5, 0xe9, 0xa5, 0xe9, 0xa5, 0xe9, 0xa6, 0xe9, 0x00, 0x00, 0x00, 0x00, 0x00, 0x00,
  0x00, 0x00, 0x00, 0x00, 0x00, 0x00, 0x00, 0x00, 0x00, 0xf8, 0xa5, 0xe9, 0xa5, 0xe9, 0xa5, 0xe9,
  0xa5, 0xe9, 0xa5, 0xe9, 0xa5, 0xe9, 0xa5, 0xe9, 0xa5, 0xe9, 0xa5, 0xe9, 0xa5, 0xe9, 0xa5, 0xe9,
  0xa5, 0xe9, 0xa5, 0xe9, 0xa5, 0xe9, 0xa6, 0xe9, 0x00, 0x00, 0x00, 0x00, 0x00, 0x00, 0x00, 0x00,
  0x00, 0x00, 0xa5, 0xe9, 0xa5, 0xe9, 0xa5, 0xe9, 0xa5, 0xe9, 0xa5, 0xe9, 0xa5, 0xe9, 0xa5, 0xe9,
  0xa5, 0xe9, 0xa5, 0xe9, 0xa5, 0xe9, 0xa5, 0xe9, 0xa5, 0xe9, 0xa5, 0xe9, 0xa5, 0xe9, 0xa6, 0xe9,
  0x00, 0x00, 0x00, 0x00, 0x00, 0x00, 0x00, 0x00, 0x00, 0x00, 0x00, 0x00, 0x00, 0x00, 0x00, 0x00,
  0x00, 0x00, 0x00, 0x00, 0x00, 0x00, 0x00, 0x00, 0x00, 0x00, 0x00, 0x00, 0x00, 0x00, 0x00, 0x00,
  0x00, 0x00, 0x00, 0x00, 0x00, 0x00, 0x00, 0x00, 0x00, 0x00, 0x00, 0x00, 0x00, 0x00, 0x00, 0x00,
  0x00, 0x00, 0x00, 0x00, 0x00, 0x00, 0x00, 0x00, 0x00, 0x00, 0x00, 0x00, 0x00, 0x00, 0x00, 0x00,
  0x00, 0x00, 0x00, 0x00, 0x00, 0x00, 0x00, 0x00, 0x00, 0xf8, 0xa5, 0xe9, 0xa5, 0xe9, 0xa5, 0xe9,
  0xa5, 0xe9, 0xa5, 0xe9, 0xa5, 0xe9, 0x00, 0x00, 0x00, 0x00, 0x00, 0x00, 0x00, 0x00, 0xa5, 0xe9,
  0xa5, 0xe9, 0xa5, 0xe9, 0xa5, 0xe9, 0x00, 0x00, 0x00, 0x00, 0x00, 0x00, 0x00, 0x00, 0x00, 0x00,
  0x00, 0x00, 0x00, 0x00, 0x00, 0x00, 0x00, 0x00, 0xa6, 0xe9, 0xa5, 0xe9, 0xa5, 0xe9, 0xa5, 0xe9,
  0xa5, 0xe9, 0xa5, 0xe9, 0xa5, 0xe9, 0xa5, 0xe9, 0xa5, 0xe9, 0xa5, 0xe9, 0xa5, 0xe9, 0xa5, 0xe9,
  0xa5, 0xe9, 0xa5, 0xe9, 0xa5, 0xe9, 0xa5, 0xe9, 0x00, 0x00, 0x00, 0x00, 0x00, 0x00, 0x00, 0x00,
  0x86, 0xe9, 0xa5, 0xe9, 0xa5, 0xe9, 0xa5, 0xe9, 0xa5, 0xe9, 0xa5, 0xe9, 0xa5, 0xe9, 0xa5, 0xe9,
  0xa5, 0xe9, 0xa5, 0xe9, 0xa5, 0xe9, 0xa5, 0xe9, 0xa5, 0xe9, 0xa5, 0xe9, 0xa5, 0xe9, 0xa6, 0xe9,
  0x00, 0x00, 0x00, 0x00, 0x00, 0x00, 0x00, 0x00, 0x00, 0x00, 0x00, 0x00, 0x00, 0x00, 0x00, 0x00,
  0x00, 0x00, 0x00, 0x00, 0x00, 0x00, 0x00, 0x00, 0x00, 0x00, 0x00, 0x00, 0xa6, 0xe9, 0xa6, 0xe9,
  0x00, 0x00, 0x00, 0x00, 0x00, 0x00, 0x00, 0x00, 0x00, 0x00, 0x00, 0x00, 0x00, 0x00, 0x00, 0x00,
  0x00, 0x00, 0x00, 0x00, 0x00, 0x00, 0x00, 0x00, 0x00, 0x00, 0x00, 0x00, 0x00, 0x00, 0x00, 0x00,
  0x00, 0x00, 0x00, 0x00, 0x00, 0x00, 0x00, 0x00, 0x00, 0x00, 0xa6, 0xf9, 0xa6, 0xe9, 0xa5, 0xe9,
  0xa5, 0xe9, 0xa5, 0xe9, 0xa5, 0xe9, 0xa5, 0xe9, 0x08, 0xfa, 0x00, 0x00, 0x00, 0x00, 0x00, 0x00,
  0x00, 0x00, 0x00, 0x00, 0x00, 0x00, 0x00, 0x00, 0x00, 0x00, 0x00, 0x00, 0x00, 0x00, 0x00, 0x00,
  0x00, 0x00, 0x00, 0x00, 0x00, 0x00, 0x00, 0x00, 0xa5, 0xe9, 0xa5, 0xe9, 0xa5, 0xe9, 0xa5, 0xe9,
  0xa5, 0xe9, 0xa5, 0xe9, 0xa5, 0xe9, 0xa5, 0xe9, 0xa5, 0xe9, 0xa5, 0xe9, 0xa5, 0xe9, 0xa5, 0xe9,
  0xa5, 0xe9, 0xa5, 0xe9, 0xa5, 0xe9, 0xa5, 0xe9, 0x00, 0x00, 0x00, 0x00, 0x00, 0x00, 0x00, 0x00,
  0xa6, 0xe9, 0xa5, 0xe9, 0xa5, 0xe9, 0xa5, 0xe9, 0xa5, 0xe9, 0xa5, 0xe9, 0xa5, 0xe9, 0xa5, 0xe9,
  0xa5, 0xe9, 0xa5, 0xe9, 0xa5, 0xe9, 0xa5, 0xe9, 0xa5, 0xe9, 0xa5, 0xe9, 0xa5, 0xe9, 0xc6, 0xe9,
  0x00, 0x00, 0x00, 0x00, 0x00, 0x00, 0x00, 0x00, 0x00, 0x00, 0x00, 0x00, 0x00, 0x00, 0x00, 0x00,
  0x00, 0x00, 0x00, 0x00, 0x00, 0x00, 0x00, 0x00, 0x00, 0x00, 0xa5, 0xe9, 0xa5, 0xe9, 0xa5, 0xe9,
  0xc5, 0xe9, 0x00, 0x00, 0x00, 0x00, 0x00, 0x00, 0x00, 0x00, 0x00, 0x00, 0x00, 0x00, 0x00, 0x00,
  0x00, 0x00, 0x00, 0x00, 0x00, 0x00, 0x00, 0x00, 0x00, 0x00, 0x00, 0x00, 0x00, 0x00, 0x00, 0x00,
  0x00, 0x00, 0x00, 0x00, 0x00, 0x00, 0x00, 0x00, 0x00, 0x00, 0x00, 0x00, 0x65, 0xe9, 0xa6, 0xe9,
  0xa5, 0xe9, 0xa5, 0xe9, 0xa5, 0xe9, 0xa5, 0xe9, 0xa5, 0xe9, 0x24, 0xd9, 0x00, 0x00, 0x00, 0x00,
  0x00, 0x00, 0x00, 0x00, 0x00, 0x00, 0x00, 0x00, 0x00, 0x00, 0x00, 0x00, 0x00, 0x00, 0x00, 0x00,
  0x00, 0x00, 0x00, 0x00, 0x00, 0x00, 0xa6, 0xf9, 0xa5, 0xe9, 0xa5, 0xe9, 0xa5, 0xe9, 0xa5, 0xe9,
  0xa5, 0xe9, 0xa5, 0xe9, 0xa5, 0xe9, 0xa5, 0xe9, 0xa5, 0xe9, 0xa5, 0xe9, 0xa5, 0xe9, 0xa5, 0xe9,
  0xa5, 0xe9, 0xa5, 0xe9, 0xa5, 0xe9, 0xa5, 0xe9, 0x00, 0x00, 0x00, 0x00, 0x00, 0x00, 0x00, 0x00,
  0xa5, 0xe9, 0xa5, 0xe9, 0xa5, 0xe9, 0xa5, 0xe9, 0xa5, 0xe9, 0xa5, 0xe9, 0xa5, 0xe9, 0xa5, 0xe9,
  0xa5, 0xe9, 0xa5, 0xe9, 0xa5, 0xe9, 0xa5, 0xe9, 0xa5, 0xe9, 0xa5, 0xe9, 0xa5, 0xe9, 0xa5, 0xe9,
  0x00, 0x00, 0x00, 0x00, 0x00, 0x00, 0x00, 0x00, 0x00, 0x00, 0x00, 0x00, 0x00, 0x00, 0x00, 0x00,
  0x00, 0x00, 0x00, 0x00, 0x00, 0x00, 0x00, 0xf8, 0xa5, 0xe9, 0xa5, 0xe9, 0xa5, 0xe9, 0xa5, 0xe9,
  0xa5, 0xe9, 0xa6, 0xe9, 0x00, 0x00, 0x00, 0x00, 0x00, 0x00, 0x00, 0x00, 0x00, 0x00, 0x00, 0x00,
  0x00, 0x00, 0x00, 0x00, 0x00, 0x00, 0x00, 0x00, 0x00, 0x00, 0x00, 0x00, 0x00, 0x00, 0x00, 0x00,
  0x00, 0x00, 0x00, 0x00, 0x00, 0x00, 0x00, 0x00, 0x00, 0x00, 0x00, 0x00, 0x00, 0x00, 0xe5, 0xe9,
  0xa5, 0xe9, 0xa5, 0xe9, 0xa5, 0xe9, 0xa5, 0xe9, 0xa5, 0xe9, 0xa6, 0xe9, 0xa5, 0xe1, 0x00, 0x00,
  0x00, 0x00, 0x00, 0x00, 0x00, 0x00, 0x00, 0x00, 0x00, 0x00, 0x00, 0x00, 0x00, 0x00, 0x00, 0x00,
  0x00, 0x00, 0x00, 0x00, 0x00, 0x00, 0xa5, 0xe9, 0xa5, 0xe9, 0xa5, 0xe9, 0xa5, 0xe9, 0xa5, 0xe9,
  0xa5, 0xe9, 0xa5, 0xe9, 0xa5, 0xe9, 0xa5, 0xe9, 0xa5, 0xe9, 0xa5, 0xe9, 0xa5, 0xe9, 0xa5, 0xe9,
  0xa5, 0xe9, 0xa5, 0xe9, 0xa5, 0xe9, 0x00, 0x00, 0x00, 0x00, 0x00, 0x00, 0x00, 0x00, 0x00, 0x00,
  0xa6, 0xe9, 0xa5, 0xe9, 0xa5, 0xe9, 0xa5, 0xe9, 0xa5, 0xe9, 0xa5, 0xe9, 0xa5, 0xe9, 0xa5, 0xe9,
  0xa5, 0xe9, 0xa5, 0xe9, 0xa5, 0xe9, 0xa5, 0xe9, 0xa5, 0xe9, 0xa5, 0xe9, 0xa5, 0xe9, 0x00, 0x00,
  0x00, 0x00, 0x00, 0x00, 0x00, 0x00, 0x00, 0x00, 0x00, 0x00, 0x00, 0x00, 0x00, 0x00, 0x00, 0x00,
  0x00, 0x00, 0x00, 0x00, 0xc7, 0xe1, 0xa5, 0xe9, 0xa5, 0xe9, 0xa5, 0xe9, 0xa5, 0xe9, 0xa5, 0xe9,
  0xa5, 0xe9, 0xa6, 0xe9, 0x00, 0x00, 0x00, 0x00, 0x00, 0x00, 0x00, 0x00, 0x00, 0x00, 0x00, 0x00,
  0x00, 0x00, 0x00, 0x00, 0x00, 0x00, 0x00, 0x00, 0x00, 0x00, 0x00, 0x00, 0x00, 0x00, 0x00, 0x00,
  0x00, 0x00, 0x00, 0x00, 0x00, 0x00, 0x00, 0x00, 0x00, 0x00, 0x00, 0x00, 0x00, 0x00, 0x00, 0x00,
  0x65, 0xd9, 0xa6, 0xe9, 0xa5, 0xe9, 0xa5, 0xe9, 0xa5, 0xe9, 0xa5, 0xe9, 0xa5, 0xe9, 0xa5, 0xe9,
  0x00, 0x00, 0x00, 0x00, 0x00, 0x00, 0x00, 0x00, 0x00, 0x00, 0x00, 0x00, 0x00, 0x00, 0x00, 0x00,
  0x00, 0x00, 0x00, 0x00, 0x00, 0xf8, 0xa5, 0xe9, 0xa5, 0xe9, 0xa5, 0xe9, 0xa5, 0xe9, 0xa5, 0xe9,
  0xa5, 0xe9, 0xa5, 0xe9, 0xa5, 0xe9, 0xa5, 0xe9, 0xa5, 0xe9, 0xa5, 0xe9, 0xa5, 0xe9, 0xa5, 0xe9,
  0xa5, 0xe9, 0xa5, 0xe9, 0xa6, 0xe9, 0x00, 0x00, 0x00, 0x00, 0x00, 0x00, 0x00, 0x00, 0x00, 0x00,
  0xa5, 0xe9, 0xa5, 0xe9, 0xa5, 0xe9, 0xa5, 0xe9, 0xa5, 0xe9, 0xa5, 0xe9, 0xa5, 0xe9, 0xa5, 0xe9,
  0xa5, 0xe9, 0xa5, 0xe9, 0xa5, 0xe9, 0xa5, 0xe9, 0xa5, 0xe9, 0xa5, 0xe9, 0xa5, 0xe9, 0x00, 0x00,
  0x00, 0x00, 0x00, 0x00, 0x00, 0x00, 0x00, 0x00, 0x00, 0x00, 0x00, 0x00, 0x00, 0x00, 0x00, 0x00,
  0x00, 0x00, 0xa6, 0xe9, 0xa5, 0xe9, 0xa5, 0xe9, 0xa5, 0xe9, 0xa5, 0xe9, 0xa5, 0xe9, 0xa6, 0xe9,
  0xa5, 0xe9, 0x00, 0x00, 0x00, 0x00, 0x00, 0x00, 0x00, 0x00, 0x00, 0x00, 0x00, 0x00, 0x00, 0x00,
  0x00, 0x00, 0x00, 0x00, 0x00, 0x00, 0x00, 0x00, 0x00, 0x00, 0x00, 0x00, 0x00, 0x00, 0x00, 0x00,
  0x00, 0x00, 0x00, 0x00, 0x00, 0x00, 0x00, 0x00, 0x00, 0x00, 0x00, 0x00, 0x00, 0x00, 0x00, 0x00,
  0x00, 0x00, 0x00, 0xf8, 0xa5, 0xe9, 0xa5, 0xe9, 0xa5, 0xe9, 0xa5, 0xe9, 0xa5, 0xe9, 0xa5, 0xe9,
  0xa5, 0xe9, 0x00, 0xf8, 0x00, 0x00, 0x00, 0x00, 0x00, 0x00, 0x00, 0x00, 0x00, 0x00, 0x00, 0x00,
  0x00, 0x00, 0x00, 0x00, 0x00, 0x00, 0xa5, 0xe9, 0xa5, 0xe9, 0xa5, 0xe9, 0xa5, 0xe9, 0xa5, 0xe9,
  0xa5, 0xe9, 0xa5, 0xe9, 0xa5, 0xe9, 0xa5, 0xe9, 0xa5, 0xe9, 0xa5, 0xe9, 0xa5, 0xe9, 0xa5, 0xe9,
  0xa5, 0xe9, 0xa5, 0xe9, 0xa5, 0xe9, 0x00, 0x00, 0x00, 0x00, 0x00, 0x00, 0x00, 0x00, 0xa6, 0xf1,
  0xa5, 0xe9, 0xa5, 0xe9, 0xa5, 0xe9, 0xa5, 0xe9, 0xa5, 0xe9, 0xa5, 0xe9, 0xa5, 0xe9, 0xa5, 0xe9,
  0xa5, 0xe9, 0xa5, 0xe9, 0xa5, 0xe9, 0xa5, 0xe9, 0xa5, 0xe9, 0xa5, 0xe9, 0xa5, 0xe9, 0x00, 0x00,
  0x00, 0x00, 0x00, 0x00, 0x00, 0x00, 0x00, 0x00, 0x00, 0x00, 0x00, 0x00, 0x00, 0x00, 0x00, 0x00,
  0xa5, 0xe9, 0xa5, 0xe9, 0xa5, 0xe9, 0xa5, 0xe9, 0xa5, 0xe9, 0xa5, 0xe9, 0xa6, 0xe9, 0xa5, 0xe9,
  0x00, 0x00, 0x00, 0x00, 0x00, 0x00, 0x00, 0x00, 0x00, 0x00, 0x00, 0x00, 0x00, 0x00, 0x00, 0x00,
  0x00, 0x00, 0x00, 0x00, 0x00, 0x00, 0x00, 0x00, 0x00, 0x00, 0x00, 0x00, 0x00, 0x00, 0x00, 0x00,
  0x00, 0x00, 0x00, 0x00, 0x00, 0x00, 0x00, 0x00, 0x00, 0x00, 0x00, 0x00, 0x00, 0x00, 0x00, 0x00,
  0x00, 0x00, 0x00, 0x00, 0x00, 0x00, 0xa6, 0xe9, 0xa5, 0xe9, 0xa5, 0xe9, 0xa5, 0xe9, 0xa5, 0xe9,
  0xa5, 0xe9, 0xa5, 0xe9, 0xa5, 0xe9, 0x00, 0x00, 0x00, 0x00, 0x00, 0x00, 0x00, 0x00, 0x00, 0x00,
  0x00, 0x00, 0x00, 0x00, 0x00, 0x00, 0x00, 0x00, 0x00, 0x00, 0xa5, 0xe9, 0xa5, 0xe9, 0xa5, 0xe9,
  0xa5, 0xe9, 0xa5, 0xe9, 0xa5, 0xe9, 0xa5, 0xe9, 0xa5, 0xe9, 0xa5, 0xe9, 0xa5, 0xe9, 0xa5, 0xe9,
  0xa5, 0xe9, 0xa5, 0xe9, 0x08, 0xfa, 0x00, 0x00, 0x00, 0x00, 0x00, 0x00, 0x00, 0x00, 0x08, 0xfa,
  0xc5, 0xe9, 0xa6, 0xe9, 0xa5, 0xe9, 0xa5, 0xe9, 0xa5, 0xe9, 0xa5, 0xe9, 0xa5, 0xe9, 0xa5, 0xe9,
  0xa5, 0xe9, 0xa5, 0xe9, 0xa5, 0xe9, 0xa5, 0xe9, 0xa6, 0xe9, 0xa6, 0xe9, 0x00, 0x00, 0x00, 0x00,
  0x00, 0x00, 0x00, 0x00, 0x00, 0x00, 0x00, 0x00, 0x00, 0x00, 0x00, 0x00, 0xc6, 0xe9, 0xa5, 0xe9,
  0xa5, 0xe9, 0xa5, 0xe9, 0xa5, 0xe9, 0xa5, 0xe9, 0xa5, 0xe9, 0xa5, 0xe9, 0xa6, 0xf1, 0x00, 0x00,
  0x00, 0x00, 0x00, 0x00, 0x00, 0x00, 0x00, 0x00, 0x00, 0x00, 0x00, 0x00, 0x00, 0x00, 0x00, 0x00,
  0x00, 0x00, 0x00, 0x00, 0x00, 0x00, 0x00, 0x00, 0x00, 0x00, 0x00, 0x00, 0x00, 0x00, 0x00, 0x00,
  0x00, 0x00, 0x00, 0x00, 0x00, 0x00, 0x00, 0x00, 0x00, 0x00, 0x00, 0x00, 0x00, 0x00, 0x00, 0x00,
  0x00, 0x00, 0x00, 0x00, 0x00, 0x00, 0x00, 0x00, 0xc5, 0xe9, 0xa5, 0xe9, 0xa5, 0xe9, 0xa5, 0xe9,
  0xa5, 0xe9, 0xa5, 0xe9, 0xa5, 0xe9, 0xa5, 0xe9, 0x66, 0xe9, 0x00, 0x00, 0x00, 0x00, 0x00, 0x00,
  0x00, 0x00, 0x00, 0x00, 0x00, 0x00, 0x00, 0x00, 0x00, 0x00, 0x00, 0x00, 0xc5, 0xe1, 0xa6, 0xe9,
  0xa5, 0xe9, 0xa5, 0xe9, 0xa5, 0xe9, 0xa5, 0xe9, 0xa5, 0xe9, 0xa5, 0xe9, 0xa5, 0xe9, 0xa5, 0xe9,
  0xa5, 0xe9, 0xa5, 0xe9, 0x00, 0x00, 0x00, 0x00, 0x00, 0x00, 0x00, 0x00, 0x00, 0x00, 0x00, 0x00,
  0x00, 0x00, 0x00, 0x00, 0x00, 0x00, 0x85, 0xe9, 0xa6, 0xe9, 0xa5, 0xe9, 0xa5, 0xe9, 0xa5, 0xe9,
  0xa5, 0xe9, 0xa5, 0xe9, 0xa5, 0xe9, 0xe6, 0xe1, 0x00, 0x00, 0x00, 0x00, 0x00, 0x00, 0x00, 0x00,
  0x00, 0x00, 0x00, 0x00, 0x00, 0x00, 0x00, 0x00, 0x00, 0xf8, 0xa5, 0xe9, 0xa5, 0xe9, 0xa5, 0xe9,
  0xa5, 0xe9, 0xa5, 0xe9, 0xa5, 0xe9, 0xa5, 0xe9, 0xa5, 0xe9, 0x00, 0xf8, 0x00, 0x00, 0x00, 0x00,
  0x00, 0x00, 0x00, 0x00, 0x00, 0x00, 0x00, 0x00, 0x00, 0x00, 0x00, 0x00, 0x00, 0x00, 0x00, 0x00,
  0x00, 0x00, 0x00, 0x00, 0x00, 0x00, 0x00, 0x00, 0x00, 0x00, 0x00, 0x00, 0x00, 0x00, 0x00, 0x00,
  0x00, 0x00, 0x00, 0x00, 0x00, 0x00, 0x00, 0x00, 0x00, 0x00, 0x00, 0x00, 0x00, 0x00, 0x00, 0x00,
  0x00, 0x00, 0x00, 0x00, 0x00, 0x00, 0x00, 0x00, 0x00, 0x00, 0x65, 0xe9, 0xa5, 0xe9, 0xa5, 0xe9,
  0xa5, 0xe9, 0xa5, 0xe9, 0xa5, 0xe9, 0xa5, 0xe9, 0xa5, 0xe9, 0xa5, 0xe9, 0x00, 0x00, 0x00, 0x00,
  0x00, 0x00, 0x00, 0x00, 0x00, 0x00, 0x00, 0x00, 0x00, 0x00, 0x00, 0x00, 0x00, 0x00, 0x00, 0x00,
  0xa6, 0xe9, 0xa6, 0xe9, 0xa5, 0xe9, 0xa5, 0xe9, 0xa5, 0xe9, 0xa5, 0xe9, 0xa5, 0xe9, 0xa5, 0xe9,
  0xa5, 0xe9, 0xa6, 0xe9, 0x00, 0x00, 0x00, 0x00, 0x00, 0x00, 0x00, 0x00, 0x00, 0x00, 0x00, 0x00,
  0x00, 0x00, 0x00, 0x00, 0x00, 0x00, 0x00, 0x00, 0x00, 0x00, 0x00, 0x00, 0xab, 0xfa, 0xa5, 0xe9,
  0xa5, 0xe1, 0x00, 0x00, 0x00, 0x00, 0x00, 0x00, 0x00, 0x00, 0x00, 0x00, 0x00, 0x00, 0x00, 0x00,
  0x00, 0x00, 0x00, 0x00, 0x00, 0x00, 0xa5, 0xe9, 0xa6, 0xe9, 0xa5, 0xe9, 0xa5, 0xe9, 0xa5, 0xe9,
  0xa5, 0xe9, 0xa5, 0xe9, 0xa5, 0xe9, 0xa5, 0xe9, 0x00, 0x00, 0x00, 0x00, 0x00, 0x00, 0x00, 0x00,
  0x00, 0x00, 0x00, 0x00, 0x00, 0x00, 0x00, 0x00, 0x00, 0x00, 0x00, 0x00, 0x00, 0x00, 0x00, 0x00,
  0x00, 0x00, 0x00, 0x00, 0x00, 0x00, 0x00, 0x00, 0x00, 0x00, 0x00, 0x00, 0x00, 0x00, 0x00, 0x00,
  0x00, 0x00, 0x00, 0x00, 0x00, 0x00, 0x00, 0x00, 0x00, 0x00, 0x00, 0x00, 0x00, 0x00, 0x00, 0x00,
  0x00, 0x00, 0x00, 0x00, 0x00, 0x00, 0x00, 0x00, 0x00, 0x00, 0x00, 0x00, 0x00, 0x00, 0xa5, 0xe9,
  0xa5, 0xe9, 0xa5, 0xe9, 0xa5, 0xe9, 0xa5, 0xe9, 0xa5, 0xe9, 0xa5, 0xe9, 0xa5, 0xe9, 0xa5, 0xe9,
  0x00, 0xf8, 0x00, 0x00, 0x00, 0x00, 0x00, 0x00, 0x00, 0x00, 0x00, 0x00, 0x00, 0x00, 0x00, 0x00,
  0x00, 0x00, 0x00, 0x00, 0x00, 0x00, 0x00, 0x00, 0xc5, 0xe9, 0xc6, 0xe9, 0xa6, 0xe9, 0xa6, 0xe9,
  0xa6, 0xe9, 0x00, 0x00, 0x00, 0x00, 0x00, 0x00, 0x00, 0x00, 0x00, 0x00, 0x00, 0x00, 0x00, 0x00,
  0x00, 0x00, 0x00, 0x00, 0x00, 0x00, 0x00, 0x00, 0x00, 0x00, 0x00, 0x00, 0x00, 0x00, 0x00, 0x00,
  0x00, 0x00, 0x00, 0x00, 0x00, 0x00, 0x00, 0x00, 0x00, 0x00, 0x00, 0x00, 0x00, 0x00, 0x00, 0x00,
  0x00, 0x00, 0xc5, 0xe9, 0xa5, 0xe9, 0xa5, 0xe9, 0xa5, 0xe9, 0xa5, 0xe9, 0xa5, 0xe9, 0xa5, 0xe9,
  0xa5, 0xe9, 0xa5, 0xe9, 0xe5, 0xe9, 0x00, 0x00, 0x00, 0x00, 0x00, 0x00, 0x00, 0x00, 0x00, 0x00,
  0x00, 0x00, 0x00, 0x00, 0x00, 0x00, 0x00, 0x00, 0x00, 0x00, 0x00, 0x00, 0x00, 0x00, 0x00, 0x00,
  0x00, 0x00, 0x00, 0x00, 0x00, 0x00, 0x00, 0x00, 0x00, 0x00, 0x00, 0x00, 0x00, 0x00, 0x00, 0x00,
  0x00, 0x00, 0x00, 0x00, 0x00, 0x00, 0x00, 0x00, 0x00, 0x00, 0x00, 0x00, 0x00, 0x00, 0x00, 0x00,
  0x00, 0x00, 0x00, 0x00, 0x00, 0x00, 0x00, 0x00, 0x00, 0x00, 0x00, 0x00, 0x00, 0x00, 0x00, 0x00,
  0x65, 0xe9, 0xa5, 0xe9, 0xa5, 0xe9, 0xa5, 0xe9, 0xa5, 0xe9, 0xa5, 0xe9, 0xa5, 0xe9, 0xa5, 0xe9,
  0xa5, 0xe9, 0xa5, 0xe9, 0x65, 0xd9, 0x00, 0x00, 0x00, 0x00, 0x00, 0x00, 0x00, 0x00, 0x00, 0x00,
  0x00, 0x00, 0x00, 0x00, 0x00, 0x00, 0x00, 0x00, 0x00, 0x00, 0x00, 0x00, 0x00, 0x00, 0x00, 0x00,
  0x00, 0x00, 0x00, 0x00, 0x00, 0x00, 0x00, 0x00, 0x00, 0x00, 0x00, 0x00, 0x00, 0x00, 0x00, 0x00,
  0x00, 0x00, 0x00, 0x00, 0x00, 0x00, 0x00, 0x00, 0x00, 0x00, 0x00, 0x00, 0x00, 0x00, 0x00, 0x00,
  0x00, 0x00, 0x00, 0x00, 0x00, 0x00, 0x00, 0x00, 0x00, 0x00, 0x00, 0x00, 0x00, 0xf8, 0xa5, 0xe9,
  0xa5, 0xe9, 0xa5, 0xe9, 0xa5, 0xe9, 0xa5, 0xe9, 0xa5, 0xe9, 0xa5, 0xe9, 0xa5, 0xe9, 0xa5, 0xe9,
  0xa5, 0xe9, 0x00, 0x00, 0x00, 0x00, 0x00, 0x00, 0x00, 0x00, 0x00, 0x00, 0x00, 0x00, 0x00, 0x00,
  0x00, 0x00, 0x00, 0x00, 0x00, 0x00, 0x00, 0x00, 0x00, 0x00, 0x00, 0x00, 0x00, 0x00, 0x00, 0x00,
  0x00, 0x00, 0x00, 0x00, 0x00, 0x00, 0x00, 0x00, 0x00, 0x00, 0x00, 0x00, 0x00, 0x00, 0x00, 0x00,
  0x00, 0x00, 0x00, 0x00, 0x00, 0x00, 0x00, 0x00, 0x00, 0x00, 0x00, 0x00, 0x00, 0x00, 0x00, 0x00,
  0x00, 0x00, 0x00, 0x00, 0x00, 0x00, 0x00, 0x00, 0x00, 0x00, 0x00, 0x00, 0x00, 0x00, 0x00, 0x00,
  0x00, 0x00, 0x00, 0x00, 0xc5, 0xe9, 0xa5, 0xe9, 0xa5, 0xe9, 0xa5, 0xe9, 0xa5, 0xe9, 0xa5, 0xe9,
  0xa5, 0xe9, 0xa5, 0xe9, 0xa5, 0xe9, 0xa5, 0xe9, 0xa5, 0xe9, 0x00, 0xf8, 0x00, 0x00, 0x00, 0x00,
  0x00, 0x00, 0x00, 0x00, 0x00, 0x00, 0x00, 0x00, 0x00, 0x00, 0x00, 0x00, 0x00, 0x00, 0x00, 0x00,
  0x00, 0x00, 0x00, 0x00, 0x00, 0x00, 0x00, 0x00, 0x00, 0x00, 0x00, 0x00, 0x00, 0x00, 0x00, 0x00,
  0x00, 0x00, 0x00, 0x00, 0x00, 0x00, 0x00, 0x00, 0x00, 0x00, 0x00, 0x00, 0x00, 0x00, 0x00, 0x00,
  0x00, 0x00, 0x00, 0x00, 0x00, 0x00, 0x00, 0x00, 0xc5, 0xe9, 0xa5, 0xe9, 0xa5, 0xe9, 0xa5, 0xe9,
  0xa5, 0xe9, 0xa5, 0xe9, 0xa5, 0xe9, 0xa5, 0xe9, 0xa5, 0xe9, 0xa5, 0xe9, 0xa5, 0xe9, 0x00, 0xf8,
  0x00, 0x00, 0x00, 0x00, 0x00, 0x00, 0x00, 0x00, 0x00, 0x00, 0x00, 0x00, 0x00, 0x00, 0x00, 0x00,
  0x00, 0x00, 0x00, 0x00, 0x00, 0x00, 0x00, 0x00, 0x00, 0x00, 0x00, 0x00, 0x00, 0x00, 0x00, 0x00,
  0x00, 0x00, 0x00, 0x00, 0x00, 0x00, 0x00, 0x00, 0x00, 0x00, 0x00, 0x00, 0x00, 0x00, 0x00, 0x00,
  0x00, 0x00, 0x00, 0x00, 0x00, 0x00, 0x00, 0x00, 0x00, 0x00, 0x00, 0x00, 0x00, 0x00, 0x00, 0x00,
  0x00, 0x00, 0x00, 0x00, 0x00, 0x00, 0x00, 0x00, 0x00, 0x00, 0x00, 0x00, 0x00, 0x00, 0x00, 0x00,
  0x00, 0x00, 0x00, 0x00, 0x00, 0x00, 0x00, 0x00, 0xa6, 0xe9, 0xa5, 0xe9, 0xa5, 0xe9, 0xa5, 0xe9,
  0xa5, 0xe9, 0xa5, 0xe9, 0xa5, 0xe9, 0xa5, 0xe9, 0xa5, 0xe9, 0xa5, 0xe9, 0xa5, 0xe9, 0xa5, 0xe9,
  0xc7, 0xe1, 0x00, 0x00, 0x00, 0x00, 0x00, 0x00, 0x00, 0x00, 0x00, 0x00, 0x00, 0x00, 0x00, 0x00,
  0x00, 0x00, 0x00, 0x00, 0x00, 0x00, 0x00, 0x00, 0x00, 0x00, 0x00, 0x00, 0x00, 0x00, 0x00, 0x00,
  0x00, 0x00, 0x00, 0x00, 0x00, 0x00, 0x00, 0x00, 0x00, 0x00, 0x00, 0x00, 0x00, 0x00, 0x00, 0x00,
  0x08, 0xfa, 0xa5, 0xe9, 0xa5, 0xe9, 0xa5, 0xe9, 0xa5, 0xe9, 0xa5, 0xe9, 0xa5, 0xe9, 0xa5, 0xe9,
  0xa5, 0xe9, 0xa5, 0xe9, 0xa5, 0xe9, 0xa5, 0xe9, 0xa5, 0xe9, 0x65, 0xe9, 0x00, 0x00, 0x00, 0x00,
  0x00, 0x00, 0x00, 0x00, 0x00, 0x00, 0x00, 0x00, 0x00, 0x00, 0x00, 0x00, 0x00, 0x00, 0x00, 0x00,
  0x00, 0x00, 0x00, 0x00, 0x00, 0x00, 0x00, 0x00, 0x00, 0x00, 0x00, 0x00, 0x00, 0x00, 0x00, 0x00,
  0x00, 0x00, 0x00, 0x00, 0x00, 0x00, 0x00, 0x00, 0x00, 0x00, 0x00, 0x00, 0x00, 0x00, 0x00, 0x00,
  0x00, 0x00, 0x00, 0x00, 0x00, 0x00, 0x00, 0x00, 0x00, 0x00, 0x00, 0x00, 0x00, 0x00, 0x00, 0x00,
  0x00, 0x00, 0x00, 0x00, 0x00, 0x00, 0x00, 0x00, 0x00, 0x00, 0x00, 0x00, 0x00, 0x00, 0x00, 0x00,
  0x00, 0x00, 0x00, 0x00, 0x00, 0x00, 0x00, 0x00, 0x00, 0x00, 0x00, 0x00, 0xa5, 0xe1, 0xa5, 0xe9,
  0xa5, 0xe9, 0xa5, 0xe9, 0xa5, 0xe9, 0xa5, 0xe9, 0xa5, 0xe9, 0xa5, 0xe9, 0xa5, 0xe9, 0xa5, 0xe9,
  0xa5, 0xe9, 0xa5, 0xe9, 0xa5, 0xe9, 0xa6, 0xe9, 0x85, 0xe9, 0x08, 0xfa, 0x00, 0x00, 0x00, 0x00,
  0x00, 0x00, 0x00, 0x00, 0x00, 0x00, 0x00, 0x00, 0x00, 0x00, 0x00, 0x00, 0x00, 0x00, 0x00, 0x00,
  0x00, 0x00, 0x00, 0x00, 0x00, 0x00, 0x00, 0xf8, 0x85, 0xe9, 0xa5, 0xe9, 0xa6, 0xe9, 0xa6, 0xe9,
  0xa5, 0xe9, 0xa5, 0xe9, 0xa5, 0xe9, 0xa5, 0xe9, 0xa5, 0xe9, 0xa5, 0xe9, 0xa5, 0xe9, 0xa5, 0xe9,
  0xa5, 0xe9, 0xa5, 0xe9, 0xa5, 0xe9, 0x65, 0xd9, 0x00, 0x00, 0x00, 0x00, 0x00, 0x00, 0x00, 0x00,
  0x00, 0x00, 0x00, 0x00, 0x00, 0x00, 0x00, 0x00, 0x00, 0x00, 0x00, 0x00, 0x00, 0x00, 0x00, 0x00,
  0x00, 0x00, 0x00, 0x00, 0x00, 0x00, 0x00, 0x00, 0x00, 0x00, 0x00, 0x00, 0x00, 0x00, 0x00, 0x00,
  0x00, 0x00, 0x00, 0x00, 0x00, 0x00, 0x00, 0x00, 0x00, 0x00, 0x00, 0x00, 0x00, 0x00, 0x00, 0x00,
  0x00, 0x00, 0x00, 0x00, 0x00, 0x00, 0x00, 0x00, 0x00, 0x00, 0x00, 0x00, 0x00, 0x00, 0x00, 0x00,
  0x00, 0x00, 0x00, 0x00, 0x00, 0x00, 0x00, 0x00, 0x00, 0x00, 0x00, 0x00, 0x00, 0x00, 0x00, 0x00,
  0x00, 0x00, 0x00, 0x00, 0x00, 0x00, 0x00, 0x00, 0x00, 0x00, 0x00, 0x00, 0x00, 0x00, 0x00, 0x00,
  0xa5, 0xe9, 0xa5, 0xe9, 0xa5, 0xe9, 0xa5, 0xe9, 0xa5, 0xe9, 0xa5, 0xe9, 0xa5, 0xe9, 0xa5, 0xe9,
  0xa5, 0xe9, 0xa5, 0xe9, 0xa5, 0xe9, 0xa5, 0xe9, 0xa5, 0xe9, 0xa5, 0xe9, 0xa5, 0xe9, 0xa5, 0xe9,
  0xa5, 0xe9, 0xa5, 0xe9, 0xa5, 0xe9, 0xa6, 0xe9, 0xa5, 0xe9, 0xa6, 0xe9, 0xa5, 0xe9, 0xa5, 0xe9,
  0xa5, 0xe9, 0xa5, 0xe9, 0xa5, 0xe9, 0xa5, 0xe9, 0xa5, 0xe9, 0xa5, 0xe9, 0xa5, 0xe9, 0xa5, 0xe9,
  0xa5, 0xe9, 0xa5, 0xe9, 0xa5, 0xe9, 0xa5, 0xe9, 0xa5, 0xe9, 0xa5, 0xe9, 0xa5, 0xe9, 0xa5, 0xe9,
  0xc5, 0xe9, 0x00, 0xf8, 0x00, 0x00, 0x00, 0x00, 0x00, 0x00, 0x00, 0x00, 0x00, 0x00, 0x00, 0x00,
  0x00, 0x00, 0x00, 0x00, 0x00, 0x00, 0x00, 0x00, 0x00, 0x00, 0x00, 0x00, 0x00, 0x00, 0x00, 0x00,
  0x00, 0x00, 0x00, 0x00, 0x00, 0x00, 0x00, 0x00, 0x00, 0x00, 0x00, 0x00, 0x00, 0x00, 0x00, 0x00,
  0x00, 0x00, 0x00, 0x00, 0x00, 0x00, 0x00, 0x00, 0x00, 0x00, 0x00, 0x00, 0x00, 0x00, 0x00, 0x00,
  0x00, 0x00, 0x00, 0x00, 0x00, 0x00, 0x00, 0x00, 0x00, 0x00, 0x00, 0x00, 0x00, 0x00, 0x00, 0x00,
  0x00, 0x00, 0x00, 0x00, 0x00, 0x00, 0x00, 0x00, 0x00, 0x00, 0x00, 0x00, 0x00, 0x00, 0x00, 0x00,
  0x00, 0x00, 0x00, 0x00, 0x00, 0x00, 0x00, 0x00, 0x00, 0x00, 0x00, 0x00, 0x00, 0x00, 0x00, 0x00,
  0x00, 0x00, 0x00, 0x00, 0x00, 0x00, 0xa6, 0xe9, 0xa5, 0xe9, 0xa6, 0xe9, 0xa5, 0xe9, 0xa5, 0xe9,
  0xa5, 0xe9, 0xa5, 0xe9, 0xa5, 0xe9, 0xa5, 0xe9, 0xa5, 0xe9, 0xa5, 0xe9, 0xa5, 0xe9, 0xa5, 0xe9,
  0xa5, 0xe9, 0xa5, 0xe9, 0xa5, 0xe9, 0xa5, 0xe9, 0xa5, 0xe9, 0xa5, 0xe9, 0xa5, 0xe9, 0xa5, 0xe9,
  0xa5, 0xe9, 0xa5, 0xe9, 0xa5, 0xe9, 0xa5, 0xe9, 0xa5, 0xe9, 0xa5, 0xe9, 0xa5, 0xe9, 0xa5, 0xe9,
  0xa5, 0xe9, 0xa5, 0xe9, 0xa5, 0xe9, 0xa5, 0xe9, 0xa5, 0xe9, 0xa5, 0xe9, 0x04, 0xe2, 0x00, 0x00,
  0x00, 0x00, 0x00, 0x00, 0x00, 0x00, 0x00, 0x00, 0x00, 0x00, 0x00, 0x00, 0x00, 0x00, 0x00, 0x00,
  0x00, 0x00, 0x00, 0x00, 0x00, 0x00, 0x00, 0x00, 0x00, 0x00, 0x00, 0x00, 0x00, 0x00, 0x00, 0x00,
  0x00, 0x00, 0x00, 0x00, 0x00, 0x00, 0x00, 0x00, 0x00, 0x00, 0x00, 0x00, 0x00, 0x00, 0x00, 0x00,
  0x00, 0x00, 0x00, 0x00, 0x00, 0x00, 0x00, 0x00, 0x00, 0x00, 0x00, 0x00, 0x00, 0x00, 0x00, 0x00,
  0x00, 0x00, 0x00, 0x00, 0x00, 0x00, 0x00, 0x00, 0x00, 0x00, 0x00, 0x00, 0x00, 0x00, 0x00, 0x00,
  0x00, 0x00, 0x00, 0x00, 0x00, 0x00, 0x00, 0x00, 0x00, 0x00, 0x00, 0x00, 0x00, 0x00, 0x00, 0x00,
  0x00, 0x00, 0x00, 0x00, 0x00, 0x00, 0x00, 0x00, 0x00, 0x00, 0x00, 0x00, 0x00, 0x00, 0x00, 0x00,
  0x00, 0x00, 0x00, 0x00, 0x00, 0x00, 0x00, 0x00, 0x00, 0x00, 0x00, 0x00, 0xc5, 0xe9, 0xa5, 0xe9,
  0xa5, 0xe9, 0xa5, 0xe9, 0xa5, 0xe9, 0xa5, 0xe9, 0xa5, 0xe9, 0xa5, 0xe9, 0xa5, 0xe9, 0xa5, 0xe9,
  0xa5, 0xe9, 0xa5, 0xe9, 0xa5, 0xe9, 0xa5, 0xe9, 0xa5, 0xe9, 0xa5, 0xe9, 0xa5, 0xe9, 0xa5, 0xe9,
  0xa5, 0xe9, 0xa5, 0xe9, 0xa5, 0xe9, 0xa5, 0xe9, 0xa5, 0xe9, 0xa5, 0xe9, 0xa5, 0xe9, 0xa5, 0xe9,
  0xa5, 0xe9, 0xa5, 0xe9, 0xa5, 0xe9, 0x65, 0xd9, 0x00, 0x00, 0x00, 0x00, 0x00, 0x00, 0x00, 0x00,
  0x00, 0x00, 0x00, 0x00, 0x00, 0x00, 0x00, 0x00, 0x00, 0x00, 0x00, 0x00, 0x00, 0x00, 0x00, 0x00,
  0x00, 0x00, 0x00, 0x00, 0x00, 0x00, 0x00, 0x00, 0x00, 0x00, 0x00, 0x00, 0x00, 0x00, 0x00, 0x00,
  0x00, 0x00, 0x00, 0x00, 0x00, 0x00, 0x00, 0x00, 0x00, 0x00, 0x00, 0x00, 0x00, 0x00, 0x00, 0x00,
  0x00, 0x00, 0x00, 0x00, 0x00, 0x00, 0x00, 0x00, 0x00, 0x00, 0x00, 0x00, 0x00, 0x00, 0x00, 0x00,
  0x00, 0x00, 0x00, 0x00, 0x00, 0x00, 0x00, 0x00, 0x00, 0x00, 0x00, 0x00, 0x00, 0x00, 0x00, 0x00,
  0x00, 0x00, 0x00, 0x00, 0x00, 0x00, 0x00, 0x00, 0x00, 0x00, 0x00, 0x00, 0x00, 0x00, 0x00, 0x00,
  0x00, 0x00, 0x00, 0x00, 0x00, 0x00, 0x00, 0x00, 0x00, 0x00, 0x00, 0x00, 0x00, 0x00, 0x00, 0x00,
  0x00, 0x00, 0x00, 0x00, 0x00, 0x00, 0x00, 0x00, 0x00, 0x00, 0x00, 0x00, 0x00, 0x00, 0x00, 0x00,
  0x00, 0x00, 0x00, 0x00, 0x66, 0xe9, 0xa5, 0xe9, 0xa5, 0xe9, 0xa6, 0xe9, 0xa6, 0xe9, 0xa6, 0xe9,
  0xa5, 0xe9, 0xa5, 0xe9, 0xa5, 0xe9, 0xa5, 0xe9, 0xa5, 0xe9, 0xa5, 0xe9, 0xa5, 0xe9, 0xa5, 0xe9,
  0xa5, 0xe9, 0xa5, 0xe9, 0xa5, 0xe9, 0xa5, 0xe9, 0xa6, 0xe9, 0xa6, 0xe9, 0xa6, 0xe1, 0x00, 0xf8,
  0x00, 0x00, 0x00, 0x00, 0x00, 0x00, 0x00, 0x00, 0x00, 0x00, 0x00, 0x00, 0x00, 0x00, 0x00, 0x00,
  0x00, 0x00, 0x00, 0x00, 0x00, 0x00, 0x00, 0x00, 0x00, 0x00, 0x00, 0x00, 0x00, 0x00, 0x00, 0x00,
  0x00, 0x00, 0x00, 0x00, 0x00, 0x00, 0x00, 0x00, 0x00, 0x00, 0x00, 0x00, 0x00, 0x00, 0x00, 0x00,
  0x00, 0x00, 0x00, 0x00, 0x00, 0x00, 0x00, 0x00, 0x00, 0x00, 0x00, 0x00, 0x00, 0x00, 0x00, 0x00,
  0x00, 0x00, 0x00, 0x00, 0x00, 0x00, 0x00, 0x00, 0x00, 0x00, 0x00, 0x00, 0x00, 0x00, 0x00, 0x00,
  0x00, 0x00, 0x00, 0x00, 0x00, 0x00, 0x00, 0x00, 0x00, 0x00, 0x00, 0x00, 0x00, 0x00, 0x00, 0x00,
  0x00, 0x00, 0x00, 0x00, 0x00, 0x00, 0x00, 0x00, 0x00, 0x00, 0x00, 0x00, 0x00, 0x00, 0x00, 0xb8,
  0xe3, 0xf8, 0xff, 0xff, 0xf8, 0xef, 0xdf, 0xd7, 0xc3, 0x9c, 0x78, 0x54, 0x2b, 0x00, 0x00, 0x00,
  0x00, 0x00, 0x00, 0x00, 0x00, 0x00, 0x00, 0x00, 0x00, 0x00, 0x00, 0x00, 0x00, 0x00, 0x00, 0x00,
  0x00, 0x00, 0x00, 0x00, 0x00, 0x00, 0x00, 0x00, 0x00, 0x00, 0x00, 0x00, 0x00, 0x00, 0x00, 0x00,
  0x00, 0x00, 0x00, 0x00, 0x00, 0x00, 0x00, 0x00, 0x00, 0x00, 0x00, 0x00, 0x00, 0x00, 0x00, 0x00,
  0x00, 0x00, 0x00, 0x00, 0x00, 0x00, 0x00, 0x00, 0x00, 0x00, 0x00, 0x00, 0x00, 0x00, 0x00, 0x00,
  0x00, 0x00, 0x00, 0x00, 0x00, 0x00, 0x00, 0x00, 0x00, 0x00, 0x00, 0x00, 0x00, 0x00, 0x37, 0xff,
  0xff, 0xff, 0xff, 0xff, 0xff, 0xff, 0xff, 0xff, 0xff, 0xff, 0xff, 0xff, 0xff, 0xec, 0xaf, 0x6f,
  0x2f, 0x00, 0x00, 0x00, 0x00, 0x00, 0x00, 0x00, 0x00, 0x00, 0x00, 0x00, 0x00, 0x00, 0x00, 0x00,
  0x00, 0x00, 0x00, 0x00, 0x00, 0x00, 0x00, 0x00, 0x00, 0x00, 0x00, 0x00, 0x00, 0x00, 0x00, 0x00,
  0x00, 0x00, 0x00, 0x00, 0x00, 0x00, 0x00, 0x00, 0x00, 0x00, 0x00, 0x00, 0x00, 0x00, 0x00, 0x00,
  0x00, 0x00, 0x00, 0x00, 0x00, 0x00, 0x00, 0x00, 0x00, 0x00, 0x00, 0x00, 0x00, 0x00, 0x00, 0x00,
  0x00, 0x00, 0x00, 0x00, 0x00, 0x00, 0x00, 0x00, 0x00, 0x00, 0x00, 0x00, 0x00, 0x00, 0x8f, 0xff,
  0xff, 0xff, 0xff, 0xff, 0xff, 0xff, 0xff, 0xff, 0xff, 0xff, 0xff, 0xff, 0xff, 0xff, 0xff, 0xff,
  0xff, 0xe0, 0x88, 0x27, 0x00, 0x00, 0x00, 0x00, 0x00, 0x00, 0x00, 0x00, 0x00, 0x00, 0x00, 0x00,
  0x00, 0x00, 0x00, 0x00, 0x00, 0x00, 0x00, 0x00, 0x00, 0x00, 0x00, 0x00, 0x00, 0x00, 0x00, 0x00,
  0x00, 0x00, 0x00, 0x00, 0x00, 0x00, 0x00, 0x00, 0x00, 0x00, 0x00, 0x00, 0x00, 0x00, 0x00, 0x00,
  0x00, 0x00, 0x00, 0x00, 0x00, 0x00, 0x00, 0x00, 0x00, 0x00, 0x00, 0x00, 0x00, 0x00, 0x00, 0x00,
  0x00, 0x00, 0x00, 0x00, 0x00, 0x00, 0x00, 0x00, 0x00, 0x00, 0x00, 0x00, 0x00, 0x00, 0x3b, 0xa3,
  0xf7, 0xff, 0xff, 0xff, 0xff, 0xff, 0xff, 0xff, 0xff, 0xff, 0xff, 0xff, 0xff, 0xff, 0xff, 0xff,
  0xff, 0xff, 0xff, 0xff, 0xc7, 0x57, 0x03, 0x00, 0x00, 0x00, 0x00, 0x00, 0x00, 0x00, 0x00, 0x00,
  0x00, 0x00, 0x00, 0x00, 0x00, 0x00, 0x00, 0x00, 0x00, 0x00, 0x00, 0x00, 0x00, 0x00, 0x00, 0x00,
  0x00, 0x00, 0x00, 0x00, 0x00, 0x00, 0x00, 0x00, 0x00, 0x00, 0x00, 0x00, 0x00, 0x00, 0x00, 0x00,
  0x00, 0x00, 0x00, 0x00, 0x00, 0x00, 0x00, 0x00, 0x00, 0x00, 0x00, 0x00, 0x00, 0x00, 0x00, 0x00,
  0x00, 0x00, 0x00, 0x00, 0x00, 0x00, 0x00, 0x00, 0x00, 0x00, 0x00, 0x00, 0x00, 0x00, 0x00, 0x00,
  0x0f, 0x68, 0xcf, 0xff, 0xff, 0xff, 0xff, 0xff, 0xff, 0xff, 0xff, 0xff, 0xff, 0xff, 0xff, 0xff,
  0xff, 0xff, 0xff, 0xff, 0xff, 0xff, 0xdc, 0x68, 0x08, 0x00, 0x00, 0x00, 0x00, 0x00, 0x00, 0x00,
  0x00, 0x00, 0x00, 0x00, 0x00, 0x00, 0x00, 0x00, 0x00, 0x00, 0x00, 0x00, 0x00, 0x00, 0x00, 0x00,
  0x00, 0x00, 0x00, 0x00, 0x00, 0x00, 0x00, 0x00, 0x00, 0x00, 0x00, 0x00, 0x00, 0x00, 0x00, 0x00,
  0x00, 0x00, 0x00, 0x00, 0x00, 0x00, 0x00, 0x00, 0x00, 0x00, 0x00, 0x00, 0x00, 0x08, 0x7c, 0xdb,
  0xb3, 0x83, 0x54, 0x24, 0x03, 0x00, 0x00, 0x00, 0x00, 0x00, 0x00, 0x00, 0x00, 0x00, 0x00, 0x00,
  0x00, 0x00, 0x00, 0x43, 0xb4, 0xff, 0xff, 0xff, 0xff, 0xff, 0xff, 0xff, 0xff, 0xff, 0xff, 0xff,
  0xff, 0xff, 0xff, 0xff, 0xff, 0xff, 0xff, 0xff, 0xe4, 0x5b, 0x00, 0x00, 0x00, 0x00, 0x00, 0x00,
  0x00, 0x00, 0x00, 0x00, 0x00, 0x00, 0x00, 0x00, 0x00, 0x00, 0x00, 0x00, 0x00, 0x00, 0x00, 0x00,
  0x00, 0x00, 0x00, 0x00, 0x00, 0x00, 0x00, 0x00, 0x00, 0x00, 0x00, 0x00, 0x00, 0x00, 0x00, 0x00,
  0x00, 0x00, 0x00, 0x00, 0x00, 0x00, 0x00, 0x00, 0x00, 0x00, 0x00, 0x00, 0x53, 0xe0, 0xff, 0xff,
  0xff, 0xff, 0xff, 0xff, 0xf3, 0xb8, 0x74, 0x2f, 0x00, 0x00, 0x00, 0x00, 0x00, 0x00, 0x00, 0x00,
  0x00, 0x00, 0x00, 0x00, 0x00, 0x28, 0xa0, 0xfc, 0xff, 0xff, 0xff, 0xff, 0xff, 0xff, 0xff, 0xff,
  0xff, 0xff, 0xff, 0xff, 0xff, 0xff, 0xff, 0xff, 0xff, 0xff, 0xc3, 0x2f, 0x00, 0x00, 0x00, 0x00,
  0x00, 0x00, 0x00, 0x00, 0x00, 0x00, 0x00, 0x00, 0x00, 0x00, 0x00, 0x00, 0x00, 0x00, 0x00, 0x00,
  0x00, 0x00, 0x00, 0x00, 0x00, 0x00, 0x00, 0x00, 0x00, 0x00, 0x00, 0x00, 0x00, 0x00, 0x37, 0xc8,
  0x1b, 0x00, 0x00, 0x00, 0x00, 0x00, 0x00, 0x00, 0x00, 0x00, 0x14, 0xa7, 0xff, 0xff, 0xff, 0xff,
  0xff, 0xff, 0xff, 0xff, 0xff, 0xff, 0xff, 0xff, 0xe7, 0xa3, 0x58, 0x0b, 0x00, 0x00, 0x00, 0x00,
  0x00, 0x00, 0x00, 0x00, 0x00, 0x00, 0x00, 0x28, 0xa8, 0xff, 0xff, 0xff, 0xff, 0xff, 0xff, 0xff,
  0xff, 0xff, 0xff, 0xff, 0xff, 0xff, 0xff, 0xff, 0xff, 0xff, 0xff, 0xfb, 0x8b, 0x04, 0x00, 0x00,
  0x00, 0x00, 0x00, 0x00, 0x00, 0x00, 0x00, 0x00, 0x00, 0x00, 0x00, 0x00, 0x00, 0x00, 0x00, 0x00,
  0x00, 0x00, 0x00, 0x00, 0x00, 0x00, 0x00, 0x00, 0x00, 0x00, 0x00, 0x00, 0x00, 0x2b, 0xec, 0xff,
  0xdc, 0x23, 0x00, 0x00, 0x00, 0x00, 0x00, 0x00, 0x00, 0x43, 0xe8, 0xff, 0xff, 0xff, 0xff, 0xff,
  0xff, 0xff, 0xff, 0xff, 0xff, 0xff, 0xff, 0xff, 0xff, 0xff, 0xff, 0xf3, 0xa3, 0x47, 0x03, 0x00,
  0x00, 0x00, 0x00, 0x00, 0x00, 0x00, 0x00, 0x00, 0x00, 0x30, 0xbf, 0xff, 0xff, 0xff, 0xff, 0xff,
  0xff, 0xff, 0xff, 0xff, 0xff, 0xff, 0xff, 0xff, 0xff, 0xff, 0xff, 0xff, 0xff, 0xc8, 0x23, 0x00,
  0x00, 0x00, 0x00, 0x00, 0x00, 0x00, 0x00, 0x00, 0x00, 0x00, 0x00, 0x00, 0x00, 0x00, 0x00, 0x00,
  0x00, 0x00, 0x00, 0x00, 0x00, 0x00, 0x00, 0x00, 0x00, 0x00, 0x00, 0x00, 0x1f, 0xe4, 0xff, 0xff,
  0xff, 0xe0, 0x14, 0x00, 0x00, 0x00, 0x00, 0x00, 0x7b, 0xfc, 0xff, 0xff, 0xff, 0xff, 0xff, 0xff,
  0xff, 0xff, 0xff, 0xff, 0xff, 0xff, 0xff, 0xff, 0xff, 0xff, 0xff, 0xff, 0xff, 0xff, 0xe7, 0x8c,
  0x23, 0x00, 0x00, 0x00, 0x00, 0x00, 0x00, 0x00, 0x00, 0x00, 0x00, 0x57, 0xe3, 0xff, 0xff, 0xff,
  0xff, 0xff, 0xff, 0xff, 0xff, 0xff, 0xff, 0xff, 0xff, 0xff, 0xff, 0xff, 0xff, 0xff, 0xf0, 0x57,
  0x00, 0x00, 0x00, 0x00, 0x00, 0x00, 0x00, 0x00, 0x00, 0x00, 0x00, 0x00, 0x00, 0x00, 0x00, 0x00,
  0x00, 0x00, 0x00, 0x00, 0x00, 0x00, 0x00, 0x00, 0x00, 0x00, 0x00, 0x13, 0xd8, 0xff, 0xff, 0xff,
  0xff, 0x97, 0x00, 0x00, 0x00, 0x00, 0x08, 0xab, 0xff, 0xff, 0xff, 0xff, 0xff, 0xff, 0xff, 0xff,
  0xff, 0xff, 0xff, 0xff, 0xff, 0xff, 0xff, 0xff, 0xff, 0xff, 0xff, 0xff, 0xff, 0xff, 0xff, 0xff,
  0xfc, 0xab, 0x37, 0x00, 0x00, 0x00, 0x00, 0x00, 0x00, 0x00, 0x00, 0x00, 0x0b, 0x87, 0xfb, 0xff,
  0xff, 0xff, 0xff, 0xff, 0xff, 0xff, 0xff, 0xff, 0xff, 0xff, 0xff, 0xff, 0xff, 0xff, 0xff, 0xff,
  0x7c, 0x00, 0x00, 0x00, 0x00, 0x00, 0x00, 0x00, 0x00, 0x00, 0x00, 0x00, 0x00, 0x00, 0x00, 0x00,
  0x00, 0x00, 0x00, 0x00, 0x00, 0x00, 0x00, 0x00, 0x00, 0x00, 0x00, 0xb0, 0xff, 0xff, 0xff, 0xff,
  0xaf, 0x03, 0x00, 0x00, 0x00, 0x10, 0xc0, 0xff, 0xff, 0xff, 0xff, 0xff, 0xff, 0xff, 0xff, 0xff,
  0xff, 0xff, 0xff, 0xff, 0xff, 0xff, 0xff, 0xff, 0xff, 0xff, 0xff, 0xff, 0xff, 0xff, 0xff, 0xff,
  0xff, 0xff, 0xff, 0xc0, 0x4c, 0x00, 0x00, 0x00, 0x00, 0x00, 0x00, 0x00, 0x00, 0x00, 0x2f, 0xcf,
  0xff, 0xff, 0xff, 0xff, 0xff, 0xff, 0xff, 0xff, 0xff, 0xff, 0xff, 0xff, 0xff, 0xff, 0xff, 0xff,
  0xff, 0x9c, 0x04, 0x00, 0x00, 0x00, 0x00, 0x00, 0x00, 0x00, 0x00, 0x00, 0x00, 0x00, 0x00, 0x00,
  0x00, 0x00, 0x00, 0x00, 0x00, 0x00, 0x00, 0x00, 0x00, 0x00, 0x77, 0xff, 0xff, 0xff, 0xff, 0xbc,
  0x07, 0x00, 0x00, 0x00, 0x00, 0x8b, 0xff, 0xff, 0xff, 0xff, 0xff, 0xff, 0xff, 0xff, 0xff, 0xff,
  0xff, 0xff, 0xff, 0xff, 0xff, 0xff, 0xff, 0xff, 0xff, 0xff, 0xff, 0xff, 0xff, 0xff, 0xff, 0xff,
  0xff, 0xff, 0xff, 0xff, 0xff, 0xc7, 0x3b, 0x00, 0x00, 0x00, 0x00, 0x00, 0x00, 0x00, 0x00, 0x07,
  0x87, 0xfc, 0xff, 0xff, 0xff, 0xff, 0xff, 0xff, 0xff, 0xff, 0xff, 0xff, 0xff, 0xff, 0xff, 0xff,
  0xff, 0xff, 0xac, 0x07, 0x00, 0x00, 0x00, 0x00, 0x00, 0x00, 0x00, 0x00, 0x00, 0x00, 0x00, 0x00,
  0x00, 0x00, 0x00, 0x00, 0x00, 0x00, 0x00, 0x00, 0x00, 0x38, 0xfb, 0xff, 0xff, 0xff, 0xd4, 0x0c,
  0x00, 0x00, 0x00, 0x00, 0x00, 0x8f, 0xff, 0xff, 0xff, 0xff, 0xff, 0xff, 0xff, 0xff, 0xff, 0xff,
  0xff, 0xff, 0xff, 0xff, 0xff, 0xff, 0xff, 0xff, 0xff, 0xff, 0xff, 0xff, 0xff, 0xff, 0xff, 0xff,
  0xff, 0xff, 0xff, 0xff, 0xff, 0xff, 0xff, 0xb3, 0x24, 0x00, 0x00, 0x00, 0x00, 0x00, 0x00, 0x00,
  0x00, 0x3f, 0xe4, 0xff, 0xff, 0xff, 0xff, 0xff, 0xff, 0xff, 0xff, 0xff, 0xff, 0xff, 0xff, 0xff,
  0xff, 0xff, 0xff, 0xaf, 0x03, 0x00, 0x00, 0x00, 0x00, 0x00, 0x00, 0x00, 0x00, 0x00, 0x00, 0x00,
  0x00, 0x00, 0x00, 0x00, 0x00, 0x00, 0x00, 0x00, 0x10, 0xe0, 0xff, 0xff, 0xff, 0xf4, 0x2b, 0x00,
  0x00, 0x00, 0x00, 0x00, 0x00, 0x8f, 0xff, 0xff, 0xff, 0xff, 0xff, 0xff, 0xff, 0xff, 0xff, 0xff,
  0xff, 0xff, 0xff, 0xff, 0xff, 0xff, 0xff, 0xff, 0xff, 0xff, 0xff, 0xff, 0xff, 0xff, 0xff, 0xff,
  0xff, 0xff, 0xff, 0xff, 0xff, 0xff, 0xff, 0xff, 0xf8, 0x8f, 0x0c, 0x00, 0x00, 0x00, 0x00, 0x00,
  0x00, 0x00, 0x14, 0xb7, 0xff, 0xff, 0xff, 0xff, 0xff, 0xff, 0xff, 0xff, 0xff, 0xff, 0xff, 0xff,
  0xff, 0xff, 0xff, 0xff, 0x97, 0x00, 0x00, 0x00, 0x00, 0x00, 0x00, 0x00, 0x00, 0x00, 0x00, 0x00,
  0x00, 0x00, 0x00, 0x00, 0x00, 0x00, 0x00, 0x00, 0x9b, 0xff, 0xff, 0xff, 0xff, 0x63, 0x00, 0x00,
  0x00, 0x00, 0x00, 0x00, 0x00, 0x8f, 0xff, 0xff, 0xff, 0xff, 0xff, 0xff, 0xff, 0xff, 0xff, 0xff,
  0xff, 0xff, 0xff, 0xff, 0xff, 0xff, 0xff, 0xff, 0xff, 0xff, 0xff, 0xff, 0xff, 0xff, 0xff, 0xff,
  0xff, 0xff, 0xff, 0xff, 0xff, 0xff, 0xff, 0xff, 0xff, 0xff, 0xe0, 0x44, 0x00, 0x00, 0x00, 0x00,
  0x00, 0x00, 0x00, 0x03, 0x83, 0xff, 0xff, 0xff, 0xff, 0xff, 0xff, 0xff, 0xff, 0xff, 0xff, 0xff,
  0xff, 0xff, 0xff, 0xff, 0xff, 0x7f, 0x00, 0x00, 0x00, 0x00, 0x00, 0x00, 0x00, 0x00, 0x00, 0x00,
  0x00, 0x00, 0x00, 0x00, 0x00, 0x00, 0x00, 0x34, 0xfc, 0xff, 0xff, 0xff, 0xa8, 0x00, 0x00, 0x00,
  0x00, 0x00, 0x00, 0x00, 0x00, 0x8f, 0xff, 0xff, 0xff, 0xff, 0xff, 0xff, 0xff, 0xff, 0xff, 0xff,
  0xff, 0xff, 0xff, 0xff, 0xff, 0xff, 0xff, 0xff, 0xff, 0xff, 0xff, 0xff, 0xff, 0xff, 0xff, 0xff,
  0xff, 0xff, 0xff, 0xff, 0xff, 0xff, 0xff, 0xff, 0xff, 0xff, 0xff, 0xff, 0x98, 0x0c, 0x00, 0x00,
  0x00, 0x00, 0x00, 0x00, 0x00, 0x54, 0xf7, 0xff, 0xff, 0xff, 0xff, 0xff, 0xff, 0xff, 0xff, 0xff,
  0xff, 0xff, 0xff, 0xff, 0xff, 0xff, 0x58, 0x00, 0x00, 0x00, 0x00, 0x00, 0x00, 0x00, 0x00, 0x00,
  0x00, 0x00, 0x00, 0x00, 0x00, 0x00, 0x03, 0xcb, 0xff, 0xff, 0xff, 0xe4, 0x0f, 0x00, 0x00, 0x00,
  0x00, 0x00, 0x00, 0x00, 0x00, 0x8f, 0xff, 0xff, 0xff, 0xff, 0xff, 0xff, 0xff, 0xff, 0xff, 0xff,
  0xff, 0xff, 0xff, 0xff, 0xff, 0xff, 0xff, 0xff, 0xff, 0xff, 0xff, 0xff, 0xff, 0xff, 0xff, 0xff,
  0xff, 0xff, 0xff, 0xff, 0xff, 0xff, 0xff, 0xff, 0xff, 0xff, 0xff, 0xff, 0xff, 0xe0, 0x40, 0x00,
  0x00, 0x00, 0x00, 0x00, 0x00, 0x00, 0x38, 0xe8, 0xff, 0xff, 0xff, 0xff, 0xff, 0xff, 0xff, 0xff,
  0xff, 0xff, 0xff, 0xff, 0xff, 0xff, 0xef, 0x20, 0x00, 0x00, 0x00, 0x00, 0x00, 0x00, 0x00, 0x00,
  0x00, 0x00, 0x00, 0x00, 0x00, 0x00, 0x68, 0xff, 0xff, 0xff, 0xff, 0x58, 0x00, 0x00, 0x00, 0x00,
  0x00, 0x00, 0x00, 0x00, 0x00, 0x67, 0xbc, 0xcc, 0xdb, 0xe4, 0xf0, 0xff, 0xff, 0xff, 0xff, 0xff,
  0xff, 0xff, 0xff, 0xff, 0xff, 0xff, 0xff, 0xff, 0xff, 0xff, 0xff, 0xff, 0xff, 0xff, 0xff, 0xff,
  0xff, 0xff, 0xff, 0xff, 0xff, 0xff, 0xff, 0xff, 0xff, 0xff, 0xff, 0xff, 0xff, 0xff, 0xfc, 0x78,
  0x00, 0x00, 0x00, 0x00, 0x00, 0x00, 0x00, 0x23, 0xdf, 0xff, 0xff, 0xff, 0xff, 0xff, 0xff, 0xff,
  0xff, 0xff, 0xff, 0xff, 0xff, 0xff, 0xff, 0xc8, 0x07, 0x00, 0x00, 0x00, 0x00, 0x00, 0x00, 0x00,
  0x00, 0x00, 0x00, 0x00, 0x00, 0x0c, 0xec, 0xff, 0xff, 0xff, 0xbc, 0x00, 0x00, 0x00, 0x00, 0x00,
  0x00, 0x00, 0x00, 0x00, 0x00, 0x00, 0x00, 0x00, 0x00, 0x00, 0x00, 0x0b, 0x30, 0x58, 0x80, 0xa7,
  0xcf, 0xfc, 0xff, 0xff, 0xff, 0xff, 0xff, 0xff, 0xff, 0xff, 0xff, 0xff, 0xff, 0xff, 0xff, 0xff,
  0xff, 0xff, 0xff, 0xff, 0xff, 0xff, 0xff, 0xff, 0xff, 0xff, 0xff, 0xff, 0xff, 0xff, 0xff, 0xff,
  0xac, 0x0c, 0x00, 0x00, 0x00, 0x00, 0x00, 0x00, 0x1b, 0xd7, 0xff, 0xff, 0xff, 0xff, 0xff, 0xff,
  0xff, 0xff, 0xff, 0xff, 0xff, 0xff, 0xff, 0xff, 0x88, 0x00, 0x00, 0x00, 0x00, 0x00, 0x00, 0x00,
  0x00, 0x00, 0x00, 0x00, 0x00, 0x74, 0xff, 0xff, 0xff, 0xfb, 0x2c, 0x00, 0x00, 0x00, 0x00, 0x00,
  0x00, 0x00, 0x00, 0x00, 0x00, 0x00, 0x00, 0x00, 0x00, 0x00, 0x00, 0x00, 0x00, 0x00, 0x00, 0x00,
  0x00, 0x0c, 0x44, 0x88, 0xcc, 0xfc, 0xff, 0xff, 0xff, 0xff, 0xff, 0xff, 0xff, 0xff, 0xff, 0xff,
  0xff, 0xff, 0xff, 0xff, 0xff, 0xff, 0xff, 0xff, 0xff, 0xff, 0xff, 0xff, 0xff, 0xff, 0xff, 0xff,
  0xff, 0xd8, 0x2b, 0x00, 0x00, 0x00, 0x00, 0x00, 0x00, 0x13, 0xc8, 0xff, 0xff, 0xff, 0xff, 0xff,
  0xff, 0xff, 0xff, 0xff, 0xff, 0xff, 0xff, 0xff, 0xfb, 0x2f, 0x00, 0x00, 0x00, 0x00, 0x00, 0x00,
  0x00, 0x00, 0x00, 0x00, 0x07, 0xe4, 0xff, 0xff, 0xff, 0x94, 0x00, 0x00, 0x00, 0x00, 0x00, 0x00,
  0x00, 0x00, 0x00, 0x00, 0x00, 0x00, 0x00, 0x00, 0x00, 0x00, 0x00, 0x00, 0x00, 0x00, 0x00, 0x00,
  0x00, 0x00, 0x00, 0x00, 0x00, 0x17, 0x64, 0xc3, 0xff, 0xff, 0xff, 0xff, 0xff, 0xff, 0xff, 0xff,
  0xff, 0xff, 0xff, 0xff, 0xff, 0xff, 0xff, 0xff, 0xff, 0xff, 0xff, 0xff, 0xff, 0xff, 0xff, 0xff,
  0xff, 0xff, 0xf0, 0x40, 0x00, 0x00, 0x00, 0x00, 0x00, 0x00, 0x0f, 0xcc, 0xff, 0xff, 0xff, 0xff,
  0xff, 0xff, 0xff, 0xff, 0xff, 0xff, 0xff, 0xff, 0xff, 0xc3, 0x00, 0x00, 0x00, 0x00, 0x00, 0x00,
  0x00, 0x00, 0x00, 0x00, 0x64, 0xff, 0xff, 0xff, 0xfb, 0x20, 0x00, 0x00, 0x00, 0x00, 0x00, 0x00,
  0x00, 0x00, 0x00, 0x00, 0x00, 0x00, 0x00, 0x00, 0x00, 0x00, 0x00, 0x00, 0x00, 0x00, 0x00, 0x00,
  0x00, 0x00, 0x00, 0x00, 0x00, 0x00, 0x00, 0x00, 0x1c, 0x77, 0xdb, 0xff, 0xff, 0xff, 0xff, 0xff,
  0xff, 0xff, 0xff, 0xff, 0xff, 0xff, 0xff, 0xff, 0xff, 0xff, 0xff, 0xff, 0xff, 0xff, 0xff, 0xff,
  0xff, 0xff, 0xff, 0xf8, 0x54, 0x00, 0x00, 0x00, 0x00, 0x00, 0x00, 0x14, 0xd7, 0xff, 0xff, 0xff,
  0xff, 0xff, 0xff, 0xff, 0xff, 0xff, 0xff, 0xff, 0xff, 0xff, 0x5c, 0x00, 0x00, 0x00, 0x00, 0x00,
  0x00, 0x00, 0x00, 0x03, 0xdb, 0xff, 0xff, 0xff, 0xa0, 0x00, 0x00, 0x00, 0x00, 0x00, 0x00, 0x00,
  0x00, 0x00, 0x00, 0x00, 0x00, 0x00, 0x00, 0x00, 0x00, 0x00, 0x00, 0x00, 0x00, 0x00, 0x00, 0x00,
  0x00, 0x00, 0x00, 0x00, 0x00, 0x00, 0x00, 0x00, 0x00, 0x00, 0x00, 0x47, 0xc3, 0xff, 0xff, 0xff,
  0xff, 0xff, 0xff, 0xff, 0xff, 0xff, 0xff, 0xff, 0xff, 0xff, 0xff, 0xff, 0xff, 0xff, 0xff, 0xff,
  0xff, 0xff, 0xff, 0xff, 0xfb, 0x60, 0x00, 0x00, 0x00, 0x00, 0x00, 0x00, 0x1c, 0xdf, 0xff, 0xff,
  0xff, 0xff, 0xff, 0xff, 0xff, 0xff, 0xff, 0xff, 0xff, 0xff, 0xe4, 0x07, 0x00, 0x00, 0x00, 0x00,
  0x00, 0x00, 0x00, 0x44, 0xff, 0xff, 0xff, 0xff, 0x2c, 0x00, 0x00, 0x00, 0x00, 0x00, 0x00, 0x00,
  0x00, 0x00, 0x00, 0x00, 0x33, 0x68, 0x8b, 0x9c, 0xab, 0xa8, 0x98, 0x80, 0x5c, 0x30, 0x04, 0x00,
  0x00, 0x00, 0x00, 0x00, 0x00, 0x00, 0x00, 0x00, 0x00, 0x00, 0x00, 0x00, 0x00, 0x3c, 0xb8, 0xff,
  0xff, 0xff, 0xff, 0xff, 0xff, 0xff, 0xff, 0xff, 0xff, 0xff, 0xff, 0xff, 0xff, 0xff, 0xff, 0xff,
  0xff, 0xff, 0xff, 0xff, 0xff, 0xff, 0x73, 0x00, 0x00, 0x00, 0x00, 0x00, 0x00, 0x27, 0xef, 0xff,
  0xff, 0xff, 0xff, 0xff, 0xff, 0xff, 0xff, 0xff, 0xff, 0xff, 0xff, 0x67, 0x00, 0x00, 0x00, 0x00,
  0x00, 0x00, 0x00, 0xa0, 0xff, 0xff, 0xff, 0xb3, 0x00, 0x00, 0x00, 0x00, 0x00, 0x00, 0x00, 0x00,
  0x00, 0x13, 0x7f, 0xdb, 0xff, 0xff, 0xff, 0xff, 0xff, 0xff, 0xff, 0xff, 0xff, 0xff, 0xf7, 0xc8,
  0x97, 0x5f, 0x17, 0x00, 0x00, 0x00, 0x00, 0x00, 0x00, 0x00, 0x00, 0x00, 0x00, 0x00, 0x00, 0x34,
  0xc0, 0xff, 0xff, 0xff, 0xff, 0xff, 0xff, 0xff, 0xff, 0xff, 0xff, 0xff, 0xff, 0xff, 0xff, 0xff,
  0xff, 0xff, 0xff, 0xff, 0xff, 0xff, 0xff, 0x6f, 0x00, 0x00, 0x00, 0x00, 0x00, 0x00, 0x3f, 0xf8,
  0xff, 0xff, 0xff, 0xff, 0xff, 0xff, 0xff, 0xff, 0xff, 0xff, 0xff, 0xdc, 0x04, 0x00, 0x00, 0x00,
  0x00, 0x00, 0x08, 0xf0, 0xff, 0xff, 0xff, 0x53, 0x00, 0x00, 0x00, 0x00, 0x00, 0x00, 0x00, 0x07,
  0x7b, 0xef, 0xff, 0xff, 0xff, 0xff, 0xff, 0xff, 0xff, 0xff, 0xff, 0xff, 0xff, 0xff, 0xff, 0xff,
  0xff, 0xff, 0xfc, 0xc8, 0x7b, 0x2f, 0x00, 0x00, 0x00, 0x00, 0x00, 0x00, 0x00, 0x00, 0x00, 0x00,
  0x00, 0x54, 0xe8, 0xff, 0xff, 0xff, 0xff, 0xff, 0xff, 0xff, 0xff, 0xff, 0xff, 0xff, 0xff, 0xff,
  0xff, 0xff, 0xff, 0xff, 0xff, 0xff, 0xff, 0xff, 0x60, 0x00, 0x00, 0x00, 0x00, 0x00, 0x00, 0x60,
  0xff, 0xff, 0xff, 0xff, 0xff, 0xff, 0xff, 0xff, 0xff, 0xff, 0xff, 0xff, 0x58, 0x00, 0x00, 0x00,
  0x00, 0x00, 0x58, 0xff, 0xff, 0xff, 0xf0, 0x08, 0x00, 0x00, 0x00, 0x00, 0x00, 0x00, 0x27, 0xcf,
  0xff, 0xff, 0xff, 0xff, 0xff, 0xff, 0xff, 0xff, 0xff, 0xff, 0xff, 0xff, 0xff, 0xff, 0xff, 0xff,
  0xff, 0xff, 0xff, 0xff, 0xff, 0xff, 0xd7, 0x77, 0x13, 0x00, 0x00, 0x00, 0x00, 0x00, 0x00, 0x00,
  0x00, 0x00, 0x10, 0x90, 0xfc, 0xff, 0xff, 0xff, 0xff, 0xff, 0xff, 0xff, 0xff, 0xff, 0xff, 0xff,
  0xff, 0xff, 0xff, 0xff, 0xff, 0xff, 0xff, 0xff, 0xfc, 0x53, 0x00, 0x00, 0x00, 0x00, 0x00, 0x00,
  0x90, 0xff, 0xff, 0xff, 0xff, 0xff, 0xff, 0xff, 0xff, 0xff, 0xff, 0xff, 0xc7, 0x00, 0x00, 0x00,
  0x00, 0x00, 0xb3, 0xff, 0xff, 0xff, 0x9b, 0x00, 0x00, 0x00, 0x00, 0x00, 0x00, 0x47, 0xf4, 0xff,
  0xff, 0xff, 0xff, 0xff, 0xff, 0xff, 0xff, 0xff, 0xff, 0xff, 0xff, 0xff, 0xff, 0xff, 0xff, 0xff,
  0xff, 0xff, 0xff, 0xff, 0xff, 0xff, 0xff, 0xff, 0xf4, 0x9f, 0x2b, 0x00, 0x00, 0x00, 0x00, 0x00,
  0x00, 0x00, 0x00, 0x00, 0x37, 0xdf, 0xff, 0xff, 0xff, 0xff, 0xff, 0xff, 0xff, 0xff, 0xff, 0xff,
  0xff, 0xff, 0xff, 0xff, 0xff, 0xff, 0xff, 0xff, 0xff, 0xf7, 0x3c, 0x00, 0x00, 0x00, 0x00, 0x00,
  0x04, 0xc4, 0xff, 0xff, 0xff, 0xff, 0xff, 0xff, 0xff, 0xff, 0xff, 0xff, 0xff, 0x24, 0x00, 0x00,
  0x00, 0x04, 0xf3, 0xff, 0xff, 0xff, 0x3f, 0x00, 0x00, 0x00, 0x00, 0x00, 0x48, 0xf7, 0xff, 0xff,
  0xff, 0xff, 0xff, 0xff, 0xff, 0xff, 0xff, 0xff, 0xff, 0xff, 0xff, 0xff, 0xff, 0xff, 0xff, 0xff,
  0xff, 0xff, 0xff, 0xff, 0xff, 0xff, 0xff, 0xff, 0xff, 0xff, 0xfc, 0xab, 0x28, 0x00, 0x00, 0x00,
  0x00, 0x00, 0x00, 0x00, 0x00, 0x0f, 0xa8, 0xff, 0xff, 0xff, 0xff, 0xff, 0xff, 0xff, 0xff, 0xff,
  0xff, 0xff, 0xff, 0xff, 0xff, 0xff, 0xff, 0xff, 0xff, 0xff, 0xef, 0x23, 0x00, 0x00, 0x00, 0x00,
  0x00, 0x1c, 0xec, 0xff, 0xff, 0xff, 0xff, 0xff, 0xff, 0xff, 0xff, 0xff, 0xff, 0x7f, 0x00, 0x00,
  0x00, 0x38, 0xff, 0xff, 0xff, 0xf0, 0x03, 0x00, 0x00, 0x00, 0x00, 0x30, 0xf7, 0xff, 0xff, 0xff,
  0xff, 0xff, 0xff, 0xff, 0xff, 0xff, 0xff, 0xff, 0xff, 0xff, 0xff, 0xff, 0xff, 0xff, 0xff, 0xff,
  0xff, 0xff, 0xff, 0xff, 0xff, 0xff, 0xff, 0xff, 0xff, 0xff, 0xff, 0xff, 0xfc, 0xa3, 0x1b, 0x00,
  0x00, 0x00, 0x00, 0x00, 0x00, 0x00, 0x00, 0x67, 0xf8, 0xff, 0xff, 0xff, 0xff, 0xff, 0xff, 0xff,
  0xff, 0xff, 0xff, 0xff, 0xff, 0xff, 0xff, 0xff, 0xff, 0xff, 0xff, 0xd0, 0x0b, 0x00, 0x00, 0x00,
  0x00, 0x00, 0x4f, 0xff, 0xff, 0xff, 0xff, 0xff, 0xff, 0xff, 0xff, 0xff, 0xff, 0xd8, 0x00, 0x00,
  0x00, 0x78, 0xff, 0xff, 0xff, 0xb0, 0x00, 0x00, 0x00, 0x00, 0x0c, 0xdb, 0xff, 0xff, 0xff, 0xff,
  0xff, 0xff, 0xff, 0xff, 0xff, 0xff, 0xff, 0xff, 0xff, 0xff, 0xff, 0xff, 0xff, 0xff, 0xff, 0xff,
  0xff, 0xff, 0xff, 0xff, 0xff, 0xff, 0xff, 0xff, 0xff, 0xff, 0xff, 0xff, 0xff, 0xff, 0xf3, 0x6f,
  0x03, 0x00, 0x00, 0x00, 0x00, 0x00, 0x00, 0x00, 0x34, 0xe7, 0xff, 0xff, 0xff, 0xff, 0xff, 0xff,
  0xff, 0xff, 0xff, 0xff, 0xff, 0xff, 0xff, 0xff, 0xff, 0xff, 0xff, 0xff, 0xa0, 0x00, 0x00, 0x00,
  0x00, 0x00, 0x00, 0x9c, 0xff, 0xff, 0xff, 0xff, 0xff, 0xff, 0xff, 0xff, 0xff, 0xff, 0x2c, 0x00,
  0x00, 0xb8, 0xff, 0xff, 0xff, 0x70, 0x00, 0x00, 0x00, 0x00, 0x8b, 0xff, 0xff, 0xff, 0xff, 0xff,
  0xff, 0xff, 0xff, 0xff, 0xff, 0xff, 0xff, 0xff, 0xff, 0xff, 0xff, 0xff, 0xff, 0xff, 0xff, 0xff,
  0xff, 0xff, 0xff, 0xff, 0xff, 0xff, 0xff, 0xff, 0xff, 0xff, 0xff, 0xff, 0xff, 0xff, 0xff, 0xff,
  0xcc, 0x33, 0x00, 0x00, 0x00, 0x00, 0x00, 0x00, 0x00, 0x20, 0xd8, 0xff, 0xff, 0xff, 0xff, 0xff,
  0xff, 0xff, 0xff, 0xff, 0xff, 0xff, 0xff, 0xff, 0xff, 0xff, 0xff, 0xff, 0xff, 0x6b, 0x00, 0x00,
  0x00, 0x00, 0x00, 0x0f, 0xe0, 0xff, 0xff, 0xff, 0xff, 0xff, 0xff, 0xff, 0xff, 0xff, 0x6c, 0x00,
  0x03, 0xf3, 0xff, 0xff, 0xff, 0x30, 0x00, 0x00, 0x00, 0x20, 0xf8, 0xff, 0xff, 0xff, 0xff, 0xff,
  0xff, 0xff, 0xff, 0xff, 0xff, 0xff, 0xff, 0xff, 0xff, 0xff, 0xff, 0xff, 0xff, 0xff, 0xff, 0xff,
  0xff, 0xff, 0xff, 0xff, 0xff, 0xff, 0xff, 0xff, 0xff, 0xff, 0xff, 0xff, 0xff, 0xff, 0xff, 0xff,
  0xff, 0xfb, 0x73, 0x00, 0x00, 0x00, 0x00, 0x00, 0x00, 0x00, 0x17, 0xcc, 0xff, 0xff, 0xff, 0xff,
  0xff, 0xff, 0xff, 0xff, 0xff, 0xff, 0xff, 0xff, 0xff, 0xff, 0xff, 0xff, 0xff, 0xf8, 0x33, 0x00,
  0x00, 0x00, 0x00, 0x00, 0x43, 0xff, 0xff, 0xff, 0xff, 0xff, 0xff, 0xff, 0xff, 0xff, 0xac, 0x00,
  0x23, 0xff, 0xff, 0xff, 0xf0, 0x03, 0x00, 0x00, 0x00, 0x8f, 0xff, 0xff, 0xff, 0xff, 0xff, 0xff,
  0xff, 0xff, 0xff, 0xff, 0xff, 0xff, 0xff, 0xff, 0xff, 0xff, 0xff, 0xff, 0xff, 0xff, 0xff, 0xff,
  0xff, 0xff, 0xff, 0xff, 0xff, 0xff, 0xff, 0xff, 0xff, 0xff, 0xff, 0xff, 0xff, 0xff, 0xff, 0xff,
  0xff, 0xff, 0xff, 0xb3, 0x13, 0x00, 0x00, 0x00, 0x00, 0x00, 0x00, 0x0c, 0xb8, 0xff, 0xff, 0xff,
  0xff, 0xff, 0xff, 0xff, 0xff, 0xff, 0xff, 0xff, 0xff, 0xff, 0xff, 0xff, 0xff, 0xff, 0xd4, 0x08,
  0x00, 0x00, 0x00, 0x00, 0x00, 0xa0, 0xff, 0xff, 0xff, 0xff, 0xff, 0xff, 0xff, 0xff, 0xec, 0x03,
  0x48, 0xff, 0xff, 0xff, 0xc8, 0x00, 0x00, 0x00, 0x07, 0xef, 0xff, 0xff, 0xff, 0xff, 0xff, 0xff,
  0xff, 0xff, 0xff, 0xff, 0xff, 0xff, 0xff, 0xff, 0xff, 0xff, 0xff, 0xff, 0xff, 0xff, 0xff, 0xff,
  0xff, 0xff, 0xff, 0xff, 0xff, 0xff, 0xff, 0xff, 0xff, 0xff, 0xff, 0xff, 0xff, 0xff, 0xff, 0xff,
  0xff, 0xff, 0xff, 0xff, 0xe0, 0x30, 0x00, 0x00, 0x00, 0x00, 0x00, 0x00, 0x07, 0xbb, 0xff, 0xff,
  0xff, 0xff, 0xff, 0xff, 0xff, 0xff, 0xff, 0xff, 0xff, 0xff, 0xff, 0xff, 0xff, 0xff, 0xff, 0x83,
  0x00, 0x00, 0x00, 0x00, 0x00, 0x18, 0xf0, 0xff, 0xff, 0xff, 0xff, 0xff, 0xff, 0xff, 0xff, 0x28,
  0x6f, 0xff, 0xff, 0xff, 0xa3, 0x00, 0x00, 0x00, 0x44, 0xff, 0xff, 0xff, 0xff, 0xff, 0xff, 0xff,
  0xff, 0xff, 0xff, 0xff, 0xff, 0xff, 0xff, 0xff, 0xff, 0xff, 0xff, 0xff, 0xff, 0xff, 0xff, 0xff,
  0xff, 0xff, 0xff, 0xff, 0xff, 0xff, 0xff, 0xff, 0xff, 0xff, 0xff, 0xff, 0xff, 0xff, 0xff, 0xff,
  0xff, 0xff, 0xff, 0xff, 0xff, 0xf3, 0x48, 0x00, 0x00, 0x00, 0x00, 0x00, 0x00, 0x0f, 0xcf, 0xff,
  0xff, 0xff, 0xff, 0xff, 0xff, 0xff, 0xff, 0xff, 0xff, 0xff, 0xff, 0xff, 0xff, 0xff, 0xff, 0xfb,
  0x34, 0x00, 0x00, 0x00, 0x00, 0x00, 0x73, 0xff, 0xff, 0xff, 0xff, 0xff, 0xff, 0xff, 0xff, 0x50,
  0x93, 0xff, 0xff, 0xff, 0x7c, 0x00, 0x00, 0x00, 0x88, 0xff, 0xff, 0xff, 0xff, 0xff, 0xff, 0xff,
  0xff, 0xff, 0xff, 0xff, 0xff, 0xff, 0xff, 0xff, 0xff, 0xff, 0xff, 0xff, 0xff, 0xff, 0xff, 0xff,
  0xff, 0xff, 0xff, 0xff, 0xff, 0xff, 0xff, 0xff, 0xff, 0xff, 0xff, 0xff, 0xff, 0xff, 0xff, 0xff,
  0xff, 0xff, 0xff, 0xff, 0xff, 0xff, 0xf8, 0x5b, 0x00, 0x00, 0x00, 0x00, 0x00, 0x00, 0x18, 0xdc,
  0xff, 0xff, 0xff, 0xff, 0xff, 0xff, 0xff, 0xff, 0xff, 0xff, 0xff, 0xff, 0xff, 0xff, 0xff, 0xff,
  0xd3, 0x07, 0x00, 0x00, 0x00, 0x00, 0x04, 0xd4, 0xff, 0xff, 0xff, 0xff, 0xff, 0xff, 0xff, 0x77,
  0xb8, 0xff, 0xff, 0xff, 0x57, 0x00, 0x00, 0x00, 0xb7, 0xff, 0xff, 0xff, 0xff, 0xff, 0xff, 0xff,
  0xff, 0xff, 0xff, 0xff, 0xff, 0xff, 0xff, 0xef, 0xb7, 0xbf, 0xe7, 0xff, 0xff, 0xff, 0xff, 0xff,
  0xff, 0xff, 0xff, 0xff, 0xff, 0xff, 0xff, 0xff, 0xff, 0xff, 0xff, 0xff, 0xff, 0xff, 0xff, 0xff,
  0xff, 0xff, 0xff, 0xff, 0xff, 0xff, 0xff, 0xff, 0x6c, 0x00, 0x00, 0x00, 0x00, 0x00, 0x00, 0x24,
  0xe8, 0xff, 0xff, 0xff, 0xff, 0xff, 0xff, 0xff, 0xff, 0xff, 0xff, 0xff, 0xff, 0xff, 0xff, 0xff,
  0xff, 0x74, 0x00, 0x00, 0x00, 0x00, 0x00, 0x4f, 0xff, 0xff, 0xff, 0xff, 0xff, 0xff, 0xff, 0x9c,
  0xcb, 0xff, 0xff, 0xff, 0x38, 0x00, 0x00, 0x00, 0xdb, 0xff, 0xff, 0xff, 0xff, 0xff, 0xff, 0xff,
  0xff, 0xff, 0xff, 0xff, 0xff, 0xff, 0xc8, 0x13, 0x00, 0x00, 0x00, 0x0f, 0x37, 0x74, 0xb7, 0xf4,
  0xff, 0xff, 0xff, 0xff, 0xff, 0xff, 0xff, 0xff, 0xff, 0xff, 0xff, 0xff, 0xff, 0xff, 0xff, 0xff,
  0xff, 0xff, 0xff, 0xff, 0xff, 0xff, 0xff, 0xff, 0xff, 0x60, 0x00, 0x00, 0x00, 0x00, 0x00, 0x00,
  0x3f, 0xfc, 0xff, 0xff, 0xff, 0xff, 0xff, 0xff, 0xff, 0xff, 0xff, 0xff, 0xff, 0xff, 0xff, 0xff,
  0xff, 0xef, 0x14, 0x00, 0x00, 0x00, 0x00, 0x00, 0xc8, 0xff, 0xff, 0xff, 0xff, 0xff, 0xff, 0xc0,
  0xd7, 0xff, 0xff, 0xff, 0x2b, 0x00, 0x00, 0x00, 0xe8, 0xff, 0xff, 0xff, 0xff, 0xff, 0xff, 0xff,
  0xff, 0xff, 0xff, 0xff, 0xff, 0xff, 0x38, 0x00, 0x00, 0x00, 0x00, 0x00, 0x00, 0x00, 0x00, 0x04,
  0x48, 0xa7, 0xf7, 0xff, 0xff, 0xff, 0xff, 0xff, 0xff, 0xff, 0xff, 0xff, 0xff, 0xff, 0xff, 0xff,
  0xff, 0xff, 0xff, 0xff, 0xff, 0xff, 0xff, 0xff, 0xff, 0xfc, 0x53, 0x00, 0x00, 0x00, 0x00, 0x00,
  0x00, 0x7f, 0xff, 0xff, 0xff, 0xff, 0xff, 0xff, 0xff, 0xff, 0xff, 0xff, 0xff, 0xff, 0xff, 0xff,
  0xff, 0xff, 0x90, 0x00, 0x00, 0x00, 0x00, 0x00, 0x44, 0xff, 0xff, 0xff, 0xff, 0xff, 0xff, 0xd3,
  0xe3, 0xff, 0xff, 0xff, 0x1f, 0x00, 0x00, 0x00, 0xf0, 0xff, 0xff, 0xff, 0xff, 0xff, 0xff, 0xff,
  0xff, 0xff, 0xff, 0xff, 0xff, 0xff, 0x17, 0x00, 0x00, 0x00, 0x00, 0x00, 0x00, 0x00, 0x00, 0x00,
  0x00, 0x00, 0x0f, 0x68, 0xdf, 0xff, 0xff, 0xff, 0xff, 0xff, 0xff, 0xff, 0xff, 0xff, 0xff, 0xff,
  0xff, 0xff, 0xff, 0xff, 0xff, 0xff, 0xff, 0xff, 0xff, 0xff, 0xf8, 0x43, 0x00, 0x00, 0x00, 0x00,
  0x00, 0x03, 0xb8, 0xff, 0xff, 0xff, 0xff, 0xff, 0xff, 0xff, 0xff, 0xff, 0xff, 0xff, 0xff, 0xff,
  0xff, 0xff, 0xfb, 0x27, 0x00, 0x00, 0x00, 0x00, 0x00, 0xc0, 0xff, 0xff, 0xff, 0xff, 0xff, 0xdf,
  0xef, 0xff, 0xff, 0xff, 0x10, 0x00, 0x00, 0x00, 0xe0, 0xff, 0xff, 0xff, 0xff, 0xff, 0xff, 0xff,
  0xff, 0xff, 0xff, 0xff, 0xff, 0xff, 0x5b, 0x00, 0x00, 0x00, 0x00, 0x00, 0x00, 0x00, 0x00, 0x00,
  0x00, 0x00, 0x00, 0x00, 0x04, 0x60, 0xdb, 0xff, 0xff, 0xff, 0xff, 0xff, 0xff, 0xff, 0xff, 0xff,
  0xff, 0xff, 0xff, 0xff, 0xff, 0xff, 0xff, 0xff, 0xff, 0xff, 0xff, 0xec, 0x20, 0x00, 0x00, 0x00,
  0x00, 0x00, 0x17, 0xe7, 0xff, 0xff, 0xff, 0xff, 0xff, 0xff, 0xff, 0xff, 0xff, 0xff, 0xff, 0xff,
  0xff, 0xff, 0xff, 0xaf, 0x00, 0x00, 0x00, 0x00, 0x00, 0x4c, 0xff, 0xff, 0xff, 0xff, 0xff, 0xec,
  0xfb, 0xff, 0xff, 0xff, 0x04, 0x00, 0x00, 0x00, 0xc8, 0xff, 0xff, 0xff, 0xff, 0xff, 0xff, 0xff,
  0xff, 0xff, 0xff, 0xff, 0xff, 0xff, 0xec, 0x4f, 0x03, 0x00, 0x00, 0x00, 0x00, 0x00, 0x00, 0x00,
  0x00, 0x00, 0x00, 0x00, 0x00, 0x00, 0x04, 0x78, 0xf4, 0xff, 0xff, 0xff, 0xff, 0xff, 0xff, 0xff,
  0xff, 0xff, 0xff, 0xff, 0xff, 0xff, 0xff, 0xff, 0xff, 0xff, 0xff, 0xff, 0xcc, 0x08, 0x00, 0x00,
  0x00, 0x00, 0x00, 0x48, 0xff, 0xff, 0xff, 0xff, 0xff, 0xff, 0xff, 0xff, 0xff, 0xff, 0xff, 0xff,
  0xff, 0xff, 0xff, 0xff, 0x2c, 0x00, 0x00, 0x00, 0x00, 0x00, 0xd7, 0xff, 0xff, 0xff, 0xff, 0xf3,
  0xf8, 0xff, 0xff, 0xff, 0x04, 0x00, 0x00, 0x00, 0x98, 0xff, 0xff, 0xff, 0xff, 0xff, 0xff, 0xff,
  0xff, 0xff, 0xff, 0xff, 0xff, 0xff, 0xff, 0xff, 0xef, 0xbf, 0x93, 0x67, 0x37, 0x03, 0x00, 0x00,
  0x00, 0x00, 0x00, 0x00, 0x00, 0x00, 0x00, 0x00, 0x20, 0xb7, 0xff, 0xff, 0xff, 0xff, 0xff, 0xff,
  0xff, 0xff, 0xff, 0xff, 0xff, 0xff, 0xff, 0xff, 0xff, 0xff, 0xff, 0xff, 0xff, 0x9f, 0x00, 0x00,
  0x00, 0x00, 0x00, 0x00, 0xac, 0xff, 0xff, 0xff, 0xff, 0xff, 0xff, 0xff, 0xff, 0xff, 0xff, 0xff,
  0xff, 0xff, 0xff, 0xff, 0xa0, 0x00, 0x00, 0x00, 0x00, 0x00, 0x64, 0xff, 0xff, 0xff, 0xff, 0xbb,
  0xeb, 0xff, 0xff, 0xff, 0x10, 0x00, 0x00, 0x00, 0x63, 0xff, 0xff, 0xff, 0xff, 0xff, 0xff, 0xff,
  0xff, 0xff, 0xff, 0xff, 0xff, 0xff, 0xff, 0xff, 0xff, 0xff, 0xff, 0xff, 0xff, 0xe7, 0x94, 0x43,
  0x03, 0x00, 0x00, 0x00, 0x00, 0x00, 0x00, 0x00, 0x00, 0x00, 0x74, 0xfb, 0xff, 0xff, 0xff, 0xff,
  0xff, 0xff, 0xff, 0xff, 0xff, 0xff, 0xff, 0xff, 0xff, 0xff, 0xff, 0xff, 0xff, 0xff, 0x58, 0x00,
  0x00, 0x00, 0x00, 0x00, 0x1c, 0xf3, 0xff, 0xff, 0xff, 0xff, 0xff, 0xff, 0xff, 0xff, 0xff, 0xff,
  0xff, 0xff, 0xff, 0xff, 0xfb, 0x1c, 0x00, 0x00, 0x00, 0x00, 0x08, 0xec, 0xff, 0xff, 0xff, 0xab,
  0xdc, 0xff, 0xff, 0xff, 0x1c, 0x00, 0x00, 0x00, 0x17, 0xfc, 0xff, 0xff, 0xff, 0xff, 0xff, 0xff,
  0xff, 0xff, 0xff, 0xff, 0xff, 0xff, 0xff, 0xff, 0xff, 0xff, 0xff, 0xff, 0xff, 0xff, 0xff, 0xff,
  0xe7, 0x73, 0x0b, 0x00, 0x00, 0x00, 0x00, 0x00, 0x00, 0x00, 0x00, 0x3b, 0xe4, 0xff, 0xff, 0xff,
  0xff, 0xff, 0xff, 0xff, 0xff, 0xff, 0xff, 0xff, 0xff, 0xff, 0xff, 0xff, 0xff, 0xff, 0xeb, 0x14,
  0x00, 0x00, 0x00, 0x00, 0x00, 0x77, 0xff, 0xff, 0xff, 0xff, 0xff, 0xff, 0xff, 0xff, 0xff, 0xff,
  0xff, 0xff, 0xff, 0xff, 0xff, 0x88, 0x00, 0x00, 0x00, 0x00, 0x00, 0x90, 0xff, 0xff, 0xff, 0x9b,
  0xcf, 0xff, 0xff, 0xff, 0x2b, 0x00, 0x00, 0x00, 0x00, 0xbb, 0xff, 0xff, 0xff, 0xff, 0xff, 0xff,
  0xff, 0xff, 0xff, 0xff, 0xff, 0xff, 0xff, 0xff, 0xff, 0xff, 0xff, 0xff, 0xff, 0xff, 0xff, 0xff,
  0xff, 0xff, 0xeb, 0x78, 0x0c, 0x00, 0x00, 0x00, 0x00, 0x00, 0x00, 0x00, 0x1f, 0xd8, 0xff, 0xff,
  0xff, 0xff, 0xff, 0xff, 0xff, 0xff, 0xff, 0xff, 0xff, 0xff, 0xff, 0xff, 0xff, 0xff, 0xff, 0xa8,
  0x00, 0x00, 0x00, 0x00, 0x00, 0x04, 0xd4, 0xff, 0xff, 0xff, 0xff, 0xff, 0xff, 0xff, 0xff, 0xff,
  0xff, 0xff, 0xff, 0xff, 0xff, 0xf0, 0x0f, 0x00, 0x00, 0x00, 0x00, 0x2c, 0xff, 0xff, 0xff, 0x8b,
  0xc0, 0xff, 0xff, 0xff, 0x37, 0x00, 0x00, 0x00, 0x00, 0x48, 0xff, 0xff, 0xff, 0xff, 0xff, 0xff,
  0xff, 0xff, 0xff, 0xff, 0xff, 0xff, 0xff, 0xff, 0xff, 0xff, 0xff, 0xff, 0xff, 0xff, 0xff, 0xff,
  0xff, 0xff, 0xff, 0xff, 0xe0, 0x44, 0x00, 0x00, 0x00, 0x00, 0x00, 0x00, 0x00, 0x14, 0xcb, 0xff,
  0xff, 0xff, 0xff, 0xff, 0xff, 0xff, 0xff, 0xff, 0xff, 0xff, 0xff, 0xff, 0xff, 0xff, 0xff, 0xff,
  0x4f, 0x00, 0x00, 0x00, 0x00, 0x00, 0x54, 0xff, 0xff, 0xff, 0xff, 0xff, 0xff, 0xff, 0xff, 0xff,
  0xff, 0xff, 0xff, 0xff, 0xff, 0xff, 0x64, 0x00, 0x00, 0x00, 0x00, 0x00, 0xcb, 0xff, 0xc3, 0x40,
  0xab, 0xff, 0xff, 0xff, 0x54, 0x00, 0x00, 0x00, 0x00, 0x00, 0xc8, 0xff, 0xff, 0xff, 0xff, 0xff,
  0xff, 0xff, 0xff, 0xff, 0xff, 0xff, 0xff, 0xff, 0xff, 0xff, 0xff, 0xff, 0xff, 0xff, 0xff, 0xff,
  0xff, 0xff, 0xff, 0xff, 0xff, 0xff, 0x94, 0x0b, 0x00, 0x00, 0x00, 0x00, 0x00, 0x00, 0x0f, 0xcf,
  0xff, 0xff, 0xff, 0xff, 0xff, 0xff, 0xff, 0xff, 0xff, 0xff, 0xff, 0xff, 0xff, 0xff, 0xff, 0xff,
  0xdb, 0x04, 0x00, 0x00, 0x00, 0x00, 0x03, 0xd4, 0xff, 0xff, 0xff, 0xff, 0xff, 0xff, 0xff, 0xff,
  0xff, 0xff, 0xff, 0xff, 0xff, 0xff, 0xc3, 0x00, 0x00, 0x00, 0x00, 0x00, 0x34, 0x20, 0x00, 0x00,
  0x84, 0xff, 0xff, 0xff, 0x7b, 0x00, 0x00, 0x00, 0x00, 0x00, 0x30, 0xfb, 0xff, 0xff, 0xff, 0xff,
  0xff, 0xff, 0xff, 0xff, 0xff, 0xff, 0xff, 0xff, 0xff, 0xff, 0xff, 0xff, 0xff, 0xff, 0xff, 0xff,
  0xff, 0xff, 0xff, 0xff, 0xff, 0xff, 0xff, 0xdb, 0x28, 0x00, 0x00, 0x00, 0x00, 0x00, 0x00, 0x18,
  0xdc, 0xff, 0xff, 0xff, 0xff, 0xff, 0xff, 0xff, 0xff, 0xff, 0xff, 0xff, 0xff, 0xff, 0xff, 0xff,
  0xff, 0x68, 0x00, 0x00, 0x00, 0x00, 0x00, 0x5f, 0xff, 0xff, 0xff, 0xff, 0xff, 0xff, 0xff, 0xff,
  0xff, 0xff, 0xff, 0xff, 0xff, 0xff, 0xff, 0x20, 0x00, 0x00, 0x00, 0x00, 0x00, 0x00, 0x00, 0x00,
  0x5c, 0xff, 0xff, 0xff, 0xa0, 0x00, 0x00, 0x00, 0x00, 0x00, 0x00, 0x7b, 0xff, 0xff, 0xff, 0xff,
  0xff, 0xff, 0xff, 0xff, 0xff, 0xff, 0xff, 0xff, 0xff, 0xff, 0xff, 0xff, 0xff, 0xff, 0xff, 0xff,
  0xff, 0xff, 0xff, 0xff, 0xff, 0xff, 0xff, 0xff, 0xef, 0x40, 0x00, 0x00, 0x00, 0x00, 0x00, 0x00,
  0x24, 0xec, 0xff, 0xff, 0xff, 0xff, 0xff, 0xff, 0xff, 0xff, 0xff, 0xff, 0xff, 0xff, 0xff, 0xff,
  0xff, 0xe7, 0x0b, 0x00, 0x00, 0x00, 0x00, 0x03, 0xdb, 0xff, 0xff, 0xff, 0xff, 0xff, 0xff, 0xff,
  0xff, 0xff, 0xff, 0xff, 0xff, 0xff, 0xff, 0x7b, 0x00, 0x00, 0x00, 0x00, 0x00, 0x00, 0x00, 0x00,
  0x34, 0xff, 0xff, 0xff, 0xc7, 0x00, 0x00, 0x00, 0x00, 0x00, 0x00, 0x00, 0xa7, 0xff, 0xff, 0xff,
  0xff, 0xff, 0xff, 0xff, 0xff, 0xff, 0xff, 0xff, 0xff, 0xff, 0xff, 0xff, 0xff, 0xff, 0xff, 0xff,
  0xff, 0xff, 0xff, 0xff, 0xff, 0xff, 0xff, 0xff, 0xff, 0xf8, 0x5c, 0x00, 0x00, 0x00, 0x00, 0x00,
  0x00, 0x4c, 0xff, 0xff, 0xff, 0xff, 0xff, 0xff, 0xff, 0xff, 0xff, 0xff, 0xff, 0xff, 0xff, 0xff,
  0xff, 0xff, 0x78, 0x00, 0x00, 0x00, 0x00, 0x00, 0x67, 0xff, 0xff, 0xff, 0xff, 0xff, 0xff, 0xff,
  0xff, 0xff, 0xff, 0xff, 0xff, 0xff, 0xff, 0xd8, 0x00, 0x00, 0x00, 0x00, 0x00, 0x00, 0x00, 0x00,
  0x0c, 0xff, 0xff, 0xff, 0xef, 0x03, 0x00, 0x00, 0x00, 0x00, 0x00, 0x00, 0x07, 0xa8, 0xff, 0xff,
  0xff, 0xff, 0xff, 0xff, 0xff, 0xff, 0xff, 0xff, 0xff, 0xff, 0xff, 0xff, 0xff, 0xff, 0xff, 0xff,
  0xff, 0xff, 0xff, 0xff, 0xff, 0xff, 0xff, 0xff, 0xff, 0xff, 0xff, 0x5c, 0x00, 0x00, 0x00, 0x00,
  0x00, 0x00, 0x8f, 0xff, 0xff, 0xff, 0xff, 0xff, 0xff, 0xff, 0xff, 0xff, 0xff, 0xff, 0xff, 0xff,
  0xff, 0xff, 0xe7, 0x07, 0x00, 0x00, 0x00, 0x00, 0x0f, 0xf4, 0xff, 0xff, 0xff, 0xff, 0xff, 0xff,
  0xff, 0xff, 0xff, 0xff, 0xff, 0xff, 0xff, 0xff, 0x2f, 0x00, 0x00, 0x00, 0x00, 0x00, 0x00, 0x00,
  0x00, 0xdf, 0xff, 0xff, 0xff, 0x2f, 0x00, 0x00, 0x00, 0x00, 0x00, 0x00, 0x00, 0x03, 0x8f, 0xff,
  0xff, 0xff, 0xff, 0xff, 0xff, 0xff, 0xff, 0xff, 0xff, 0xff, 0xff, 0xff, 0xff, 0xff, 0xff, 0xff,
  0xff, 0xff, 0xff, 0xff, 0xff, 0xff, 0xff, 0xff, 0xff, 0xff, 0xff, 0xf8, 0x40, 0x00, 0x00, 0x00,
  0x00, 0x00, 0x07, 0xd0, 0xff, 0xff, 0xff, 0xff, 0xff, 0xff, 0xff, 0xff, 0xff, 0xff, 0xff, 0xff,
  0xff, 0xff, 0xff, 0x58, 0x00, 0x00, 0x00, 0x00, 0x00, 0xa4, 0xff, 0xff, 0xff, 0xff, 0xff, 0xff,
  0xff, 0xff, 0xff, 0xff, 0xff, 0xff, 0xff, 0xff, 0x77, 0x00, 0x00, 0x00, 0x00, 0x00, 0x00, 0x00,
  0x00, 0x9f, 0xff, 0xff, 0xff, 0x6f, 0x00, 0x00, 0x00, 0x00, 0x00, 0x00, 0x00, 0x00, 0x00, 0x4b,
  0xe3, 0xff, 0xff, 0xff, 0xff, 0xff, 0xff, 0xff, 0xff, 0xff, 0xff, 0xff, 0xff, 0xff, 0xff, 0xff,
  0xff, 0xff, 0xff, 0xff, 0xff, 0xff, 0xff, 0xff, 0xff, 0xff, 0xff, 0xff, 0xf0, 0x2c, 0x00, 0x00,
  0x00, 0x00, 0x00, 0x3b, 0xff, 0xff, 0xff, 0xff, 0xff, 0xff, 0xff, 0xff, 0xff, 0xff, 0xff, 0xff,
  0xff, 0xff, 0xff, 0xc7, 0x00, 0x00, 0x00, 0x00, 0x00, 0x48, 0xff, 0xff, 0xff, 0xff, 0xff, 0xff,
  0xff, 0xff, 0xff, 0xff, 0xff, 0xff, 0xff, 0xff, 0xbb, 0x00, 0x00, 0x00, 0x00, 0x00, 0x00, 0x00,
  0x00, 0x5c, 0xff, 0xff, 0xff, 0xaf, 0x00, 0x00, 0x00, 0x00, 0x00, 0x00, 0x00, 0x00, 0x00, 0x00,
  0x0b, 0x78, 0xe7, 0xff, 0xff, 0xff, 0xff, 0xff, 0xff, 0xff, 0xff, 0xff, 0xff, 0xff, 0xff, 0xff,
  0xff, 0xff, 0xff, 0xff, 0xff, 0xff, 0xff, 0xff, 0xff, 0xff, 0xff, 0xff, 0xff, 0xd3, 0x07, 0x00,
  0x00, 0x00, 0x00, 0x00, 0x9f, 0xff, 0xff, 0xff, 0xff, 0xff, 0xff, 0xff, 0xff, 0xff, 0xff, 0xff,
  0xff, 0xff, 0xff, 0xff, 0x33, 0x00, 0x00, 0x00, 0x00, 0x03, 0xe4, 0xff, 0xff, 0xff, 0xff, 0xff,
  0xff, 0xff, 0xff, 0xff, 0xff, 0xff, 0xff, 0xff, 0xf7, 0x0b, 0x00, 0x00, 0x00, 0x00, 0x00, 0x00,
  0x00, 0x18, 0xff, 0xff, 0xff, 0xec, 0x03, 0x00, 0x00, 0x00, 0x00, 0x00, 0x00, 0x00, 0x00, 0x00,
  0x00, 0x00, 0x04, 0x50, 0x93, 0xc0, 0xef, 0xff, 0xff, 0xff, 0xff, 0xff, 0xff, 0xff, 0xff, 0xff,
  0xff, 0xff, 0xff, 0xff, 0xff, 0xff, 0xff, 0xff, 0xff, 0xff, 0xff, 0xff, 0xff, 0xff, 0x8b, 0x00,
  0x00, 0x00, 0x00, 0x00, 0x17, 0xf4, 0xff, 0xff, 0xff, 0xff, 0xff, 0xff, 0xff, 0xff, 0xff, 0xff,
  0xff, 0xff, 0xff, 0xff, 0x8b, 0x00, 0x00, 0x00, 0x00, 0x00, 0x8c, 0xff, 0xff, 0xff, 0xff, 0xff,
  0xff, 0xff, 0xff, 0xff, 0xff, 0xff, 0xff, 0xff, 0xff, 0x47, 0x00, 0x00, 0x00, 0x00, 0x00, 0x00,
  0x00, 0x00, 0xd7, 0xff, 0xff, 0xff, 0x3b, 0x00, 0x00, 0x00, 0x00, 0x00, 0x00, 0x00, 0x00, 0x00,
  0x00, 0x00, 0x00, 0x00, 0x00, 0x00, 0x00, 0x1f, 0x54, 0x98, 0xdb, 0xff, 0xff, 0xff, 0xff, 0xff,
  0xff, 0xff, 0xff, 0xff, 0xff, 0xff, 0xff, 0xff, 0xff, 0xff, 0xff, 0xff, 0xff, 0xff, 0xfc, 0x3f,
  0x00, 0x00, 0x00, 0x00, 0x00, 0x8f, 0xff, 0xff, 0xff, 0xff, 0xff, 0xff, 0xff, 0xff, 0xff, 0xff,
  0xff, 0xff, 0xff, 0xff, 0xdf, 0x00, 0x00, 0x00, 0x00, 0x00, 0x43, 0xff, 0xff, 0xff, 0xff, 0xff,
  0xff, 0xff, 0xff, 0xff, 0xff, 0xff, 0xff, 0xff, 0xff, 0x8c, 0x00, 0x00, 0x00, 0x00, 0x00, 0x00,
  0x00, 0x00, 0x8f, 0xff, 0xff, 0xff, 0x97, 0x00, 0x00, 0x00, 0x00, 0x00, 0x00, 0x00, 0x00, 0x00,
  0x00, 0x00, 0x00, 0x00, 0x00, 0x00, 0x00, 0x00, 0x00, 0x00, 0x00, 0x3c, 0xb3, 0xff, 0xff, 0xff,
  0xff, 0xff, 0xff, 0xff, 0xff, 0xff, 0xff, 0xff, 0xff, 0xff, 0xff, 0xff, 0xff, 0xff, 0xff, 0xd3,
  0x03, 0x00, 0x00, 0x00, 0x00, 0x1c, 0xf8, 0xff, 0xff, 0xff, 0xff, 0xff, 0xff, 0xff, 0xff, 0xff,
  0xff, 0xff, 0xff, 0xff, 0xff, 0x33, 0x00, 0x00, 0x00, 0x00, 0x08, 0xf7, 0xff, 0xff, 0xff, 0xff,
  0xff, 0xff, 0xff, 0xff, 0xff, 0xff, 0xff, 0xff, 0xff, 0xc3, 0x00, 0x00, 0x00, 0x00, 0x00, 0x00,
  0x00, 0x00, 0x34, 0xff, 0xff, 0xff, 0xec, 0x07, 0x00, 0x00, 0x00, 0x00, 0x00, 0x00, 0x00, 0x00,
  0x00, 0x00, 0x00, 0x00, 0x00, 0x00, 0x00, 0x00, 0x00, 0x00, 0x00, 0x00, 0x00, 0x34, 0xd7, 0xff,
  0xff, 0xff, 0xff, 0xff, 0xff, 0xff, 0xff, 0xff, 0xff, 0xff, 0xff, 0xff, 0xff, 0xff, 0xff, 0xff,
  0x54, 0x00, 0x00, 0x00, 0x00, 0x00, 0x9f, 0xff, 0xff, 0xff, 0xff, 0xff, 0xff, 0xff, 0xff, 0xff,
  0xff, 0xff, 0xff, 0xff, 0xff, 0x87, 0x00, 0x00, 0x00, 0x00, 0x00, 0xbf, 0xff, 0xff, 0xff, 0xff,
  0xff, 0xff, 0xff, 0xff, 0xff, 0xff, 0xff, 0xff, 0xff, 0xf0, 0x00, 0x00, 0x00, 0x00, 0x00, 0x00,
  0x00, 0x00, 0x00, 0xd3, 0xff, 0xff, 0xff, 0x50, 0x00, 0x00, 0x00, 0x00, 0x00, 0x00, 0x00, 0x00,
  0x00, 0x00, 0x00, 0x00, 0x00, 0x00, 0x00, 0x00, 0x00, 0x00, 0x00, 0x00, 0x00, 0x00, 0x0b, 0x98,
  0xff, 0xff, 0xff, 0xff, 0xff, 0xff, 0xff, 0xff, 0xff, 0xff, 0xff, 0xff, 0xff, 0xff, 0xff, 0xff,
  0xd7, 0x03, 0x00, 0x00, 0x00, 0x00, 0x3c, 0xff, 0xff, 0xff, 0xff, 0xff, 0xff, 0xff, 0xff, 0xff,
  0xff, 0xff, 0xff, 0xff, 0xff, 0xcb, 0x00, 0x00, 0x00, 0x00, 0x00, 0x7c, 0xff, 0xff, 0xff, 0xff,
  0xff, 0xff, 0xff, 0xff, 0xff, 0xff, 0xff, 0xff, 0xff, 0xff, 0x23, 0x00, 0x00, 0x00, 0x00, 0x00,
  0x00, 0x00, 0x00, 0x74, 0xff, 0xff, 0xff, 0xaf, 0x00, 0x00, 0x00, 0x00, 0x00, 0x00, 0x00, 0x00,
  0x00, 0x00, 0x00, 0x00, 0x00, 0x00, 0x00, 0x00, 0x00, 0x00, 0x00, 0x00, 0x00, 0x00, 0x00, 0x00,
  0x83, 0xff, 0xff, 0xff, 0xff, 0xff, 0xff, 0xff, 0xff, 0xff, 0xff, 0xff, 0xff, 0xff, 0xff, 0xff,
  0xff, 0x53, 0x00, 0x00, 0x00, 0x00, 0x00, 0xdf, 0xff, 0xff, 0xff, 0xff, 0xff, 0xff, 0xff, 0xff,
  0xff, 0xff, 0xff, 0xff, 0xff, 0xfb, 0x0b, 0x00, 0x00, 0x00, 0x00, 0x3b, 0xff, 0xff, 0xff, 0xff,
  0xff, 0xff, 0xff, 0xff, 0xff, 0xff, 0xff, 0xff, 0xff, 0xff, 0x53, 0x00, 0x00, 0x00, 0x00, 0x00,
  0x00, 0x00, 0x00, 0x1b, 0xfc, 0xff, 0xff, 0xfc, 0x27, 0x00, 0x00, 0x00, 0x00, 0x00, 0x00, 0x00,
  0x00, 0x00, 0x00, 0x00, 0x00, 0x00, 0x00, 0x00, 0x00, 0x00, 0x00, 0x00, 0x00, 0x00, 0x00, 0x00,
  0x00, 0x84, 0xff, 0xff, 0xff, 0xff, 0xff, 0xff, 0xff, 0xff, 0xff, 0xff, 0xff, 0xff, 0xff, 0xff,
  0xff, 0xb3, 0x00, 0x00, 0x00, 0x00, 0x00, 0x83, 0xff, 0xff, 0xff, 0xff, 0xff, 0xff, 0xff, 0xff,
  0xff, 0xff, 0xff, 0xff, 0xff, 0xff, 0x43, 0x00, 0x00, 0x00, 0x00, 0x07, 0xfc, 0xff, 0xff, 0xff,
  0xff, 0xff, 0xff, 0xff, 0xff, 0xff, 0xff, 0xff, 0xff, 0xff, 0x83, 0x00, 0x00, 0x00, 0x00, 0x00,
  0x00, 0x00, 0x00, 0x00, 0xaf, 0xff, 0xff, 0xff, 0x9c, 0x00, 0x00, 0x00, 0x00, 0x00, 0x00, 0x00,
  0x00, 0x00, 0x00, 0x00, 0x00, 0x00, 0x00, 0x10, 0x33, 0x2b, 0x0b, 0x00, 0x00, 0x00, 0x00, 0x00,
  0x00, 0x00, 0xb7, 0xff, 0xff, 0xff, 0xff, 0xff, 0xff, 0xff, 0xff, 0xff, 0xff, 0xff, 0xff, 0xff,
  0xff, 0xfb, 0x17, 0x00, 0x00, 0x00, 0x00, 0x3b, 0xff, 0xff, 0xff, 0xff, 0xff, 0xff, 0xff, 0xff,
  0xff, 0xff, 0xff, 0xff, 0xff, 0xff, 0x7c, 0x00, 0x00, 0x00, 0x00, 0x00, 0xdb, 0xff, 0xff, 0xff,
  0xff, 0xff, 0xff, 0xff, 0xff, 0xff, 0xff, 0xff, 0xff, 0xff, 0x98, 0x00, 0x00, 0x00, 0x00, 0x00,
  0x00, 0x00, 0x00, 0x00, 0x30, 0xff, 0xff, 0xff, 0xfb, 0x1f, 0x00, 0x00, 0x00, 0x00, 0x00, 0x00,
  0x00, 0x00, 0x00, 0x00, 0x00, 0x40, 0xbb, 0xff, 0xff, 0xff, 0xf8, 0xb0, 0x30, 0x00, 0x00, 0x00,
  0x00, 0x00, 0x1b, 0xec, 0xff, 0xff, 0xff, 0xff, 0xff, 0xff, 0xff, 0xff, 0xff, 0xff, 0xff, 0xff,
  0xff, 0xff, 0x6f, 0x00, 0x00, 0x00, 0x00, 0x04, 0xf3, 0xff, 0xff, 0xff, 0xff, 0xff, 0xff, 0xff,
  0xff, 0xff, 0xff, 0xff, 0xff, 0xff, 0xb0, 0x00, 0x00, 0x00, 0x00, 0x00, 0xb4, 0xff, 0xff, 0xff,
  0xff, 0xff, 0xff, 0xff, 0xff, 0xff, 0xff, 0xff, 0xff, 0xf8, 0x24, 0x00, 0x00, 0x00, 0x00, 0x00,
  0x00, 0x00, 0x00, 0x00, 0x00, 0xb7, 0xff, 0xff, 0xff, 0x90, 0x00, 0x00, 0x00, 0x00, 0x00, 0x00,
  0x00, 0x00, 0x00, 0x00, 0x80, 0xff, 0xff, 0xff, 0xff, 0xff, 0xff, 0xff, 0xfb, 0x67, 0x00, 0x00,
  0x00, 0x00, 0x00, 0x74, 0xff, 0xff, 0xff, 0xff, 0xff, 0xff, 0xff, 0xff, 0xff, 0xff, 0xff, 0xff,
  0xff, 0xff, 0xb4, 0x00, 0x00, 0x00, 0x00, 0x00, 0xb7, 0xff, 0xff, 0xff, 0xff, 0xff, 0xff, 0xff,
  0xff, 0xff, 0xff, 0xff, 0xff, 0xff, 0xd4, 0x00, 0x00, 0x00, 0x00, 0x00, 0x8c, 0xff, 0xff, 0xff,
  0xff, 0xff, 0xff, 0xff, 0xff, 0xff, 0xff, 0xff, 0xff, 0x83, 0x00, 0x00, 0x00, 0x00, 0x00, 0x00,
  0x00, 0x00, 0x00, 0x00, 0x00, 0x38, 0xff, 0xff, 0xff, 0xf8, 0x27, 0x00, 0x00, 0x00, 0x00, 0x00,
  0x00, 0x00, 0x00, 0x7c, 0xff, 0xff, 0xff, 0xff, 0xff, 0xff, 0xff, 0xff, 0xff, 0xff, 0x4f, 0x00,
  0x00, 0x00, 0x00, 0x0c, 0xec, 0xff, 0xff, 0xff, 0xff, 0xff, 0xff, 0xff, 0xff, 0xff, 0xff, 0xff,
  0xff, 0xff, 0xef, 0x03, 0x00, 0x00, 0x00, 0x00, 0x7f, 0xff, 0xff, 0xff, 0xff, 0xff, 0xff, 0xff,
  0xff, 0xff, 0xff, 0xff, 0xff, 0xff, 0xf7, 0x00, 0x00, 0x00, 0x00, 0x00, 0x64, 0xff, 0xff, 0xff,
  0xff, 0xff, 0xff, 0xff, 0xff, 0xff, 0xff, 0xff, 0xdb, 0x0b, 0x00, 0x00, 0x00, 0x00, 0x00, 0x00,
  0x00, 0x00, 0x00, 0x00, 0x00, 0x00, 0xbf, 0xff, 0xff, 0xff, 0xb8, 0x00, 0x00, 0x00, 0x00, 0x00,
  0x00, 0x00, 0x20, 0xfb, 0xff, 0xff, 0xff, 0xff, 0xff, 0xff, 0xff, 0xff, 0xff, 0xff, 0xe3, 0x08,
  0x00, 0x00, 0x00, 0x00, 0x88, 0xff, 0xff, 0xff, 0xff, 0xff, 0xff, 0xff, 0xff, 0xff, 0xff, 0xff,
  0xff, 0xff, 0xff, 0x2c, 0x00, 0x00, 0x00, 0x00, 0x57, 0xff, 0xff, 0xff, 0xff, 0xff, 0xff, 0xff,
  0xff, 0xff, 0xff, 0xff, 0xff, 0xff, 0xff, 0x1c, 0x00, 0x00, 0x00, 0x00, 0x40, 0xff, 0xff, 0xff,
  0xff, 0xff, 0xff, 0xff, 0xff, 0xff, 0xff, 0xfc, 0x3b, 0x00, 0x00, 0x00, 0x00, 0x00, 0x00, 0x00,
  0x00, 0x00, 0x00, 0x00, 0x00, 0x00, 0x2c, 0xfb, 0xff, 0xff, 0xff, 0x53, 0x00, 0x00, 0x00, 0x00,
  0x00, 0x00, 0x84, 0xff, 0xff, 0xff, 0xff, 0xff, 0xff, 0xff, 0xff, 0xff, 0xff, 0xff, 0xff, 0x54,
  0x00, 0x00, 0x00, 0x00, 0x3c, 0xff, 0xff, 0xff, 0xff, 0xff, 0xff, 0xff, 0xff, 0xff, 0xff, 0xff,
  0xff, 0xff, 0xff, 0x63, 0x00, 0x00, 0x00, 0x00, 0x30, 0xff, 0xff, 0xff, 0xff, 0xff, 0xff, 0xff,
  0xff, 0xff, 0xff, 0xff, 0xff, 0xff, 0xff, 0x3f, 0x00, 0x00, 0x00, 0x00, 0x2c, 0xff, 0xff, 0xff,
  0xff, 0xff, 0xff, 0xff, 0xff, 0xff, 0xff, 0x88, 0x00, 0x00, 0x00, 0x00, 0x00, 0x00, 0x00, 0x00,
  0x00, 0x00, 0x00, 0x00, 0x00, 0x00, 0x00, 0x8f, 0xff, 0xff, 0xff, 0xe3, 0x0b, 0x00, 0x00, 0x00,
  0x00, 0x00, 0xc0, 0xff, 0xff, 0xff, 0xff, 0xff, 0xff, 0xff, 0xff, 0xff, 0xff, 0xff, 0xff, 0x90,
  0x00, 0x00, 0x00, 0x00, 0x04, 0xf0, 0xff, 0xff, 0xff, 0xff, 0xff, 0xff, 0xff, 0xff, 0xff, 0xff,
  0xff, 0xff, 0xff, 0x83, 0x00, 0x00, 0x00, 0x00, 0x0b, 0xff, 0xff, 0xff, 0xff, 0xff, 0xff, 0xff,
  0xff, 0xff, 0xff, 0xff, 0xff, 0xff, 0xff, 0x50, 0x00, 0x00, 0x00, 0x00, 0x20, 0xff, 0xff, 0xff,
  0xff, 0xff, 0xff, 0xff, 0xff, 0xff, 0xc7, 0x07, 0x00, 0x00, 0x00, 0x00, 0x00, 0x00, 0x00, 0x00,
  0x00, 0x00, 0x00, 0x00, 0x00, 0x00, 0x00, 0x0c, 0xe4, 0xff, 0xff, 0xff, 0x9c, 0x00, 0x00, 0x00,
  0x00, 0x00, 0xcb, 0xff, 0xff, 0xff, 0xff, 0xff, 0xff, 0xff, 0xff, 0xff, 0xff, 0xff, 0xff, 0xa7,
  0x00, 0x00, 0x00, 0x00, 0x00, 0xbf, 0xff, 0xff, 0xff, 0xff, 0xff, 0xff, 0xff, 0xff, 0xff, 0xff,
  0xff, 0xff, 0xff, 0x9c, 0x00, 0x00, 0x00, 0x00, 0x00, 0xf7, 0xff, 0xff, 0xff, 0xff, 0xff, 0xff,
  0xff, 0xff, 0xff, 0xff, 0xff, 0xff, 0xff, 0x5c, 0x00, 0x00, 0x00, 0x00, 0x13, 0xff, 0xff, 0xff,
  0xff, 0xff, 0xff, 0xff, 0xff, 0xe8, 0x1b, 0x00, 0x00, 0x00, 0x00, 0x00, 0x00, 0x00, 0x00, 0x00,
  0x00, 0x00, 0x00, 0x00, 0x00, 0x00, 0x00, 0x00, 0x54, 0xff, 0xff, 0xff, 0xff, 0x5c, 0x00, 0x00,
  0x00, 0x00, 0xbc, 0xff, 0xff, 0xff, 0xff, 0xff, 0xff, 0xff, 0xff, 0xff, 0xff, 0xff, 0xff, 0x97,
  0x00, 0x00, 0x00, 0x00, 0x00, 0xa7, 0xff, 0xff, 0xff, 0xff, 0xff, 0xff, 0xff, 0xff, 0xff, 0xff,
  0xff, 0xff, 0xff, 0xb4, 0x00, 0x00, 0x00, 0x00, 0x00, 0xeb, 0xff, 0xff, 0xff, 0xff, 0xff, 0xff,
  0xff, 0xff, 0xff, 0xff, 0xff, 0xff, 0xff, 0x68, 0x00, 0x00, 0x00, 0x00, 0x04, 0xff, 0xff, 0xff,
  0xff, 0xff, 0xff, 0xff, 0xf7, 0x38, 0x00, 0x00, 0x00, 0x00, 0x00, 0x00, 0x00, 0x00, 0x00, 0x00,
  0x00, 0x00, 0x00, 0x00, 0x00, 0x00, 0x00, 0x00, 0x00, 0xa8, 0xff, 0xff, 0xff, 0xf3, 0x27, 0x00,
  0x00, 0x00, 0x7f, 0xff, 0xff, 0xff, 0xff, 0xff, 0xff, 0xff, 0xff, 0xff, 0xff, 0xff, 0xff, 0x5b,
  0x00, 0x00, 0x00, 0x00, 0x00, 0x90, 0xff, 0xff, 0xff, 0xff, 0xff, 0xff, 0xff, 0xff, 0xff, 0xff,
  0xff, 0xff, 0xff, 0xc8, 0x00, 0x00, 0x00, 0x00, 0x00, 0xdc, 0xff, 0xff, 0xff, 0xff, 0xff, 0xff,
  0xff, 0xff, 0xff, 0xff, 0xff, 0xff, 0xff, 0x74, 0x00, 0x00, 0x00, 0x00, 0x00, 0xf7, 0xff, 0xff,
  0xff, 0xff, 0xff, 0xfc, 0x50, 0x00, 0x00, 0x00, 0x00, 0x00, 0x00, 0x00, 0x00, 0x00, 0x00, 0x00,
  0x00, 0x00, 0x00, 0x00, 0x00, 0x00, 0x00, 0x00, 0x00, 0x0c, 0xdb, 0xff, 0xff, 0xff, 0xd0, 0x0b,
  0x00, 0x00, 0x24, 0xfc, 0xff, 0xff, 0xff, 0xff, 0xff, 0xff, 0xff, 0xff, 0xff, 0xff, 0xe3, 0x07,
  0x00, 0x00, 0x00, 0x00, 0x00, 0x8c, 0xff, 0xff, 0xff, 0xff, 0xff, 0xff, 0xff, 0xff, 0xff, 0xff,
  0xff, 0xff, 0xff, 0xc4, 0x00, 0x00, 0x00, 0x00, 0x00, 0xd7, 0xff, 0xff, 0xff, 0xff, 0xff, 0xff,
  0xff, 0xff, 0xff, 0xff, 0xff, 0xff, 0xff, 0x7b, 0x00, 0x00, 0x00, 0x00, 0x00, 0x3f, 0x44, 0x44,
  0x44, 0x44, 0x44, 0x33, 0x00, 0x00, 0x00, 0x00, 0x00, 0x00, 0x00, 0x00, 0x00, 0x00, 0x00, 0x00,
  0x00, 0x00, 0x00, 0x00, 0x00, 0x00, 0x00, 0x00, 0x00, 0x00, 0x2c, 0xf7, 0xff, 0xff, 0xff, 0xbb,
  0x07, 0x00, 0x00, 0x8b, 0xff, 0xff, 0xff, 0xff, 0xff, 0xff, 0xff, 0xff, 0xff, 0xfc, 0x54, 0x00,
  0x00, 0x00, 0x00, 0x00, 0x00, 0xa0, 0xff, 0xff, 0xff, 0xff, 0xff, 0xff, 0xff, 0xff, 0xff, 0xff,
  0xff, 0xff, 0xff, 0xbf, 0x00, 0x00, 0x00, 0x00, 0x00, 0xe3, 0xff, 0xff, 0xff, 0xff, 0xff, 0xff,
  0xff, 0xff, 0xff, 0xff, 0xff, 0xff, 0xff, 0x70, 0x00, 0x00, 0x00, 0x00, 0x00, 0x00, 0x00, 0x00,
  0x00, 0x00, 0x00, 0x00, 0x00, 0x00, 0x00, 0x00, 0x00, 0x00, 0x00, 0x00, 0x00, 0x00, 0x00, 0x00,
  0x00, 0x00, 0x00, 0x00, 0x00, 0x00, 0x00, 0x00, 0x00, 0x00, 0x00, 0x67, 0xff, 0xff, 0xff, 0xff,
  0xa4, 0x03, 0x00, 0x03, 0x97, 0xff, 0xff, 0xff, 0xff, 0xff, 0xff, 0xff, 0xfc, 0x6f, 0x00, 0x00,
  0x00, 0x00, 0x00, 0x00, 0x00, 0xbb, 0xff, 0xff, 0xff, 0xff, 0xff, 0xff, 0xff, 0xff, 0xff, 0xff,
  0xff, 0xff, 0xff, 0xb8, 0x00, 0x00, 0x00, 0x00, 0x00, 0xec, 0xff, 0xff, 0xff, 0xff, 0xff, 0xff,
  0xff, 0xff, 0xff, 0xff, 0xff, 0xff, 0xff, 0x67, 0x00, 0x00, 0x00, 0x00, 0x00, 0x00, 0x00, 0x00,
  0x00, 0x00, 0x00, 0x00, 0x00, 0x00, 0x00, 0x00, 0x00, 0x00, 0x00, 0x00, 0x00, 0x00, 0x00, 0x00,
  0x00, 0x00, 0x00, 0x00, 0x00, 0x00, 0x00, 0x00, 0x00, 0x00, 0x00, 0x00, 0x93, 0xff, 0xff, 0xff,
  0xff, 0x8c, 0x00, 0x00, 0x00, 0x53, 0xc7, 0xff, 0xff, 0xff, 0xff, 0xc3, 0x3f, 0x00, 0x00, 0x00,
  0x00, 0x00, 0x00, 0x00, 0x00, 0xef, 0xff, 0xff, 0xff, 0xff, 0xff, 0xff, 0xff, 0xff, 0xff, 0xff,
  0xff, 0xff, 0xff, 0x9b, 0x00, 0x00, 0x00, 0x00, 0x00, 0xf8, 0xff, 0xff, 0xff, 0xff, 0xff, 0xff,
  0xff, 0xff, 0xff, 0xff, 0xff, 0xff, 0xff, 0x5b, 0x00, 0x00, 0x00, 0x00, 0x00, 0x00, 0x00, 0x00,
  0x00, 0x00, 0x00, 0x00, 0x00, 0x00, 0x00, 0x00, 0x00, 0x00, 0x00, 0x00, 0x00, 0x00, 0x00, 0x00,
  0x00, 0x00, 0x00, 0x00, 0x00, 0x00, 0x00, 0x00, 0x00, 0x00, 0x00, 0x00, 0x03, 0xa7, 0xff, 0xff,
  0xff, 0xff, 0x83, 0x00, 0x00, 0x00, 0x00, 0x1f, 0x34, 0x40, 0x18, 0x00, 0x00, 0x00, 0x00, 0x00,
  0x00, 0x00, 0x00, 0x00, 0x2c, 0xff, 0xff, 0xff, 0xff, 0xff, 0xff, 0xff, 0xff, 0xff, 0xff, 0xff,
  0xff, 0xff, 0xff, 0x73, 0x00, 0x00, 0x00, 0x00, 0x14, 0xff, 0xff, 0xff, 0xff, 0xff, 0xff, 0xff,
  0xff, 0xff, 0xff, 0xff, 0xff, 0xff, 0xff, 0x4f, 0x00, 0x00, 0x00, 0x00, 0x00, 0x00, 0x00, 0x00,
  0x00, 0x00, 0x00, 0x00, 0x00, 0x00, 0x5b, 0x27, 0x00, 0x00, 0x00, 0x00, 0x00, 0x00, 0x00, 0x00,
  0x00, 0x00, 0x00, 0x00, 0x00, 0x00, 0x00, 0x00, 0x00, 0x00, 0x00, 0x00, 0x00, 0x04, 0xb7, 0xff,
  0xff, 0xff, 0xff, 0x9f, 0x04, 0x00, 0x00, 0x00, 0x00, 0x00, 0x00, 0x00, 0x00, 0x00, 0x00, 0x00,
  0x00, 0x00, 0x00, 0x00, 0x87, 0xff, 0xff, 0xff, 0xff, 0xff, 0xff, 0xff, 0xff, 0xff, 0xff, 0xff,
  0xff, 0xff, 0xff, 0x4f, 0x00, 0x00, 0x00, 0x00, 0x38, 0xff, 0xff, 0xff, 0xff, 0xff, 0xff, 0xff,
  0xff, 0xff, 0xff, 0xff, 0xff, 0xff, 0xff, 0x38, 0x00, 0x00, 0x00, 0x00, 0x00, 0x00, 0x00, 0x00,
  0x00, 0x00, 0x00, 0x00, 0x00, 0x6f, 0xff, 0xe8, 0x2b, 0x00, 0x00, 0x00, 0x00, 0x00, 0x00, 0x00,
  0x00, 0x00, 0x00, 0x00, 0x00, 0x00, 0x00, 0x00, 0x00, 0x00, 0x00, 0x00, 0x00, 0x00, 0x0c, 0xc8,
  0xff, 0xff, 0xff, 0xff, 0xab, 0x07, 0x00, 0x00, 0x00, 0x00, 0x00, 0x00, 0x00, 0x00, 0x00, 0x00,
  0x00, 0x00, 0x00, 0x04, 0xe4, 0xff, 0xff, 0xff, 0xff, 0xff, 0xff, 0xff, 0xff, 0xff, 0xff, 0xff,
  0xff, 0xff, 0xff, 0x18, 0x00, 0x00, 0x00, 0x00, 0x5c, 0xff, 0xff, 0xff, 0xff, 0xff, 0xff, 0xff,
  0xff, 0xff, 0xff, 0xff, 0xff, 0xff, 0xff, 0x14, 0x00, 0x00, 0x00, 0x00, 0x00, 0x00, 0x00, 0x00,
  0x00, 0x00, 0x00, 0x00, 0x8c, 0xff, 0xff, 0xff, 0xe7, 0x27, 0x00, 0x00, 0x00, 0x00, 0x00, 0x00,
  0x00, 0x00, 0x00, 0x00, 0x00, 0x00, 0x00, 0x00, 0x00, 0x00, 0x00, 0x00, 0x00, 0x00, 0x00, 0x0c,
  0xbb, 0xff, 0xff, 0xff, 0xff, 0xbc, 0x13, 0x00, 0x00, 0x00, 0x00, 0x00, 0x00, 0x00, 0x00, 0x00,
  0x00, 0x00, 0x00, 0x6c, 0xff, 0xff, 0xff, 0xff, 0xff, 0xff, 0xff, 0xff, 0xff, 0xff, 0xff, 0xff,
  0xff, 0xff, 0xdb, 0x00, 0x00, 0x00, 0x00, 0x00, 0x8f, 0xff, 0xff, 0xff, 0xff, 0xff, 0xff, 0xff,
  0xff, 0xff, 0xff, 0xff, 0xff, 0xff, 0xef, 0x00, 0x00, 0x00, 0x00, 0x00, 0x00, 0x00, 0x00, 0x00,
  0x00, 0x00, 0x08, 0xa4, 0xff, 0xff, 0xff, 0xff, 0xef, 0x3c, 0x00, 0x00, 0x00, 0x00, 0x00, 0x00,
  0x00, 0x00, 0x00, 0x00, 0x00, 0x00, 0x00, 0x00, 0x00, 0x00, 0x00, 0x00, 0x00, 0x00, 0x00, 0x00,
  0x07, 0xa7, 0xff, 0xff, 0xff, 0xff, 0xe3, 0x3c, 0x00, 0x00, 0x00, 0x00, 0x00, 0x00, 0x00, 0x00,
  0x00, 0x00, 0x03, 0xdc, 0xff, 0xff, 0xff, 0xff, 0xff, 0xff, 0xff, 0xff, 0xff, 0xff, 0xff, 0xff,
  0xff, 0xff, 0x9b, 0x00, 0x00, 0x00, 0x00, 0x00, 0xcc, 0xff, 0xff, 0xff, 0xff, 0xff, 0xff, 0xff,
  0xff, 0xff, 0xff, 0xff, 0xff, 0xff, 0xcb, 0x00, 0x00, 0x00, 0x00, 0x00, 0x00, 0x00, 0x00, 0x00,
  0x00, 0x27, 0xd0, 0xff, 0xff, 0xff, 0xff, 0xe4, 0x2f, 0x00, 0x00, 0x00, 0x00, 0x00, 0x00, 0x00,
  0x00, 0x00, 0x00, 0x00, 0x00, 0x00, 0x00, 0x00, 0x00, 0x00, 0x00, 0x00, 0x00, 0x00, 0x00, 0x00,
  0x00, 0x00, 0x8b, 0xff, 0xff, 0xff, 0xff, 0xfb, 0x80, 0x03, 0x00, 0x00, 0x00, 0x00, 0x00, 0x00,
  0x00, 0x00, 0x00, 0x1c, 0xb3, 0xff, 0xff, 0xff, 0xff, 0xff, 0xff, 0xff, 0xff, 0xff, 0xff, 0xff,
  0xff, 0xff, 0x47, 0x00, 0x00, 0x00, 0x00, 0x0f, 0xfc, 0xff, 0xff, 0xff, 0xff, 0xff, 0xff, 0xff,
  0xff, 0xff, 0xff, 0xff, 0xff, 0xff, 0x8f, 0x00, 0x00, 0x00, 0x00, 0x00, 0x00, 0x00, 0x00, 0x00,
  0x5f, 0xf3, 0xff, 0xff, 0xff, 0xff, 0xd4, 0x1c, 0x00, 0x00, 0x00, 0x00, 0x00, 0x00, 0x00, 0x00,
  0x00, 0x00, 0x00, 0x00, 0x00, 0x00, 0x00, 0x00, 0x00, 0x00, 0x00, 0x00, 0x00, 0x00, 0x00, 0x00,
  0x00, 0x00, 0x00, 0x67, 0xf7, 0xff, 0xff, 0xff, 0xff, 0xbb, 0x23, 0x00, 0x00, 0x00, 0x00, 0x00,
  0x00, 0x00, 0x00, 0x00, 0x00, 0x58, 0xe8, 0xff, 0xff, 0xff, 0xff, 0xff, 0xff, 0xff, 0xff, 0xff,
  0xff, 0xeb, 0x04, 0x00, 0x00, 0x00, 0x00, 0x04, 0x40, 0x88, 0xd0, 0xff, 0xff, 0xff, 0xff, 0xff,
  0xff, 0xff, 0xff, 0xf4, 0x9b, 0x2c, 0x00, 0x00, 0x00, 0x00, 0x00, 0x00, 0x00, 0x00, 0x17, 0xa4,
  0xff, 0xff, 0xff, 0xff, 0xff, 0xb8, 0x0f, 0x00, 0x00, 0x00, 0x00, 0x00, 0x00, 0x00, 0x00, 0x00,
  0x00, 0x00, 0x00, 0x00, 0x00, 0x00, 0x00, 0x00, 0x00, 0x00, 0x00, 0x00, 0x00, 0x00, 0x00, 0x00,
  0x00, 0x00, 0x00, 0x00, 0x2b, 0xd3, 0xff, 0xff, 0xff, 0xff, 0xf8, 0x90, 0x0b, 0x00, 0x00, 0x00,
  0x00, 0x00, 0x00, 0x00, 0x00, 0x00, 0x13, 0xa0, 0xff, 0xff, 0xff, 0xff, 0xff, 0xff, 0xff, 0xff,
  0xff, 0x8f, 0x00, 0x00, 0x00, 0x00, 0x00, 0x00, 0x00, 0x00, 0x00, 0x1b, 0x60, 0xa8, 0xec, 0xff,
  0xfb, 0xb8, 0x63, 0x10, 0x00, 0x00, 0x00, 0x00, 0x00, 0x00, 0x00, 0x00, 0x03, 0x5f, 0xeb, 0xff,
  0xff, 0xff, 0xff, 0xfb, 0x80, 0x03, 0x00, 0x00, 0x00, 0x00, 0x00, 0x00, 0x00, 0x00, 0x00, 0x00,
  0x00, 0x00, 0x00, 0x00, 0x00, 0x00, 0x00, 0x00, 0x00, 0x00, 0x00, 0x00, 0x00, 0x00, 0x00, 0x00,
  0x00, 0x00, 0x00, 0x00, 0x00, 0x0c, 0xa3, 0xff, 0xff, 0xff, 0xff, 0xff, 0xdc, 0x4c, 0x00, 0x00,
  0x00, 0x00, 0x00, 0x00, 0x00, 0x00, 0x00, 0x00, 0x33, 0x73, 0xab, 0xe3, 0xff, 0xff, 0xff, 0xff,
  0xfc, 0x20, 0x00, 0x00, 0x00, 0x00, 0x00, 0x00, 0x00, 0x00, 0x00, 0x00, 0x00, 0x00, 0x03, 0x34,
  0x13, 0x00, 0x00, 0x00, 0x00, 0x00, 0x00, 0x00, 0x00, 0x00, 0x00, 0x3b, 0xcf, 0xff, 0xff, 0xff,
  0xff, 0xff, 0xdb, 0x34, 0x00, 0x00, 0x00, 0x00, 0x00, 0x00, 0x00, 0x00, 0x00, 0x00, 0x00, 0x00,
  0x00, 0x00, 0x00, 0x00, 0x00, 0x00, 0x00, 0x00, 0x00, 0x00, 0x00, 0x00, 0x00, 0x00, 0x00, 0x00,
  0x00, 0x00, 0x00, 0x00, 0x00, 0x00, 0x00, 0x53, 0xe3, 0xff, 0xff, 0xff, 0xff, 0xff, 0xcb, 0x50,
  0x03, 0x00, 0x00, 0x00, 0x00, 0x00, 0x00, 0x00, 0x00, 0x00, 0x00, 0x00, 0x17, 0x38, 0x54, 0x73,
  0x6c, 0x00, 0x00, 0x00, 0x00, 0x00, 0x00, 0x00, 0x00, 0x00, 0x00, 0x00, 0x00, 0x00, 0x00, 0x00,
  0x00, 0x00, 0x00, 0x00, 0x00, 0x00, 0x00, 0x00, 0x00, 0x40, 0xbb, 0xff, 0xff, 0xff, 0xff, 0xff,
  0xfc, 0x9b, 0x0c, 0x00, 0x00, 0x00, 0x00, 0x00, 0x00, 0x00, 0x00, 0x00, 0x00, 0x00, 0x00, 0x00,
  0x00, 0x00, 0x00, 0x00, 0x00, 0x00, 0x00, 0x00, 0x00, 0x00, 0x00, 0x00, 0x00, 0x00, 0x00, 0x00,
  0x00, 0x00, 0x00, 0x00, 0x00, 0x00, 0x00, 0x00, 0x0c, 0x8b, 0xfb, 0xff, 0xff, 0xff, 0xff, 0xff,
  0xd4, 0x5c, 0x07, 0x00, 0x00, 0x00, 0x00, 0x00, 0x00, 0x00, 0x00, 0x00, 0x00, 0x00, 0x00, 0x00,
  0x00, 0x00, 0x00, 0x00, 0x00, 0x00, 0x00, 0x00, 0x00, 0x00, 0x00, 0x00, 0x00, 0x00, 0x00, 0x00,
  0x00, 0x00, 0x00, 0x00, 0x00, 0x00, 0x03, 0x4c, 0xc7, 0xff, 0xff, 0xff, 0xff, 0xff, 0xff, 0xc7,
  0x34, 0x00, 0x00, 0x00, 0x00, 0x00, 0x00, 0x00, 0x00, 0x00, 0x00, 0x00, 0x00, 0x00, 0x00, 0x00,
  0x00, 0x00, 0x00, 0x00, 0x00, 0x00, 0x00, 0x00, 0x00, 0x00, 0x00, 0x00, 0x00, 0x00, 0x00, 0x00,
  0x00, 0x00, 0x00, 0x00, 0x00, 0x00, 0x00, 0x00, 0x00, 0x00, 0x2b, 0xbb, 0xff, 0xff, 0xff, 0xff,
  0xff, 0xff, 0xec, 0x97, 0x3b, 0x00, 0x00, 0x00, 0x00, 0x00, 0x00, 0x00, 0x00, 0x00, 0x00, 0x00,
  0x00, 0x00, 0x00, 0x00, 0x00, 0x00, 0x00, 0x00, 0x00, 0x00, 0x00, 0x00, 0x00, 0x00, 0x00, 0x00,
  0x00, 0x00, 0x00, 0x00, 0x2f, 0x8b, 0xe3, 0xff, 0xff, 0xff, 0xff, 0xff, 0xff, 0xe7, 0x5f, 0x00,
  0x00, 0x00, 0x00, 0x00, 0x00, 0x00, 0x00, 0x00, 0x00, 0x00, 0x00, 0x00, 0x00, 0x00, 0x00, 0x00,
  0x00, 0x00, 0x00, 0x00, 0x00, 0x00, 0x00, 0x00, 0x00, 0x00, 0x00, 0x00, 0x00, 0x00, 0x00, 0x00,
  0x00, 0x00, 0x00, 0x00, 0x00, 0x00, 0x00, 0x00, 0x00, 0x00, 0x00, 0x00, 0x38, 0xb4, 0xff, 0xff,
  0xff, 0xff, 0xff, 0xff, 0xff, 0xdc, 0x87, 0x43, 0x08, 0x00, 0x00, 0x00, 0x00, 0x00, 0x00, 0x00,
  0x00, 0x00, 0x00, 0x00, 0x00, 0x00, 0x00, 0x00, 0x00, 0x00, 0x00, 0x00, 0x00, 0x00, 0x00, 0x00,
  0x04, 0x3b, 0x7c, 0xd3, 0xff, 0xff, 0xff, 0xff, 0xff, 0xff, 0xff, 0xe3, 0x74, 0x0c, 0x00, 0x00,
  0x00, 0x00, 0x00, 0x00, 0x00, 0x00, 0x00, 0x00, 0x00, 0x00, 0x00, 0x00, 0x00, 0x00, 0x00, 0x00,
  0x00, 0x00, 0x00, 0x00, 0x00, 0x00, 0x00, 0x00, 0x00, 0x00, 0x00, 0x00, 0x00, 0x00, 0x00, 0x00,
  0x00, 0x00, 0x00, 0x00, 0x00, 0x00, 0x00, 0x00, 0x00, 0x00, 0x00, 0x00, 0x00, 0x00, 0x30, 0xab,
  0xfc, 0xff, 0xff, 0xff, 0xff, 0xff, 0xff, 0xff, 0xf8, 0xc0, 0x80, 0x4b, 0x24, 0x04, 0x00, 0x00,
  0x00, 0x00, 0x00, 0x00, 0x00, 0x00, 0x00, 0x00, 0x00, 0x00, 0x00, 0x03, 0x1f, 0x44, 0x77, 0xb7,
  0xf3, 0xff, 0xff, 0xff, 0xff, 0xff, 0xff, 0xff, 0xff, 0xd3, 0x5f, 0x07, 0x00, 0x00, 0x00, 0x00,
  0x00, 0x00, 0x00, 0x00, 0x00, 0x00, 0x00, 0x00, 0x00, 0x00, 0x00, 0x00, 0x00, 0x00, 0x00, 0x00,
  0x00, 0x00, 0x00, 0x00, 0x00, 0x00, 0x00, 0x00, 0x00, 0x00, 0x00, 0x00, 0x00, 0x00, 0x00, 0x00,
  0x00, 0x00, 0x00, 0x00, 0x00, 0x00, 0x00, 0x00, 0x00, 0x00, 0x00, 0x00, 0x00, 0x00, 0x00, 0x00,
  0x18, 0x73, 0xd0, 0xff, 0xff, 0xff, 0xff, 0xff, 0xff, 0xff, 0xff, 0xff, 0xff, 0xf8, 0xd8, 0xb3,
  0x9b, 0x90, 0x84, 0x77, 0x68, 0x77, 0x83, 0x8f, 0x98, 0xaf, 0xd0, 0xf7, 0xff, 0xff, 0xff, 0xff,
  0xff, 0xff, 0xff, 0xff, 0xff, 0xff, 0xf0, 0xa3, 0x47, 0x00, 0x00, 0x00, 0x00, 0x00, 0x00, 0x00,
  0x00, 0x00, 0x00, 0x00, 0x00, 0x00, 0x00, 0x00, 0x00, 0x00, 0x00, 0x00, 0x00, 0x00, 0x00, 0x00,
  0x00, 0x00, 0x00, 0x00, 0x00, 0x00, 0x00, 0x00, 0x00, 0x00, 0x00, 0x00, 0x00, 0x00, 0x00, 0x00,
  0x00, 0x00, 0x00, 0x00, 0x00, 0x00, 0x00, 0x00, 0x00, 0x00, 0x00, 0x00, 0x00, 0x00, 0x00, 0x00,
  0x00, 0x00, 0x00, 0x2c, 0x8b, 0xd4, 0xff, 0xff, 0xff, 0xff, 0xff, 0xff, 0xff, 0xff, 0xff, 0xff,
  0xff, 0xff, 0xff, 0xff, 0xff, 0xff, 0xff, 0xff, 0xff, 0xff, 0xff, 0xff, 0xff, 0xff, 0xff, 0xff,
  0xff, 0xff, 0xff, 0xf4, 0xa8, 0x50, 0x08, 0x00, 0x00, 0x00, 0x00, 0x00, 0x00, 0x00, 0x00, 0x00,
  0x00, 0x00, 0x00, 0x00, 0x00, 0x00, 0x00, 0x00, 0x00, 0x00, 0x00, 0x00, 0x00, 0x00, 0x00, 0x00,
  0x00, 0x00, 0x00, 0x00, 0x00, 0x00, 0x00, 0x00, 0x00, 0x00, 0x00, 0x00, 0x00, 0x00, 0x00, 0x00,
  0x00, 0x00, 0x00, 0x00, 0x00, 0x00, 0x00, 0x00, 0x00, 0x00, 0x00, 0x00, 0x00, 0x00, 0x00, 0x00,
  0x00, 0x00, 0x00, 0x00, 0x00, 0x00, 0x17, 0x58, 0x98, 0xd8, 0xff, 0xff, 0xff, 0xff, 0xff, 0xff,
  0xff, 0xff, 0xff, 0xff, 0xff, 0xff, 0xff, 0xff, 0xff, 0xff, 0xff, 0xff, 0xff, 0xff, 0xff, 0xec,
  0xb3, 0x74, 0x3b, 0x07, 0x00, 0x00, 0x00, 0x00, 0x00, 0x00, 0x00, 0x00, 0x00, 0x00, 0x00, 0x00,
  0x00, 0x00, 0x00, 0x00, 0x00, 0x00, 0x00, 0x00, 0x00, 0x00, 0x00, 0x00, 0x00, 0x00, 0x00, 0x00,
  0x00, 0x00, 0x00, 0x00, 0x00, 0x00, 0x00, 0x00, 0x00, 0x00, 0x00, 0x00, 0x00, 0x00, 0x00, 0x00,
  0x00, 0x00, 0x00, 0x00, 0x00, 0x00, 0x00, 0x00, 0x00, 0x00, 0x00, 0x00, 0x00, 0x00, 0x00, 0x00,
  0x00, 0x00, 0x00, 0x00, 0x00, 0x00, 0x00, 0x00, 0x00, 0x00, 0x0b, 0x30, 0x57, 0x7f, 0xa7, 0xbc,
  0xcc, 0xdb, 0xe7, 0xf0, 0xff, 0xef, 0xef, 0xdf, 0xdc, 0xcc, 0xaf, 0x8c, 0x6c, 0x4b, 0x27, 0x00,
  0x00, 0x00, 0x00, 0x00, 0x00, 0x00, 0x00, 0x00, 0x00, 0x00, 0x00, 0x00, 0x00, 0x00, 0x00, 0x00,
  0x00, 0x00, 0x00, 0x00, 0x00, 0x00, 0x00, 0x00, 0x00, 0x00, 0x00, 0x00, 0x00, 0x00, 0x00, 0x00,
};

const lv_image_dsc_t esp_logo = {
  .header.w = 96,
  .header.h = 96,
  .data_size = 27648,
  .header.magic = LV_IMAGE_HEADER_MAGIC,
  .header.cf = LV_COLOR_FORMAT_RGB565A8,
  .data = esp_logo_map,
};

