#include "lvgl.h"

#ifndef LV_ATTRIBUTE_MEM_ALIGN
#define LV_ATTRIBUTE_MEM_ALIGN
#endif

#ifndef LV_ATTRIBUTE_IMG_ESP_TEXT
#define LV_ATTRIBUTE_IMG_ESP_TEXT
#endif

const LV_ATTRIBUTE_MEM_ALIGN LV_ATTRIBUTE_LARGE_CONST LV_ATTRIBUTE_IMG_ESP_TEXT uint8_t esp_text_map[] = {
  0x00, 0x00, 0x00, 0x00, 0x00, 0x00, 0xa7, 0x39, 0x86, 0x31, 0xa6, 0x31, 0xa6, 0x31, 0xa6, 0x31,
  0xa6, 0x31, 0xa6, 0x31, 0xa6, 0x31, 0xa6, 0x31, 0xa6, 0x31, 0xa6, 0x31, 0xa6, 0x31, 0xa6, 0x31,
  0xa6, 0x31, 0xa6, 0x31, 0xa6, 0x31, 0xa6, 0x31, 0xa6, 0x31, 0xa6, 0x31, 0xa6, 0x31, 0xa7, 0x39,
  0x00, 0x00, 0x00, 0x00, 0x00, 0x00, 0x00, 0x00, 0x00, 0x00, 0x00, 0x00, 0x00, 0x00, 0x08, 0x42,
  0x86, 0x31, 0xa6, 0x31, 0xa6, 0x31, 0xa6, 0x31, 0xa6, 0x31, 0xa6, 0x31, 0xa6, 0x31, 0xa6, 0x31,
  0xa6, 0x31, 0xa6, 0x31, 0xa6, 0x31, 0xa6, 0x31, 0xa6, 0x31, 0xa6, 0x31, 0xa6, 0x31, 0xa6, 0x31,
  0xa6, 0x31, 0xa6, 0x31, 0xa6, 0x31, 0xa6, 0x31, 0x00, 0x00, 0x00, 0x00, 0x00, 0x00, 0x00, 0x00,
  0x00, 0x00, 0x00, 0x00, 0xa6, 0x31, 0xa6, 0x31, 0xa6, 0x31, 0xa6, 0x31, 0xa6, 0x31, 0xa6, 0x31,
  0xa6, 0x31, 0xa6, 0x31, 0xa6, 0x31, 0xa6, 0x31, 0xa6, 0x31, 0xa6, 0x31, 0xa6, 0x31, 0xa6, 0x31,
  0xa6, 0x31, 0xa6, 0x31, 0xa6, 0x31, 0xa6, 0x31, 0xa6, 0x31, 0xa6, 0x31, 0xa6, 0x31, 0xa6, 0x31,
  0x00, 0x00, 0x00, 0x00, 0x00, 0x00, 0x00, 0x00, 0x00, 0x00, 0x00, 0x00, 0x00, 0x00, 0x00, 0x00,
  0xa6, 0x31, 0xa6, 0x31, 0xa6, 0x31, 0xa6, 0x31, 0xa6, 0x31, 0xa6, 0x31, 0xa6, 0x31, 0xa6, 0x31,
  0xa6, 0x31, 0xa6, 0x31, 0xa6, 0x31, 0xa6, 0x31, 0xa6, 0x31, 0xa6, 0x31, 0xa6, 0x31, 0xa6, 0x31,
  0xa6, 0x31, 0xa6, 0x31, 0xa6, 0x31, 0xa6, 0x31, 0xa6, 0x31, 0xa6, 0x31, 0x00, 0x00, 0x00, 0x00,
  0x00, 0x00, 0x00, 0x00, 0x00, 0x00, 0x00, 0x00, 0x00, 0x00, 0x00, 0x00, 0x00, 0x00, 0x00, 0x00,
  0x00, 0x00, 0xa6, 0x31, 0x86, 0x31, 0xa6, 0x31, 0xa6, 0x31, 0xa6, 0x31, 0xa6, 0x31, 0xa6, 0x31,
  0xa6, 0x31, 0xa6, 0x31, 0xa6, 0x31, 0xa6, 0x31, 0xa6, 0x31, 0xa6, 0x31, 0xa6, 0x31, 0xa6, 0x31,
  0xa6, 0x31, 0xa6, 0x31, 0xa6, 0x31, 0xa6, 0x31, 0xa6, 0x31, 0xa7, 0x39, 0x00, 0x00, 0x00, 0x00,
  0x00, 0x00, 0x00, 0x00, 0x00, 0x00, 0x00, 0x00, 0x00, 0x00, 0x00, 0x00, 0xa6, 0x31, 0xa6, 0x31,
  0xa6, 0x31, 0xa6, 0x31, 0xa6, 0x31, 0xa6, 0x31, 0xa6, 0x31, 0xa6, 0x31, 0xa6, 0x31, 0xa6, 0x31,
  0xa6, 0x31, 0xa6, 0x31, 0xa6, 0x31, 0xa6, 0x31, 0xa6, 0x31, 0xa6, 0x31, 0xa6, 0x31, 0xa6, 0x31,
  0xa6, 0x31, 0x86, 0x31, 0x00, 0x00, 0x00, 0x00, 0x00, 0x00, 0x00, 0x00, 0x00, 0x00, 0x00, 0x00,
  0x00, 0x00, 0x00, 0x00, 0x00, 0x00, 0xa7, 0x39, 0xa6, 0x31, 0xa6, 0x31, 0xa6, 0x31, 0xa6, 0x31,
  0xa6, 0x31, 0xa6, 0x31, 0xa6, 0x31, 0xa6, 0x31, 0xa6, 0x31, 0xa6, 0x31, 0xa6, 0x31, 0xa6, 0x31,
  0xa6, 0x31, 0xa6, 0x31, 0xa6, 0x31, 0xa6, 0x31, 0xa6, 0x31, 0xa6, 0x31, 0xa6, 0x31, 0x00, 0x00,
  0x00, 0x00, 0x00, 0x00, 0x00, 0x00, 0x00, 0x00, 0x00, 0x00, 0xa6, 0x31, 0xa6, 0x31, 0xa6, 0x31,
  0xa6, 0x31, 0xa6, 0x31, 0xa6, 0x31, 0x86, 0x31, 0x00, 0x00, 0x00, 0x00, 0x00, 0x00, 0x00, 0x00,
  0x00, 0x00, 0x00, 0x00, 0x00, 0x00, 0x00, 0x00, 0x86, 0x31, 0xa6, 0x31, 0xa6, 0x31, 0xa6, 0x31,
  0xa6, 0x31, 0xa6, 0x31, 0xa6, 0x31, 0xa6, 0x31, 0xa6, 0x31, 0xa6, 0x31, 0xa6, 0x31, 0xa6, 0x31,
  0xa6, 0x31, 0xa6, 0x31, 0xa6, 0x31, 0xa6, 0x31, 0xa6, 0x31, 0xa6, 0x31, 0xa6, 0x31, 0xa6, 0x31,
  0x00, 0x00, 0x00, 0x00, 0xa6, 0x31, 0xa6, 0x31, 0xa6, 0x31, 0xa6, 0x31, 0xa6, 0x31, 0xa6, 0x31,
  0xa6, 0x31, 0xa6, 0x31, 0xa6, 0x31, 0xa6, 0x31, 0xa6, 0x31, 0xa6, 0x31, 0xa6, 0x31, 0xa6, 0x31,
  0xa6, 0x31, 0xa6, 0x31, 0xa6, 0x31, 0xa6, 0x31, 0xa6, 0x31, 0xa6, 0x31, 0xa6, 0x31, 0xa7, 0x39,
  0x00, 0x00, 0x00, 0x00, 0x00, 0x00, 0x00, 0x00, 0x00, 0x00, 0x00, 0x00, 0x86, 0x31, 0xa6, 0x31,
  0xa6, 0x31, 0xa6, 0x31, 0xa6, 0x31, 0xa6, 0x31, 0xa6, 0x31, 0xa6, 0x31, 0xa6, 0x31, 0xa6, 0x31,
  0xa6, 0x31, 0xa6, 0x31, 0xa6, 0x31, 0xa6, 0x31, 0xa6, 0x31, 0xa6, 0x31, 0xa6, 0x31, 0xa6, 0x31,
  0xa6, 0x31, 0xa6, 0x31, 0xa6, 0x31, 0xa6, 0x31, 0x00, 0x00, 0x00, 0x00, 0x00, 0x00, 0x00, 0x00,
  0x00, 0x00, 0x00, 0x00, 0xa6, 0x31, 0xa6, 0x31, 0xa6, 0x31, 0xa6, 0x31, 0xa6, 0x31, 0xa6, 0x31,
  0xa6, 0x31, 0xa6, 0x31, 0xa6, 0x31, 0xa6, 0x31, 0xa6, 0x31, 0xa6, 0x31, 0xa6, 0x31, 0xa6, 0x31,
  0xa6, 0x31, 0xa6, 0x31, 0xa6, 0x31, 0xa6, 0x31, 0xa6, 0x31, 0xa6, 0x31, 0xa6, 0x31, 0xa6, 0x31,
  0xa6, 0x31, 0x08, 0x42, 0x00, 0x00, 0x00, 0x00, 0x00, 0x00, 0x00, 0x00, 0x00, 0x00, 0x00, 0x00,
  0xa6, 0x31, 0xa6, 0x31, 0xa6, 0x31, 0xa6, 0x31, 0xa6, 0x31, 0xa6, 0x31, 0xa6, 0x31, 0xa6, 0x31,
  0xa6, 0x31, 0xa6, 0x31, 0xa6, 0x31, 0xa6, 0x31, 0xa6, 0x31, 0xa6, 0x31, 0xa6, 0x31, 0xa6, 0x31,
  0xa6, 0x31, 0xa6, 0x31, 0xa6, 0x31, 0xa6, 0x31, 0xa6, 0x31, 0xa6, 0x31, 0xa6, 0x31, 0x00, 0x00,
  0x00, 0x00, 0x00, 0x00, 0x00, 0x00, 0x00, 0x00, 0x00, 0x00, 0x00, 0x00, 0x00, 0x00, 0x00, 0x00,
  0x86, 0x31, 0xa6, 0x31, 0xa6, 0x31, 0xa6, 0x31, 0xa6, 0x31, 0xa6, 0x31, 0xa6, 0x31, 0xa6, 0x31,
  0xa6, 0x31, 0xa6, 0x31, 0xa6, 0x31, 0xa6, 0x31, 0xa6, 0x31, 0xa6, 0x31, 0xa6, 0x31, 0xa6, 0x31,
  0xa6, 0x31, 0xa6, 0x31, 0xa6, 0x31, 0xa6, 0x31, 0xa6, 0x31, 0xa7, 0x39, 0x00, 0x00, 0x00, 0x00,
  0x00, 0x00, 0x00, 0x00, 0x00, 0x00, 0x00, 0x00, 0xc7, 0x39, 0x86, 0x31, 0xa6, 0x31, 0xa6, 0x31,
  0xa6, 0x31, 0xa6, 0x31, 0xa6, 0x31, 0xa6, 0x31, 0xa6, 0x31, 0xa6, 0x31, 0xa6, 0x31, 0xa6, 0x31,
  0xa6, 0x31, 0xa6, 0x31, 0xa6, 0x31, 0xa6, 0x31, 0xa6, 0x31, 0xa6, 0x31, 0xa6, 0x31, 0xa6, 0x31,
  0xa6, 0x31, 0x86, 0x31, 0x00, 0x00, 0x00, 0x00, 0x00, 0x00, 0x00, 0x00, 0x00, 0x00, 0x00, 0x00,
  0x00, 0x00, 0x00, 0x00, 0x86, 0x31, 0xa6, 0x31, 0xa6, 0x31, 0xa6, 0x31, 0xa6, 0x31, 0xa6, 0x31,
  0xa6, 0x31, 0xa6, 0x31, 0xa6, 0x31, 0xa6, 0x31, 0xa6, 0x31, 0xa6, 0x31, 0xa6, 0x31, 0xa6, 0x31,
  0xa6, 0x31, 0xa6, 0x31, 0xa6, 0x31, 0xa6, 0x31, 0xa6, 0x31, 0xa6, 0x31, 0xa6, 0x31, 0x00, 0x00,
  0x00, 0x00, 0x00, 0x00, 0x00, 0x00, 0x00, 0x00, 0x00, 0x00, 0x86, 0x31, 0xa6, 0x31, 0xa6, 0x31,
  0xa6, 0x31, 0xa6, 0x31, 0xa6, 0x31, 0x86, 0x31, 0x00, 0x00, 0x00, 0x00, 0x00, 0x00, 0x00, 0x00,
  0x00, 0x00, 0x00, 0x00, 0xab, 0x5a, 0xa6, 0x31, 0xa6, 0x31, 0xa6, 0x31, 0xa6, 0x31, 0xa6, 0x31,
  0xa6, 0x31, 0xa6, 0x31, 0xa6, 0x31, 0xa6, 0x31, 0xa6, 0x31, 0xa6, 0x31, 0xa6, 0x31, 0xa6, 0x31,
  0xa6, 0x31, 0xa6, 0x31, 0xa6, 0x31, 0xa6, 0x31, 0xa6, 0x31, 0xa6, 0x31, 0xa6, 0x31, 0xa6, 0x31,
  0x00, 0x00, 0xa6, 0x31, 0xa6, 0x31, 0xa6, 0x31, 0xa6, 0x31, 0xa6, 0x31, 0xa6, 0x31, 0xa6, 0x31,
  0xa6, 0x31, 0xa6, 0x31, 0xa6, 0x31, 0xa6, 0x31, 0xa6, 0x31, 0xa6, 0x31, 0xa6, 0x31, 0xa6, 0x31,
  0xa6, 0x31, 0xa6, 0x31, 0xa6, 0x31, 0xa6, 0x31, 0xa6, 0x31, 0xa6, 0x31, 0xa6, 0x31, 0xa7, 0x39,
  0x00, 0x00, 0x00, 0x00, 0x00, 0x00, 0x00, 0x00, 0x00, 0x00, 0xa7, 0x39, 0xa6, 0x31, 0xa6, 0x31,
  0xa6, 0x31, 0xa6, 0x31, 0xa6, 0x31, 0xa6, 0x31, 0xa6, 0x31, 0xa6, 0x31, 0xa6, 0x31, 0xa6, 0x31,
  0xa6, 0x31, 0xa6, 0x31, 0xa6, 0x31, 0xa6, 0x31, 0xa6, 0x31, 0xa6, 0x31, 0xa6, 0x31, 0xa6, 0x31,
  0xa6, 0x31, 0xa6, 0x31, 0xa6, 0x31, 0xa6, 0x31, 0x00, 0x00, 0x00, 0x00, 0x00, 0x00, 0x00, 0x00,
  0x00, 0x00, 0x00, 0x00, 0xa6, 0x31, 0xa6, 0x31, 0xa6, 0x31, 0xa6, 0x31, 0xa6, 0x31, 0xa6, 0x31,
  0xa6, 0x31, 0xa6, 0x31, 0xa6, 0x31, 0xa6, 0x31, 0xa6, 0x31, 0xa6, 0x31, 0xa6, 0x31, 0xa6, 0x31,
  0xa6, 0x31, 0xa6, 0x31, 0xa6, 0x31, 0xa6, 0x31, 0xa6, 0x31, 0xa6, 0x31, 0xa6, 0x31, 0xa6, 0x31,
  0xa6, 0x31, 0x86, 0x31, 0x00, 0x00, 0x00, 0x00, 0x00, 0x00, 0x00, 0x00, 0x00, 0x00, 0x00, 0x00,
  0xa6, 0x31, 0xa6, 0x31, 0xa6, 0x31, 0xa6, 0x31, 0xa6, 0x31, 0xa6, 0x31, 0xa6, 0x31, 0xa6, 0x31,
  0xa6, 0x31, 0xa6, 0x31, 0xa6, 0x31, 0xa6, 0x31, 0xa6, 0x31, 0xa6, 0x31, 0xa6, 0x31, 0xa6, 0x31,
  0xa6, 0x31, 0xa6, 0x31, 0xa6, 0x31, 0xa6, 0x31, 0xa6, 0x31, 0xa6, 0x31, 0xa6, 0x31, 0xc7, 0x39,
  0x00, 0x00, 0x00, 0x00, 0x00, 0x00, 0x00, 0x00, 0x00, 0x00, 0x00, 0x00, 0x00, 0x00, 0xa6, 0x31,
  0xa6, 0x31, 0xa6, 0x31, 0xa6, 0x31, 0xa6, 0x31, 0xa6, 0x31, 0xa6, 0x31, 0xa6, 0x31, 0xa6, 0x31,
  0xa6, 0x31, 0xa6, 0x31, 0xa6, 0x31, 0xa6, 0x31, 0xa6, 0x31, 0xa6, 0x31, 0xa6, 0x31, 0xa6, 0x31,
  0xa6, 0x31, 0xa6, 0x31, 0xa6, 0x31, 0xa6, 0x31, 0xa6, 0x31, 0xa7, 0x39, 0x00, 0x00, 0x00, 0x00,
  0x00, 0x00, 0x00, 0x00, 0x00, 0x00, 0xc7, 0x39, 0xa6, 0x31, 0xa6, 0x31, 0xa6, 0x31, 0xa6, 0x31,
  0xa6, 0x31, 0xa6, 0x31, 0xa6, 0x31, 0xa6, 0x31, 0xa6, 0x31, 0xa6, 0x31, 0xa6, 0x31, 0xa6, 0x31,
  0xa6, 0x31, 0xa6, 0x31, 0xa6, 0x31, 0xa6, 0x31, 0xa6, 0x31, 0xa6, 0x31, 0xa6, 0x31, 0xa6, 0x31,
  0xa6, 0x31, 0x86, 0x31, 0x00, 0x00, 0x00, 0x00, 0x00, 0x00, 0x00, 0x00, 0x00, 0x00, 0x00, 0x00,
  0x00, 0x00, 0xa6, 0x31, 0xa6, 0x31, 0xa6, 0x31, 0xa6, 0x31, 0xa6, 0x31, 0xa6, 0x31, 0xa6, 0x31,
  0xa6, 0x31, 0xa6, 0x31, 0xa6, 0x31, 0xa6, 0x31, 0xa6, 0x31, 0xa6, 0x31, 0xa6, 0x31, 0xa6, 0x31,
  0xa6, 0x31, 0xa6, 0x31, 0xa6, 0x31, 0xa6, 0x31, 0xa6, 0x31, 0xa6, 0x31, 0xa6, 0x31, 0x00, 0x00,
  0x00, 0x00, 0x00, 0x00, 0x00, 0x00, 0x00, 0x00, 0x00, 0x00, 0x86, 0x31, 0xa6, 0x31, 0xa6, 0x31,
  0xa6, 0x31, 0xa6, 0x31, 0xa6, 0x31, 0x86, 0x31, 0x00, 0x00, 0x00, 0x00, 0x00, 0x00, 0x00, 0x00,
  0x00, 0x00, 0x00, 0x00, 0x86, 0x31, 0xa6, 0x31, 0xa6, 0x31, 0xa6, 0x31, 0xa6, 0x31, 0xa6, 0x31,
  0xa6, 0x31, 0xa6, 0x31, 0xa6, 0x31, 0xa6, 0x31, 0xa6, 0x31, 0xa6, 0x31, 0xa6, 0x31, 0xa6, 0x31,
  0xa6, 0x31, 0xa6, 0x31, 0xa6, 0x31, 0xa6, 0x31, 0xa6, 0x31, 0xa6, 0x31, 0xa6, 0x31, 0xa6, 0x31,
  0x66, 0x31, 0xa6, 0x31, 0xa6, 0x31, 0xa6, 0x31, 0xa6, 0x31, 0xa6, 0x31, 0xa6, 0x31, 0xa6, 0x31,
  0xa6, 0x31, 0xa6, 0x31, 0xa6, 0x31, 0xa6, 0x31, 0xa6, 0x31, 0xa6, 0x31, 0xa6, 0x31, 0xa6, 0x31,
  0xa6, 0x31, 0xa6, 0x31, 0xa6, 0x31, 0xa6, 0x31, 0xa6, 0x31, 0xa6, 0x31, 0xa6, 0x31, 0xa7, 0x39,
  0x00, 0x00, 0x00, 0x00, 0x00, 0x00, 0x00, 0x00, 0x00, 0x00, 0xa6, 0x31, 0xa6, 0x31, 0xa6, 0x31,
  0xa6, 0x31, 0xa6, 0x31, 0xa6, 0x31, 0xa6, 0x31, 0xa6, 0x31, 0xa6, 0x31, 0xa6, 0x31, 0xa6, 0x31,
  0xa6, 0x31, 0xa6, 0x31, 0xa6, 0x31, 0xa6, 0x31, 0xa6, 0x31, 0xa6, 0x31, 0xa6, 0x31, 0xa6, 0x31,
  0xa6, 0x31, 0xa6, 0x31, 0xa6, 0x31, 0xa6, 0x31, 0x00, 0x00, 0x00, 0x00, 0x00, 0x00, 0x00, 0x00,
  0x00, 0x00, 0x00, 0x00, 0xa6, 0x31, 0xa6, 0x31, 0xa6, 0x31, 0xa6, 0x31, 0xa6, 0x31, 0xa6, 0x31,
  0xa6, 0x31, 0xa6, 0x31, 0xa6, 0x31, 0xa6, 0x31, 0xa6, 0x31, 0xa6, 0x31, 0xa6, 0x31, 0xa6, 0x31,
  0xa6, 0x31, 0xa6, 0x31, 0xa6, 0x31, 0xa6, 0x31, 0xa6, 0x31, 0xa6, 0x31, 0xa6, 0x31, 0xa6, 0x31,
  0xa6, 0x31, 0xa6, 0x31, 0xa6, 0x31, 0x00, 0x00, 0x00, 0x00, 0x00, 0x00, 0x00, 0x00, 0x00, 0x00,
  0xa6, 0x31, 0xa6, 0x31, 0xa6, 0x31, 0xa6, 0x31, 0xa6, 0x31, 0xa6, 0x31, 0xa6, 0x31, 0xa6, 0x31,
  0xa6, 0x31, 0xa6, 0x31, 0xa6, 0x31, 0xa6, 0x31, 0xa6, 0x31, 0xa6, 0x31, 0xa6, 0x31, 0xa6, 0x31,
  0xa6, 0x31, 0xa6, 0x31, 0xa6, 0x31, 0xa6, 0x31, 0xa6, 0x31, 0xa6, 0x31, 0xa6, 0x31, 0x86, 0x31,
  0x00, 0x00, 0x00, 0x00, 0x00, 0x00, 0x00, 0x00, 0x00, 0x00, 0x00, 0x00, 0x66, 0x31, 0xa6, 0x31,
  0xa6, 0x31, 0xa6, 0x31, 0xa6, 0x31, 0xa6, 0x31, 0xa6, 0x31, 0xa6, 0x31, 0xa6, 0x31, 0xa6, 0x31,
  0xa6, 0x31, 0xa6, 0x31, 0xa6, 0x31, 0xa6, 0x31, 0xa6, 0x31, 0xa6, 0x31, 0xa6, 0x31, 0xa6, 0x31,
  0xa6, 0x31, 0xa6, 0x31, 0xa6, 0x31, 0xa6, 0x31, 0xa6, 0x31, 0xa7, 0x39, 0x00, 0x00, 0x00, 0x00,
  0x00, 0x00, 0x00, 0x00, 0x00, 0x00, 0xa6, 0x31, 0xa6, 0x31, 0xa6, 0x31, 0xa6, 0x31, 0xa6, 0x31,
  0xa6, 0x31, 0xa6, 0x31, 0xa6, 0x31, 0xa6, 0x31, 0xa6, 0x31, 0xa6, 0x31, 0xa6, 0x31, 0xa6, 0x31,
  0xa6, 0x31, 0xa6, 0x31, 0xa6, 0x31, 0xa6, 0x31, 0xa6, 0x31, 0xa6, 0x31, 0xa6, 0x31, 0xa6, 0x31,
  0xa6, 0x31, 0x86, 0x31, 0x00, 0x00, 0x00, 0x00, 0x00, 0x00, 0x00, 0x00, 0x00, 0x00, 0x00, 0x00,
  0xa6, 0x31, 0xa6, 0x31, 0xa6, 0x31, 0xa6, 0x31, 0xa6, 0x31, 0xa6, 0x31, 0xa6, 0x31, 0xa6, 0x31,
  0xa6, 0x31, 0xa6, 0x31, 0xa6, 0x31, 0xa6, 0x31, 0xa6, 0x31, 0xa6, 0x31, 0xa6, 0x31, 0xa6, 0x31,
  0xa6, 0x31, 0xa6, 0x31, 0xa6, 0x31, 0xa6, 0x31, 0xa6, 0x31, 0xa6, 0x31, 0xa6, 0x31, 0x00, 0x00,
  0x00, 0x00, 0x00, 0x00, 0x00, 0x00, 0x00, 0x00, 0x00, 0x00, 0x86, 0x31, 0xa6, 0x31, 0xa6, 0x31,
  0xa6, 0x31, 0xa6, 0x31, 0xa6, 0x31, 0x86, 0x31, 0x00, 0x00, 0x00, 0x00, 0x00, 0x00, 0x00, 0x00,
  0x00, 0x00, 0x86, 0x31, 0xa6, 0x31, 0xa6, 0x31, 0xa6, 0x31, 0xa6, 0x31, 0xa6, 0x31, 0xa6, 0x31,
  0xa6, 0x31, 0xa6, 0x31, 0xa6, 0x31, 0xa6, 0x31, 0xa6, 0x31, 0xa6, 0x31, 0xa6, 0x31, 0xa6, 0x31,
  0xa6, 0x31, 0xa6, 0x31, 0xa6, 0x31, 0xa6, 0x31, 0xa6, 0x31, 0xa6, 0x31, 0xa6, 0x31, 0xa6, 0x31,
  0xa6, 0x31, 0xa6, 0x31, 0xa6, 0x31, 0xa6, 0x31, 0xa6, 0x31, 0xa6, 0x31, 0xa6, 0x31, 0xa6, 0x31,
  0xa6, 0x31, 0xa6, 0x31, 0xa6, 0x31, 0xa6, 0x31, 0xa6, 0x31, 0xa6, 0x31, 0xa6, 0x31, 0xa6, 0x31,
  0xa6, 0x31, 0xa6, 0x31, 0xa6, 0x31, 0xa6, 0x31, 0xa6, 0x31, 0xa6, 0x31, 0xa6, 0x31, 0xa7, 0x39,
  0x00, 0x00, 0x00, 0x00, 0x00, 0x00, 0x00, 0x00, 0x86, 0x31, 0xa6, 0x31, 0xa6, 0x31, 0xa6, 0x31,
  0xa6, 0x31, 0xa6, 0x31, 0xa6, 0x31, 0xa6, 0x31, 0xa6, 0x31, 0xa6, 0x31, 0xa6, 0x31, 0xa6, 0x31,
  0xa6, 0x31, 0xa6, 0x31, 0xa6, 0x31, 0xa6, 0x31, 0xa6, 0x31, 0xa6, 0x31, 0xa6, 0x31, 0xa6, 0x31,
  0xa6, 0x31, 0xa6, 0x31, 0xa6, 0x31, 0xa6, 0x31, 0x00, 0x00, 0x00, 0x00, 0x00, 0x00, 0x00, 0x00,
  0x00, 0x00, 0x00, 0x00, 0xa6, 0x31, 0xa6, 0x31, 0xa6, 0x31, 0xa6, 0x31, 0xa6, 0x31, 0xa6, 0x31,
  0xa6, 0x31, 0xa6, 0x31, 0xa6, 0x31, 0xa6, 0x31, 0xa6, 0x31, 0xa6, 0x31, 0xa6, 0x31, 0xa6, 0x31,
  0xa6, 0x31, 0xa6, 0x31, 0xa6, 0x31, 0xa6, 0x31, 0xa6, 0x31, 0xa6, 0x31, 0xa6, 0x31, 0xa6, 0x31,
  0xa6, 0x31, 0xa6, 0x31, 0xa6, 0x31, 0x00, 0x00, 0x00, 0x00, 0x00, 0x00, 0x00, 0x00, 0x00, 0x00,
  0xa6, 0x31, 0xa6, 0x31, 0xa6, 0x31, 0xa6, 0x31, 0xa6, 0x31, 0xa6, 0x31, 0xa6, 0x31, 0xa6, 0x31,
  0xa6, 0x31, 0xa6, 0x31, 0xa6, 0x31, 0xa6, 0x31, 0xa6, 0x31, 0xa6, 0x31, 0xa6, 0x31, 0xa6, 0x31,
  0xa6, 0x31, 0xa6, 0x31, 0xa6, 0x31, 0xa6, 0x31, 0xa6, 0x31, 0xa6, 0x31, 0xa6, 0x31, 0xa6, 0x31,
  0xa7, 0x39, 0x00, 0x00, 0x00, 0x00, 0x00, 0x00, 0x00, 0x00, 0x00, 0x00, 0xa6, 0x31, 0xa6, 0x31,
  0xa6, 0x31, 0xa6, 0x31, 0xa6, 0x31, 0xa6, 0x31, 0xa6, 0x31, 0xa6, 0x31, 0xa6, 0x31, 0xa6, 0x31,
  0xa6, 0x31, 0xa6, 0x31, 0xa6, 0x31, 0xa6, 0x31, 0xa6, 0x31, 0xa6, 0x31, 0xa6, 0x31, 0xa6, 0x31,
  0xa6, 0x31, 0xa6, 0x31, 0xa6, 0x31, 0xa6, 0x31, 0xa6, 0x31, 0xa7, 0x39, 0x00, 0x00, 0x00, 0x00,
  0x00, 0x00, 0x00, 0x00, 0xc7, 0x39, 0xa6, 0x31, 0xa6, 0x31, 0xa6, 0x31, 0xa6, 0x31, 0xa6, 0x31,
  0xa6, 0x31, 0xa6, 0x31, 0xa6, 0x31, 0xa6, 0x31, 0xa6, 0x31, 0xa6, 0x31, 0xa6, 0x31, 0xa6, 0x31,
  0xa6, 0x31, 0xa6, 0x31, 0xa6, 0x31, 0xa6, 0x31, 0xa6, 0x31, 0xa6, 0x31, 0xa6, 0x31, 0xa6, 0x31,
  0xa6, 0x31, 0x86, 0x31, 0x00, 0x00, 0x00, 0x00, 0x00, 0x00, 0x00, 0x00, 0x00, 0x00, 0x00, 0x00,
  0xa6, 0x31, 0xa6, 0x31, 0xa6, 0x31, 0xa6, 0x31, 0xa6, 0x31, 0xa6, 0x31, 0xa6, 0x31, 0xa6, 0x31,
  0xa6, 0x31, 0xa6, 0x31, 0xa6, 0x31, 0xa6, 0x31, 0xa6, 0x31, 0xa6, 0x31, 0xa6, 0x31, 0xa6, 0x31,
  0xa6, 0x31, 0xa6, 0x31, 0xa6, 0x31, 0xa6, 0x31, 0xa6, 0x31, 0xa6, 0x31, 0xa6, 0x31, 0x00, 0x00,
  0x00, 0x00, 0x00, 0x00, 0x00, 0x00, 0x00, 0x00, 0x00, 0x00, 0x86, 0x31, 0xa6, 0x31, 0xa6, 0x31,
  0xa6, 0x31, 0xa6, 0x31, 0xa6, 0x31, 0x86, 0x31, 0x00, 0x00, 0x00, 0x00, 0x00, 0x00, 0x00, 0x00,
  0x00, 0x00, 0x86, 0x31, 0xa6, 0x31, 0xa6, 0x31, 0xa6, 0x31, 0xa6, 0x31, 0xa6, 0x31, 0xa6, 0x31,
  0xa6, 0x31, 0xa6, 0x31, 0xa6, 0x31, 0xa6, 0x31, 0xa6, 0x31, 0xa6, 0x31, 0xa6, 0x31, 0xa6, 0x31,
  0xa6, 0x31, 0xa6, 0x31, 0xa6, 0x31, 0xa6, 0x31, 0xa6, 0x31, 0xa6, 0x31, 0xa6, 0x31, 0xa6, 0x31,
  0xa6, 0x31, 0xa6, 0x31, 0xa6, 0x31, 0xa6, 0x31, 0xa6, 0x31, 0xa6, 0x31, 0xa6, 0x31, 0xa6, 0x31,
  0xa6, 0x31, 0xa6, 0x31, 0xa6, 0x31, 0xa6, 0x31, 0xa6, 0x31, 0xa6, 0x31, 0xa6, 0x31, 0xa6, 0x31,
  0xa6, 0x31, 0xa6, 0x31, 0xa6, 0x31, 0xa6, 0x31, 0xa6, 0x31, 0xa6, 0x31, 0xa6, 0x31, 0x66, 0x31,
  0x00, 0x00, 0x00, 0x00, 0x00, 0x00, 0x00, 0x00, 0xa6, 0x31, 0xa6, 0x31, 0xa6, 0x31, 0xa6, 0x31,
  0xa6, 0x31, 0xa6, 0x31, 0xa6, 0x31, 0xa6, 0x31, 0xa6, 0x31, 0xa6, 0x31, 0xa6, 0x31, 0xa6, 0x31,
  0xa6, 0x31, 0xa6, 0x31, 0xa6, 0x31, 0xa6, 0x31, 0xa6, 0x31, 0xa6, 0x31, 0xa6, 0x31, 0xa6, 0x31,
  0xa6, 0x31, 0xa6, 0x31, 0xa6, 0x31, 0x86, 0x31, 0x00, 0x00, 0x00, 0x00, 0x00, 0x00, 0x00, 0x00,
  0x00, 0x00, 0x00, 0x00, 0xa6, 0x31, 0xa6, 0x31, 0xa6, 0x31, 0xa6, 0x31, 0xa6, 0x31, 0xa6, 0x31,
  0xa6, 0x31, 0xa6, 0x31, 0xa6, 0x31, 0xa6, 0x31, 0xa6, 0x31, 0xa6, 0x31, 0xa6, 0x31, 0xa6, 0x31,
  0xa6, 0x31, 0xa6, 0x31, 0xa6, 0x31, 0xa6, 0x31, 0xa6, 0x31, 0xa6, 0x31, 0xa6, 0x31, 0xa6, 0x31,
  0xa6, 0x31, 0xa6, 0x31, 0xa6, 0x31, 0x86, 0x31, 0x00, 0x00, 0x00, 0x00, 0x00, 0x00, 0x00, 0x00,
  0xa6, 0x31, 0xa6, 0x31, 0xa6, 0x31, 0xa6, 0x31, 0xa6, 0x31, 0xa6, 0x31, 0xa6, 0x31, 0xa6, 0x31,
  0xa6, 0x31, 0xa6, 0x31, 0xa6, 0x31, 0xa6, 0x31, 0xa6, 0x31, 0xa6, 0x31, 0xa6, 0x31, 0xa6, 0x31,
  0xa6, 0x31, 0xa6, 0x31, 0xa6, 0x31, 0xa6, 0x31, 0xa6, 0x31, 0xa6, 0x31, 0xa6, 0x31, 0xa6, 0x31,
  0xa6, 0x31, 0x00, 0x00, 0x00, 0x00, 0x00, 0x00, 0x00, 0x00, 0x00, 0x00, 0xa6, 0x31, 0xa6, 0x31,
  0xa6, 0x31, 0xa6, 0x31, 0xa6, 0x31, 0xa6, 0x31, 0xa6, 0x31, 0xa6, 0x31, 0xa6, 0x31, 0xa6, 0x31,
  0xa6, 0x31, 0xa6, 0x31, 0xa6, 0x31, 0xa6, 0x31, 0xa6, 0x31, 0xa6, 0x31, 0xa6, 0x31, 0xa6, 0x31,
  0xa6, 0x31, 0xa6, 0x31, 0xa6, 0x31, 0xa6, 0x31, 0xa6, 0x31, 0x86, 0x31, 0x00, 0x00, 0x00, 0x00,
  0x00, 0x00, 0x00, 0x00, 0xa6, 0x31, 0xa6, 0x31, 0xa6, 0x31, 0xa6, 0x31, 0xa6, 0x31, 0xa6, 0x31,
  0xa6, 0x31, 0xa6, 0x31, 0x86, 0x31, 0xa6, 0x31, 0xa6, 0x31, 0xa6, 0x31, 0xa6, 0x31, 0xa6, 0x31,
  0xa6, 0x31, 0xa6, 0x31, 0xa6, 0x31, 0xa6, 0x31, 0xa6, 0x31, 0xa6, 0x31, 0xa6, 0x31, 0xa6, 0x31,
  0xa6, 0x31, 0x86, 0x31, 0x00, 0x00, 0x00, 0x00, 0x00, 0x00, 0x00, 0x00, 0x00, 0x00, 0x65, 0x29,
  0xa6, 0x31, 0xa6, 0x31, 0xa6, 0x31, 0xa6, 0x31, 0xa6, 0x31, 0xa6, 0x31, 0xa6, 0x31, 0xa6, 0x31,
  0xa6, 0x31, 0xa6, 0x31, 0xa6, 0x31, 0xa6, 0x31, 0xa6, 0x31, 0xa6, 0x31, 0xa6, 0x31, 0xa6, 0x31,
  0xa6, 0x31, 0xa6, 0x31, 0xa6, 0x31, 0xa6, 0x31, 0xa6, 0x31, 0xa6, 0x31, 0x86, 0x31, 0x00, 0x00,
  0x00, 0x00, 0x00, 0x00, 0x00, 0x00, 0x00, 0x00, 0x00, 0x00, 0x86, 0x31, 0xa6, 0x31, 0xa6, 0x31,
  0xa6, 0x31, 0xa6, 0x31, 0xa6, 0x31, 0x86, 0x31, 0x00, 0x00, 0x00, 0x00, 0x00, 0x00, 0x00, 0x00,
  0xa6, 0x31, 0xa6, 0x31, 0xa6, 0x31, 0xa6, 0x31, 0xa6, 0x31, 0xa6, 0x31, 0xa6, 0x31, 0xa6, 0x31,
  0xa6, 0x31, 0xa6, 0x31, 0xa6, 0x31, 0xa6, 0x31, 0xa6, 0x31, 0xa6, 0x31, 0xa6, 0x31, 0xa6, 0x31,
  0xa6, 0x31, 0xa6, 0x31, 0xa6, 0x31, 0xa6, 0x31, 0xa6, 0x31, 0xa6, 0x31, 0xa6, 0x31, 0xa6, 0x31,
  0xa6, 0x31, 0xa6, 0x31, 0xa6, 0x31, 0xa6, 0x31, 0xa6, 0x31, 0xa6, 0x31, 0x86, 0x31, 0x00, 0x00,
  0x00, 0x00, 0x00, 0x00, 0x00, 0x00, 0x00, 0x00, 0x00, 0x00, 0x00, 0x00, 0x00, 0x00, 0x00, 0x00,
  0x00, 0x00, 0x00, 0x00, 0x00, 0x00, 0x00, 0x00, 0x00, 0x00, 0x00, 0x00, 0x00, 0x00, 0x00, 0x00,
  0x00, 0x00, 0x00, 0x00, 0x00, 0x00, 0x00, 0x00, 0xa6, 0x31, 0xa6, 0x31, 0xa6, 0x31, 0xa6, 0x31,
  0xa6, 0x31, 0xa6, 0x31, 0x86, 0x31, 0xa6, 0x31, 0x00, 0x00, 0x00, 0x00, 0x00, 0x00, 0x00, 0x00,
  0x00, 0x00, 0x00, 0x00, 0x00, 0x00, 0x00, 0x00, 0x00, 0x00, 0x00, 0x00, 0x00, 0x00, 0x00, 0x00,
  0x00, 0x00, 0x00, 0x00, 0x00, 0x00, 0x00, 0x00, 0x00, 0x00, 0x00, 0x00, 0x00, 0x00, 0x00, 0x00,
  0x00, 0x00, 0x00, 0x00, 0xa6, 0x31, 0xa6, 0x31, 0xa6, 0x31, 0xa6, 0x31, 0xa6, 0x31, 0xa6, 0x31,
  0xa7, 0x39, 0x00, 0x00, 0x00, 0x00, 0x00, 0x00, 0x00, 0x00, 0x00, 0x00, 0x00, 0x00, 0x00, 0x00,
  0x00, 0x00, 0x00, 0x00, 0x00, 0x00, 0x00, 0x00, 0xa6, 0x31, 0xa6, 0x31, 0xa6, 0x31, 0xa6, 0x31,
  0xa6, 0x31, 0xa6, 0x31, 0xa6, 0x31, 0xa6, 0x31, 0x00, 0x00, 0x00, 0x00, 0x00, 0x00, 0x00, 0x00,
  0xa6, 0x31, 0xa6, 0x31, 0xa6, 0x31, 0xa6, 0x31, 0xa6, 0x31, 0xa6, 0x31, 0x86, 0x31, 0x00, 0x00,
  0x00, 0x00, 0x00, 0x00, 0x00, 0x00, 0x00, 0x00, 0x00, 0x00, 0x00, 0x00, 0x00, 0x00, 0x00, 0x00,
  0x00, 0x00, 0x08, 0x42, 0xa6, 0x31, 0xa6, 0x31, 0xa6, 0x31, 0xa6, 0x31, 0xa6, 0x31, 0xa6, 0x31,
  0xa6, 0x31, 0x00, 0x00, 0x00, 0x00, 0x00, 0x00, 0x00, 0x00, 0x00, 0x00, 0xa6, 0x31, 0xa6, 0x31,
  0xa6, 0x31, 0xa6, 0x31, 0xa6, 0x31, 0xa6, 0x31, 0xa6, 0x31, 0x00, 0x00, 0x00, 0x00, 0x00, 0x00,
  0x00, 0x00, 0x00, 0x00, 0x00, 0x00, 0x00, 0x00, 0x00, 0x00, 0x00, 0x00, 0x00, 0x00, 0x00, 0x00,
  0x00, 0x00, 0x00, 0x00, 0x00, 0x00, 0x00, 0x00, 0x00, 0x00, 0x00, 0x00, 0x00, 0x00, 0x00, 0x00,
  0x00, 0x00, 0x00, 0x00, 0xa6, 0x31, 0xa6, 0x31, 0xa6, 0x31, 0xa6, 0x31, 0xa6, 0x31, 0xa6, 0x31,
  0xa6, 0x31, 0x65, 0x29, 0x00, 0x00, 0x00, 0x00, 0x00, 0x00, 0x00, 0x00, 0x00, 0x00, 0x00, 0x00,
  0x00, 0x00, 0x00, 0x00, 0x00, 0x00, 0x00, 0x00, 0x00, 0x00, 0x00, 0x00, 0x00, 0x00, 0x00, 0x00,
  0x00, 0x00, 0x00, 0x00, 0x00, 0x00, 0x00, 0x00, 0x00, 0x00, 0x00, 0x00, 0x00, 0x00, 0xa6, 0x31,
  0xa6, 0x31, 0xa6, 0x31, 0xa6, 0x31, 0xa6, 0x31, 0xa6, 0x31, 0xa6, 0x31, 0xa6, 0x31, 0x00, 0x00,
  0x00, 0x00, 0x00, 0x00, 0x00, 0x00, 0x00, 0x00, 0x00, 0x00, 0x00, 0x00, 0x00, 0x00, 0x00, 0x00,
  0x00, 0x00, 0x00, 0x00, 0x00, 0x00, 0x00, 0x00, 0x00, 0x00, 0x00, 0x00, 0x00, 0x00, 0x00, 0x00,
  0x00, 0x00, 0x00, 0x00, 0x00, 0x00, 0x00, 0x00, 0x00, 0x00, 0x86, 0x31, 0xa6, 0x31, 0xa6, 0x31,
  0xa6, 0x31, 0xa6, 0x31, 0xa6, 0x31, 0x86, 0x31, 0x00, 0x00, 0x00, 0x00, 0x00, 0x00, 0x00, 0x00,
  0xa6, 0x31, 0xa6, 0x31, 0xa6, 0x31, 0xa6, 0x31, 0xa6, 0x31, 0xa6, 0x31, 0xa6, 0x31, 0xa6, 0x31,
  0x00, 0x00, 0x00, 0x00, 0x00, 0x00, 0x00, 0x00, 0x00, 0x00, 0x00, 0x00, 0x00, 0x00, 0x00, 0x00,
  0x00, 0x00, 0x00, 0x00, 0x00, 0x00, 0x00, 0x00, 0x00, 0x00, 0x00, 0x00, 0x00, 0x00, 0x00, 0x00,
  0xa6, 0x31, 0xa6, 0x31, 0xa6, 0x31, 0xa6, 0x31, 0xa6, 0x31, 0xa6, 0x31, 0xa6, 0x31, 0x00, 0x00,
  0x00, 0x00, 0x00, 0x00, 0x00, 0x00, 0x00, 0x00, 0x00, 0x00, 0x00, 0x00, 0x00, 0x00, 0x00, 0x00,
  0x00, 0x00, 0x00, 0x00, 0x00, 0x00, 0x00, 0x00, 0x00, 0x00, 0x00, 0x00, 0x00, 0x00, 0x00, 0x00,
  0x00, 0x00, 0x00, 0x00, 0x00, 0x00, 0x00, 0x00, 0xa6, 0x31, 0xa6, 0x31, 0xa6, 0x31, 0xa6, 0x31,
  0xa6, 0x31, 0xa6, 0x31, 0xa6, 0x31, 0x00, 0x00, 0x00, 0x00, 0x00, 0x00, 0x00, 0x00, 0x00, 0x00,
  0x00, 0x00, 0x00, 0x00, 0x00, 0x00, 0x00, 0x00, 0x00, 0x00, 0x00, 0x00, 0x00, 0x00, 0x00, 0x00,
  0x00, 0x00, 0x00, 0x00, 0x00, 0x00, 0x00, 0x00, 0x00, 0x00, 0x00, 0x00, 0x00, 0x00, 0x00, 0x00,
  0x00, 0x00, 0x00, 0x00, 0xa6, 0x31, 0xa6, 0x31, 0xa6, 0x31, 0xa6, 0x31, 0xa6, 0x31, 0xa6, 0x31,
  0xa7, 0x39, 0x00, 0x00, 0x00, 0x00, 0x00, 0x00, 0x00, 0x00, 0x00, 0x00, 0x00, 0x00, 0x00, 0x00,
  0x00, 0x00, 0x00, 0x00, 0x00, 0x00, 0x00, 0x00, 0x00, 0x00, 0xa6, 0x31, 0xa6, 0x31, 0xa6, 0x31,
  0xa6, 0x31, 0xa6, 0x31, 0xa6, 0x31, 0xa6, 0x31, 0x00, 0x00, 0x00, 0x00, 0x00, 0x00, 0x00, 0x00,
  0xa6, 0x31, 0xa6, 0x31, 0xa6, 0x31, 0xa6, 0x31, 0xa6, 0x31, 0xa6, 0x31, 0x86, 0x31, 0x00, 0x00,
  0x00, 0x00, 0x00, 0x00, 0x00, 0x00, 0x00, 0x00, 0x00, 0x00, 0x00, 0x00, 0x00, 0x00, 0x00, 0x00,
  0x00, 0x00, 0x00, 0x00, 0xa6, 0x31, 0xa6, 0x31, 0xa6, 0x31, 0xa6, 0x31, 0xa6, 0x31, 0xa6, 0x31,
  0x86, 0x31, 0x00, 0x00, 0x00, 0x00, 0x00, 0x00, 0x00, 0x00, 0x00, 0x00, 0xa6, 0x31, 0xa6, 0x31,
  0xa6, 0x31, 0xa6, 0x31, 0xa6, 0x31, 0xa6, 0x31, 0xa6, 0x31, 0x00, 0x00, 0x00, 0x00, 0x00, 0x00,
  0x00, 0x00, 0x00, 0x00, 0x00, 0x00, 0x00, 0x00, 0x00, 0x00, 0x00, 0x00, 0x00, 0x00, 0x00, 0x00,
  0x00, 0x00, 0x00, 0x00, 0x00, 0x00, 0x00, 0x00, 0x00, 0x00, 0x00, 0x00, 0x00, 0x00, 0x00, 0x00,
  0x00, 0x00, 0x00, 0x00, 0xa6, 0x31, 0xa6, 0x31, 0xa6, 0x31, 0xa6, 0x31, 0xa6, 0x31, 0xa6, 0x31,
  0xa6, 0x31, 0x00, 0x00, 0x00, 0x00, 0x00, 0x00, 0x00, 0x00, 0x00, 0x00, 0x00, 0x00, 0x00, 0x00,
  0x00, 0x00, 0x00, 0x00, 0x00, 0x00, 0x00, 0x00, 0x00, 0x00, 0x00, 0x00, 0x00, 0x00, 0x00, 0x00,
  0x00, 0x00, 0x00, 0x00, 0x00, 0x00, 0x00, 0x00, 0x00, 0x00, 0x00, 0x00, 0x00, 0x00, 0x86, 0x31,
  0xa6, 0x31, 0xa6, 0x31, 0xa6, 0x31, 0xa6, 0x31, 0xa6, 0x31, 0xa6, 0x31, 0x00, 0x00, 0x00, 0x00,
  0x00, 0x00, 0x00, 0x00, 0x00, 0x00, 0x00, 0x00, 0x00, 0x00, 0x00, 0x00, 0x00, 0x00, 0x00, 0x00,
  0x00, 0x00, 0x00, 0x00, 0x00, 0x00, 0x00, 0x00, 0x00, 0x00, 0x00, 0x00, 0x00, 0x00, 0x00, 0x00,
  0x00, 0x00, 0x00, 0x00, 0x00, 0x00, 0x00, 0x00, 0x00, 0x00, 0x86, 0x31, 0xa6, 0x31, 0xa6, 0x31,
  0xa6, 0x31, 0xa6, 0x31, 0xa6, 0x31, 0x86, 0x31, 0x00, 0x00, 0x00, 0x00, 0x00, 0x00, 0x00, 0x00,
  0x86, 0x31, 0xa6, 0x31, 0xa6, 0x31, 0xa6, 0x31, 0xa6, 0x31, 0xa6, 0x31, 0xa6, 0x31, 0x00, 0x00,
  0x00, 0x00, 0x00, 0x00, 0x00, 0x00, 0x00, 0x00, 0x00, 0x00, 0x00, 0x00, 0x00, 0x00, 0x00, 0x00,
  0x00, 0x00, 0x00, 0x00, 0x00, 0x00, 0x00, 0x00, 0x00, 0x00, 0x00, 0x00, 0x00, 0x00, 0x00, 0x00,
  0xa6, 0x31, 0xa6, 0x31, 0xa6, 0x31, 0xa6, 0x31, 0xa6, 0x31, 0xa6, 0x31, 0x00, 0x00, 0x00, 0x00,
  0x00, 0x00, 0x00, 0x00, 0x00, 0x00, 0x00, 0x00, 0x00, 0x00, 0x00, 0x00, 0x00, 0x00, 0x00, 0x00,
  0x00, 0x00, 0x00, 0x00, 0x00, 0x00, 0x00, 0x00, 0x00, 0x00, 0x00, 0x00, 0x00, 0x00, 0x00, 0x00,
  0x00, 0x00, 0x00, 0x00, 0x00, 0x00, 0x00, 0x00, 0x86, 0x31, 0xa6, 0x31, 0xa6, 0x31, 0xa6, 0x31,
  0xa6, 0x31, 0xa6, 0x31, 0xa6, 0x31, 0x00, 0x00, 0x00, 0x00, 0x00, 0x00, 0x00, 0x00, 0x00, 0x00,
  0x00, 0x00, 0x00, 0x00, 0x00, 0x00, 0x00, 0x00, 0x00, 0x00, 0x00, 0x00, 0x00, 0x00, 0x00, 0x00,
  0x00, 0x00, 0x00, 0x00, 0x00, 0x00, 0x00, 0x00, 0x00, 0x00, 0x00, 0x00, 0x00, 0x00, 0x00, 0x00,
  0x00, 0x00, 0x00, 0x00, 0xa6, 0x31, 0xa6, 0x31, 0xa6, 0x31, 0xa6, 0x31, 0xa6, 0x31, 0xa6, 0x31,
  0xa7, 0x39, 0x00, 0x00, 0x00, 0x00, 0x00, 0x00, 0x00, 0x00, 0x00, 0x00, 0x00, 0x00, 0x00, 0x00,
  0x00, 0x00, 0x00, 0x00, 0x00, 0x00, 0x00, 0x00, 0x00, 0x00, 0xa6, 0x31, 0xa6, 0x31, 0xa6, 0x31,
  0xa6, 0x31, 0xa6, 0x31, 0xa6, 0x31, 0xa6, 0x31, 0x00, 0x00, 0x00, 0x00, 0x00, 0x00, 0x00, 0x00,
  0xa6, 0x31, 0xa6, 0x31, 0xa6, 0x31, 0xa6, 0x31, 0xa6, 0x31, 0xa6, 0x31, 0x86, 0x31, 0x00, 0x00,
  0x00, 0x00, 0x00, 0x00, 0x00, 0x00, 0x00, 0x00, 0x00, 0x00, 0x00, 0x00, 0x00, 0x00, 0x00, 0x00,
  0x00, 0x00, 0x00, 0x00, 0x86, 0x31, 0xa6, 0x31, 0xa6, 0x31, 0xa6, 0x31, 0xa6, 0x31, 0xa6, 0x31,
  0x86, 0x31, 0x00, 0x00, 0x00, 0x00, 0x00, 0x00, 0x00, 0x00, 0x00, 0x00, 0xa6, 0x31, 0xa6, 0x31,
  0xa6, 0x31, 0xa6, 0x31, 0xa6, 0x31, 0xa6, 0x31, 0x86, 0x31, 0x00, 0x00, 0x00, 0x00, 0x00, 0x00,
  0x00, 0x00, 0x00, 0x00, 0x00, 0x00, 0x00, 0x00, 0x00, 0x00, 0x00, 0x00, 0x00, 0x00, 0x00, 0x00,
  0x00, 0x00, 0x00, 0x00, 0x00, 0x00, 0x00, 0x00, 0x00, 0x00, 0x00, 0x00, 0x00, 0x00, 0x00, 0x00,
  0x00, 0x00, 0x00, 0x00, 0xa6, 0x31, 0xa6, 0x31, 0xa6, 0x31, 0xa6, 0x31, 0xa6, 0x31, 0xa6, 0x31,
  0x86, 0x31, 0x00, 0x00, 0x00, 0x00, 0x00, 0x00, 0x00, 0x00, 0x00, 0x00, 0x00, 0x00, 0x00, 0x00,
  0x00, 0x00, 0x00, 0x00, 0x00, 0x00, 0x00, 0x00, 0x00, 0x00, 0x00, 0x00, 0x00, 0x00, 0x00, 0x00,
  0x00, 0x00, 0x00, 0x00, 0x00, 0x00, 0x00, 0x00, 0x00, 0x00, 0x00, 0x00, 0x00, 0x00, 0xa7, 0x39,
  0xa6, 0x31, 0xa6, 0x31, 0xa6, 0x31, 0xa6, 0x31, 0xa6, 0x31, 0xa6, 0x31, 0x00, 0x00, 0x00, 0x00,
  0x00, 0x00, 0x00, 0x00, 0x00, 0x00, 0x00, 0x00, 0x00, 0x00, 0x00, 0x00, 0x00, 0x00, 0x00, 0x00,
  0x00, 0x00, 0x00, 0x00, 0x00, 0x00, 0x00, 0x00, 0x00, 0x00, 0x00, 0x00, 0x00, 0x00, 0x00, 0x00,
  0x00, 0x00, 0x00, 0x00, 0x00, 0x00, 0x00, 0x00, 0x00, 0x00, 0x86, 0x31, 0xa6, 0x31, 0xa6, 0x31,
  0xa6, 0x31, 0xa6, 0x31, 0xa6, 0x31, 0x86, 0x31, 0x00, 0x00, 0x00, 0x00, 0x00, 0x00, 0x00, 0x00,
  0xa7, 0x39, 0xa6, 0x31, 0xa6, 0x31, 0xa6, 0x31, 0xa6, 0x31, 0xa6, 0x31, 0xa6, 0x31, 0x00, 0x00,
  0x00, 0x00, 0x00, 0x00, 0x00, 0x00, 0x00, 0x00, 0x00, 0x00, 0x00, 0x00, 0x00, 0x00, 0x00, 0x00,
  0x00, 0x00, 0x00, 0x00, 0x00, 0x00, 0x00, 0x00, 0x00, 0x00, 0x00, 0x00, 0x00, 0x00, 0x00, 0x00,
  0xa6, 0x31, 0xa6, 0x31, 0xa6, 0x31, 0xa6, 0x31, 0xa6, 0x31, 0xa6, 0x31, 0x00, 0x00, 0x00, 0x00,
  0x00, 0x00, 0x00, 0x00, 0x00, 0x00, 0x00, 0x00, 0x00, 0x00, 0x00, 0x00, 0x00, 0x00, 0x00, 0x00,
  0x00, 0x00, 0x00, 0x00, 0x00, 0x00, 0x00, 0x00, 0x00, 0x00, 0x00, 0x00, 0x00, 0x00, 0x00, 0x00,
  0x00, 0x00, 0x00, 0x00, 0x00, 0x00, 0x00, 0x00, 0x86, 0x31, 0xa6, 0x31, 0xa6, 0x31, 0xa6, 0x31,
  0xa6, 0x31, 0xa6, 0x31, 0xa6, 0x31, 0x00, 0x00, 0x00, 0x00, 0x00, 0x00, 0x00, 0x00, 0x00, 0x00,
  0x00, 0x00, 0x00, 0x00, 0x00, 0x00, 0x00, 0x00, 0x00, 0x00, 0x00, 0x00, 0x00, 0x00, 0x00, 0x00,
  0x00, 0x00, 0x00, 0x00, 0x00, 0x00, 0x00, 0x00, 0x00, 0x00, 0x00, 0x00, 0x00, 0x00, 0x00, 0x00,
  0x00, 0x00, 0x00, 0x00, 0xa6, 0x31, 0xa6, 0x31, 0xa6, 0x31, 0xa6, 0x31, 0xa6, 0x31, 0xa6, 0x31,
  0xa7, 0x39, 0x00, 0x00, 0x00, 0x00, 0x00, 0x00, 0x00, 0x00, 0x00, 0x00, 0x00, 0x00, 0x00, 0x00,
  0x00, 0x00, 0x00, 0x00, 0x00, 0x00, 0x00, 0x00, 0x00, 0x00, 0xa6, 0x31, 0xa6, 0x31, 0xa6, 0x31,
  0xa6, 0x31, 0xa6, 0x31, 0xa6, 0x31, 0xa6, 0x31, 0x00, 0x00, 0x00, 0x00, 0x00, 0x00, 0x00, 0x00,
  0xa6, 0x31, 0xa6, 0x31, 0xa6, 0x31, 0xa6, 0x31, 0xa6, 0x31, 0xa6, 0x31, 0x86, 0x31, 0x00, 0x00,
  0x00, 0x00, 0x00, 0x00, 0x00, 0x00, 0x00, 0x00, 0x00, 0x00, 0x00, 0x00, 0x00, 0x00, 0x00, 0x00,
  0x00, 0x00, 0x00, 0x00, 0x86, 0x31, 0xa6, 0x31, 0xa6, 0x31, 0xa6, 0x31, 0xa6, 0x31, 0xa6, 0x31,
  0x86, 0x31, 0x00, 0x00, 0x00, 0x00, 0x00, 0x00, 0x00, 0x00, 0x00, 0x00, 0xa6, 0x31, 0xa6, 0x31,
  0xa6, 0x31, 0xa6, 0x31, 0xa6, 0x31, 0xa6, 0x31, 0x86, 0x31, 0x00, 0x00, 0x00, 0x00, 0x00, 0x00,
  0x00, 0x00, 0x00, 0x00, 0x00, 0x00, 0x00, 0x00, 0x00, 0x00, 0x00, 0x00, 0x00, 0x00, 0x00, 0x00,
  0x00, 0x00, 0x00, 0x00, 0x00, 0x00, 0x00, 0x00, 0x00, 0x00, 0x00, 0x00, 0x00, 0x00, 0x00, 0x00,
  0x00, 0x00, 0x00, 0x00, 0xa6, 0x31, 0xa6, 0x31, 0xa6, 0x31, 0xa6, 0x31, 0xa6, 0x31, 0xa6, 0x31,
  0x86, 0x31, 0x00, 0x00, 0x00, 0x00, 0x00, 0x00, 0x00, 0x00, 0x00, 0x00, 0x00, 0x00, 0x00, 0x00,
  0x00, 0x00, 0x00, 0x00, 0x00, 0x00, 0x00, 0x00, 0x00, 0x00, 0x00, 0x00, 0x00, 0x00, 0x00, 0x00,
  0x00, 0x00, 0x00, 0x00, 0x00, 0x00, 0x00, 0x00, 0x00, 0x00, 0x00, 0x00, 0x00, 0x00, 0xa7, 0x39,
  0xa6, 0x31, 0xa6, 0x31, 0xa6, 0x31, 0xa6, 0x31, 0xa6, 0x31, 0xa6, 0x31, 0x00, 0x00, 0x00, 0x00,
  0x00, 0x00, 0x00, 0x00, 0x00, 0x00, 0x00, 0x00, 0x00, 0x00, 0x00, 0x00, 0x00, 0x00, 0x00, 0x00,
  0x00, 0x00, 0x00, 0x00, 0x00, 0x00, 0x00, 0x00, 0x00, 0x00, 0x00, 0x00, 0x00, 0x00, 0x00, 0x00,
  0x00, 0x00, 0x00, 0x00, 0x00, 0x00, 0x00, 0x00, 0x00, 0x00, 0x86, 0x31, 0xa6, 0x31, 0xa6, 0x31,
  0xa6, 0x31, 0xa6, 0x31, 0xa6, 0x31, 0x86, 0x31, 0x00, 0x00, 0x00, 0x00, 0x00, 0x00, 0x00, 0x00,
  0xa7, 0x39, 0xa6, 0x31, 0xa6, 0x31, 0xa6, 0x31, 0xa6, 0x31, 0xa6, 0x31, 0xa6, 0x31, 0x00, 0x00,
  0x00, 0x00, 0x00, 0x00, 0x00, 0x00, 0x00, 0x00, 0x00, 0x00, 0x00, 0x00, 0x00, 0x00, 0x00, 0x00,
  0x00, 0x00, 0x00, 0x00, 0x00, 0x00, 0x00, 0x00, 0x00, 0x00, 0x00, 0x00, 0x00, 0x00, 0x00, 0x00,
  0xa6, 0x31, 0xa6, 0x31, 0xa6, 0x31, 0xa6, 0x31, 0xa6, 0x31, 0xa6, 0x31, 0x00, 0x00, 0x00, 0x00,
  0x00, 0x00, 0x00, 0x00, 0x00, 0x00, 0x00, 0x00, 0x00, 0x00, 0x00, 0x00, 0x00, 0x00, 0x00, 0x00,
  0x00, 0x00, 0x00, 0x00, 0x00, 0x00, 0x00, 0x00, 0x00, 0x00, 0x00, 0x00, 0x00, 0x00, 0x00, 0x00,
  0x00, 0x00, 0x00, 0x00, 0x00, 0x00, 0x00, 0x00, 0x86, 0x31, 0xa6, 0x31, 0xa6, 0x31, 0xa6, 0x31,
  0xa6, 0x31, 0xa6, 0x31, 0xa6, 0x31, 0x00, 0x00, 0x00, 0x00, 0x00, 0x00, 0x00, 0x00, 0x00, 0x00,
  0x00, 0x00, 0x00, 0x00, 0x00, 0x00, 0x00, 0x00, 0x00, 0x00, 0x00, 0x00, 0x00, 0x00, 0x00, 0x00,
  0x00, 0x00, 0x00, 0x00, 0x00, 0x00, 0x00, 0x00, 0x00, 0x00, 0x00, 0x00, 0x00, 0x00, 0x00, 0x00,
  0x00, 0x00, 0x00, 0x00, 0xa6, 0x31, 0xa6, 0x31, 0xa6, 0x31, 0xa6, 0x31, 0xa6, 0x31, 0xa6, 0x31,
  0xa7, 0x39, 0x00, 0x00, 0x00, 0x00, 0x00, 0x00, 0x00, 0x00, 0x00, 0x00, 0x00, 0x00, 0x00, 0x00,
  0x00, 0x00, 0x00, 0x00, 0x00, 0x00, 0x00, 0x00, 0x00, 0x00, 0xa6, 0x31, 0xa6, 0x31, 0xa6, 0x31,
  0xa6, 0x31, 0xa6, 0x31, 0xa6, 0x31, 0xa6, 0x31, 0x00, 0x00, 0x00, 0x00, 0x00, 0x00, 0x00, 0x00,
  0xa6, 0x31, 0xa6, 0x31, 0xa6, 0x31, 0xa6, 0x31, 0xa6, 0x31, 0xa6, 0x31, 0x86, 0x31, 0x00, 0x00,
  0x00, 0x00, 0x00, 0x00, 0x00, 0x00, 0x00, 0x00, 0x00, 0x00, 0x00, 0x00, 0x00, 0x00, 0x00, 0x00,
  0x00, 0x00, 0x00, 0x00, 0x86, 0x31, 0xa6, 0x31, 0xa6, 0x31, 0xa6, 0x31, 0xa6, 0x31, 0xa6, 0x31,
  0x86, 0x31, 0x00, 0x00, 0x00, 0x00, 0x00, 0x00, 0x00, 0x00, 0x00, 0x00, 0xa6, 0x31, 0xa6, 0x31,
  0xa6, 0x31, 0xa6, 0x31, 0xa6, 0x31, 0xa6, 0x31, 0x86, 0x31, 0x00, 0x00, 0x00, 0x00, 0x00, 0x00,
  0x00, 0x00, 0x00, 0x00, 0x00, 0x00, 0x00, 0x00, 0x00, 0x00, 0x00, 0x00, 0x00, 0x00, 0x00, 0x00,
  0x00, 0x00, 0x00, 0x00, 0x00, 0x00, 0x00, 0x00, 0x00, 0x00, 0x00, 0x00, 0x00, 0x00, 0x00, 0x00,
  0x00, 0x00, 0x00, 0x00, 0xa6, 0x31, 0xa6, 0x31, 0xa6, 0x31, 0xa6, 0x31, 0xa6, 0x31, 0xa6, 0x31,
  0x86, 0x31, 0x00, 0x00, 0x00, 0x00, 0x00, 0x00, 0x00, 0x00, 0x00, 0x00, 0x00, 0x00, 0x00, 0x00,
  0x00, 0x00, 0x00, 0x00, 0x00, 0x00, 0x00, 0x00, 0x00, 0x00, 0x00, 0x00, 0x00, 0x00, 0x00, 0x00,
  0x00, 0x00, 0x00, 0x00, 0x00, 0x00, 0x00, 0x00, 0x00, 0x00, 0x00, 0x00, 0x00, 0x00, 0xa7, 0x39,
  0xa6, 0x31, 0xa6, 0x31, 0xa6, 0x31, 0xa6, 0x31, 0xa6, 0x31, 0xa6, 0x31, 0x00, 0x00, 0x00, 0x00,
  0x00, 0x00, 0x00, 0x00, 0x00, 0x00, 0x00, 0x00, 0x00, 0x00, 0x00, 0x00, 0x00, 0x00, 0x00, 0x00,
  0x00, 0x00, 0x00, 0x00, 0x00, 0x00, 0x00, 0x00, 0x00, 0x00, 0x00, 0x00, 0x00, 0x00, 0x00, 0x00,
  0x00, 0x00, 0x00, 0x00, 0x00, 0x00, 0x00, 0x00, 0x00, 0x00, 0x86, 0x31, 0xa6, 0x31, 0xa6, 0x31,
  0xa6, 0x31, 0xa6, 0x31, 0xa6, 0x31, 0x86, 0x31, 0x00, 0x00, 0x00, 0x00, 0x00, 0x00, 0x00, 0x00,
  0xa7, 0x39, 0xa6, 0x31, 0xa6, 0x31, 0xa6, 0x31, 0xa6, 0x31, 0xa6, 0x31, 0xa6, 0x31, 0x00, 0x00,
  0x00, 0x00, 0x00, 0x00, 0x00, 0x00, 0x00, 0x00, 0x00, 0x00, 0x00, 0x00, 0x00, 0x00, 0x00, 0x00,
  0x00, 0x00, 0x00, 0x00, 0x00, 0x00, 0x00, 0x00, 0x00, 0x00, 0x00, 0x00, 0x00, 0x00, 0x00, 0x00,
  0xa6, 0x31, 0xa6, 0x31, 0xa6, 0x31, 0xa6, 0x31, 0xa6, 0x31, 0xa6, 0x31, 0x00, 0x00, 0x00, 0x00,
  0x00, 0x00, 0x00, 0x00, 0x00, 0x00, 0x00, 0x00, 0x00, 0x00, 0x00, 0x00, 0x00, 0x00, 0x00, 0x00,
  0x00, 0x00, 0x00, 0x00, 0x00, 0x00, 0x00, 0x00, 0x00, 0x00, 0x00, 0x00, 0x00, 0x00, 0x00, 0x00,
  0x00, 0x00, 0x00, 0x00, 0x00, 0x00, 0x00, 0x00, 0x86, 0x31, 0xa6, 0x31, 0xa6, 0x31, 0xa6, 0x31,
  0xa6, 0x31, 0xa6, 0x31, 0xa6, 0x31, 0x00, 0x00, 0x00, 0x00, 0x00, 0x00, 0x00, 0x00, 0x00, 0x00,
  0x00, 0x00, 0x00, 0x00, 0x00, 0x00, 0x00, 0x00, 0x00, 0x00, 0x00, 0x00, 0x00, 0x00, 0x00, 0x00,
  0x00, 0x00, 0x00, 0x00, 0x00, 0x00, 0x00, 0x00, 0x00, 0x00, 0x00, 0x00, 0x00, 0x00, 0x00, 0x00,
  0x00, 0x00, 0x00, 0x00, 0xa6, 0x31, 0xa6, 0x31, 0xa6, 0x31, 0xa6, 0x31, 0xa6, 0x31, 0xa6, 0x31,
  0xa7, 0x39, 0x00, 0x00, 0x00, 0x00, 0x00, 0x00, 0x00, 0x00, 0x00, 0x00, 0x00, 0x00, 0x00, 0x00,
  0x00, 0x00, 0x00, 0x00, 0x00, 0x00, 0x00, 0x00, 0x00, 0x00, 0xa6, 0x31, 0xa6, 0x31, 0xa6, 0x31,
  0xa6, 0x31, 0xa6, 0x31, 0xa6, 0x31, 0xa6, 0x31, 0x00, 0x00, 0x00, 0x00, 0x00, 0x00, 0x00, 0x00,
  0xa6, 0x31, 0xa6, 0x31, 0xa6, 0x31, 0xa6, 0x31, 0xa6, 0x31, 0xa6, 0x31, 0x86, 0x31, 0x00, 0x00,
  0x00, 0x00, 0x00, 0x00, 0x00, 0x00, 0x00, 0x00, 0x00, 0x00, 0x00, 0x00, 0x00, 0x00, 0x00, 0x00,
  0x00, 0x00, 0x00, 0x00, 0x86, 0x31, 0xa6, 0x31, 0xa6, 0x31, 0xa6, 0x31, 0xa6, 0x31, 0xa6, 0x31,
  0x86, 0x31, 0x00, 0x00, 0x00, 0x00, 0x00, 0x00, 0x00, 0x00, 0x00, 0x00, 0xa6, 0x31, 0xa6, 0x31,
  0xa6, 0x31, 0xa6, 0x31, 0xa6, 0x31, 0xa6, 0x31, 0x86, 0x31, 0x00, 0x00, 0x00, 0x00, 0x00, 0x00,
  0x00, 0x00, 0x00, 0x00, 0x00, 0x00, 0x00, 0x00, 0x00, 0x00, 0x00, 0x00, 0x00, 0x00, 0x00, 0x00,
  0x00, 0x00, 0x00, 0x00, 0x00, 0x00, 0x00, 0x00, 0x00, 0x00, 0x00, 0x00, 0x00, 0x00, 0x00, 0x00,
  0x00, 0x00, 0x00, 0x00, 0xa6, 0x31, 0xa6, 0x31, 0xa6, 0x31, 0xa6, 0x31, 0xa6, 0x31, 0xa6, 0x31,
  0x86, 0x31, 0x00, 0x00, 0x00, 0x00, 0x00, 0x00, 0x00, 0x00, 0x00, 0x00, 0x00, 0x00, 0x00, 0x00,
  0x00, 0x00, 0x00, 0x00, 0x00, 0x00, 0x00, 0x00, 0x00, 0x00, 0x00, 0x00, 0x00, 0x00, 0x00, 0x00,
  0x00, 0x00, 0x00, 0x00, 0x00, 0x00, 0x00, 0x00, 0x00, 0x00, 0x00, 0x00, 0x00, 0x00, 0xa7, 0x39,
  0xa6, 0x31, 0xa6, 0x31, 0xa6, 0x31, 0xa6, 0x31, 0xa6, 0x31, 0xa6, 0x31, 0x00, 0x00, 0x00, 0x00,
  0x00, 0x00, 0x00, 0x00, 0x00, 0x00, 0x00, 0x00, 0x00, 0x00, 0x00, 0x00, 0x00, 0x00, 0x00, 0x00,
  0x00, 0x00, 0x00, 0x00, 0x00, 0x00, 0x00, 0x00, 0x00, 0x00, 0x00, 0x00, 0x00, 0x00, 0x00, 0x00,
  0x00, 0x00, 0x00, 0x00, 0x00, 0x00, 0x00, 0x00, 0x00, 0x00, 0x86, 0x31, 0xa6, 0x31, 0xa6, 0x31,
  0xa6, 0x31, 0xa6, 0x31, 0xa6, 0x31, 0x86, 0x31, 0x00, 0x00, 0x00, 0x00, 0x00, 0x00, 0x00, 0x00,
  0xa7, 0x39, 0xa6, 0x31, 0xa6, 0x31, 0xa6, 0x31, 0xa6, 0x31, 0xa6, 0x31, 0xa6, 0x31, 0x00, 0x00,
  0x00, 0x00, 0x00, 0x00, 0x00, 0x00, 0x00, 0x00, 0x00, 0x00, 0x00, 0x00, 0x00, 0x00, 0x00, 0x00,
  0x00, 0x00, 0x00, 0x00, 0x00, 0x00, 0x00, 0x00, 0x00, 0x00, 0x00, 0x00, 0x00, 0x00, 0x00, 0x00,
  0xa6, 0x31, 0xa6, 0x31, 0xa6, 0x31, 0xa6, 0x31, 0xa6, 0x31, 0xa6, 0x31, 0x00, 0x00, 0x00, 0x00,
  0x00, 0x00, 0x00, 0x00, 0x00, 0x00, 0x00, 0x00, 0x00, 0x00, 0x00, 0x00, 0x00, 0x00, 0x00, 0x00,
  0x00, 0x00, 0x00, 0x00, 0x00, 0x00, 0x00, 0x00, 0x00, 0x00, 0x00, 0x00, 0x00, 0x00, 0x00, 0x00,
  0x00, 0x00, 0x00, 0x00, 0x00, 0x00, 0x00, 0x00, 0x86, 0x31, 0xa6, 0x31, 0xa6, 0x31, 0xa6, 0x31,
  0xa6, 0x31, 0xa6, 0x31, 0xa6, 0x31, 0x00, 0x00, 0x00, 0x00, 0x00, 0x00, 0x00, 0x00, 0x00, 0x00,
  0x00, 0x00, 0x00, 0x00, 0x00, 0x00, 0x00, 0x00, 0x00, 0x00, 0x00, 0x00, 0x00, 0x00, 0x00, 0x00,
  0x00, 0x00, 0x00, 0x00, 0x00, 0x00, 0x00, 0x00, 0x00, 0x00, 0x00, 0x00, 0x00, 0x00, 0x00, 0x00,
  0x00, 0x00, 0x00, 0x00, 0xa6, 0x31, 0xa6, 0x31, 0xa6, 0x31, 0xa6, 0x31, 0xa6, 0x31, 0xa6, 0x31,
  0xa7, 0x39, 0x00, 0x00, 0x00, 0x00, 0x00, 0x00, 0x00, 0x00, 0x00, 0x00, 0x00, 0x00, 0x00, 0x00,
  0x00, 0x00, 0x00, 0x00, 0x00, 0x00, 0x00, 0x00, 0x00, 0x00, 0xa6, 0x31, 0xa6, 0x31, 0xa6, 0x31,
  0xa6, 0x31, 0xa6, 0x31, 0xa6, 0x31, 0xa6, 0x31, 0x00, 0x00, 0x00, 0x00, 0x00, 0x00, 0x00, 0x00,
  0xa6, 0x31, 0xa6, 0x31, 0xa6, 0x31, 0xa6, 0x31, 0xa6, 0x31, 0xa6, 0x31, 0x86, 0x31, 0x00, 0x00,
  0x00, 0x00, 0x00, 0x00, 0x00, 0x00, 0x00, 0x00, 0x00, 0x00, 0x00, 0x00, 0x00, 0x00, 0x00, 0x00,
  0x00, 0x00, 0x00, 0x00, 0x86, 0x31, 0xa6, 0x31, 0xa6, 0x31, 0xa6, 0x31, 0xa6, 0x31, 0xa6, 0x31,
  0x86, 0x31, 0x00, 0x00, 0x00, 0x00, 0x00, 0x00, 0x00, 0x00, 0x00, 0x00, 0xa6, 0x31, 0xa6, 0x31,
  0xa6, 0x31, 0xa6, 0x31, 0xa6, 0x31, 0xa6, 0x31, 0x86, 0x31, 0x00, 0x00, 0x00, 0x00, 0x00, 0x00,
  0x00, 0x00, 0x00, 0x00, 0x00, 0x00, 0x00, 0x00, 0x00, 0x00, 0x00, 0x00, 0x00, 0x00, 0x00, 0x00,
  0x00, 0x00, 0x00, 0x00, 0x00, 0x00, 0x00, 0x00, 0x00, 0x00, 0x00, 0x00, 0x00, 0x00, 0x00, 0x00,
  0x00, 0x00, 0x00, 0x00, 0xa6, 0x31, 0xa6, 0x31, 0xa6, 0x31, 0xa6, 0x31, 0xa6, 0x31, 0xa6, 0x31,
  0x86, 0x31, 0x00, 0x00, 0x00, 0x00, 0x00, 0x00, 0x00, 0x00, 0x00, 0x00, 0x00, 0x00, 0x00, 0x00,
  0x00, 0x00, 0x00, 0x00, 0x00, 0x00, 0x00, 0x00, 0x00, 0x00, 0x00, 0x00, 0x00, 0x00, 0x00, 0x00,
  0x00, 0x00, 0x00, 0x00, 0x00, 0x00, 0x00, 0x00, 0x00, 0x00, 0x00, 0x00, 0x00, 0x00, 0xa7, 0x39,
  0xa6, 0x31, 0xa6, 0x31, 0xa6, 0x31, 0xa6, 0x31, 0xa6, 0x31, 0xa6, 0x31, 0x00, 0x00, 0x00, 0x00,
  0x00, 0x00, 0x00, 0x00, 0x00, 0x00, 0x00, 0x00, 0x00, 0x00, 0x00, 0x00, 0x00, 0x00, 0x00, 0x00,
  0x00, 0x00, 0x00, 0x00, 0x00, 0x00, 0x00, 0x00, 0x00, 0x00, 0x00, 0x00, 0x00, 0x00, 0x00, 0x00,
  0x00, 0x00, 0x00, 0x00, 0x00, 0x00, 0x00, 0x00, 0x00, 0x00, 0x86, 0x31, 0xa6, 0x31, 0xa6, 0x31,
  0xa6, 0x31, 0xa6, 0x31, 0xa6, 0x31, 0x86, 0x31, 0x00, 0x00, 0x00, 0x00, 0x00, 0x00, 0x00, 0x00,
  0xa7, 0x39, 0xa6, 0x31, 0xa6, 0x31, 0xa6, 0x31, 0xa6, 0x31, 0xa6, 0x31, 0xa6, 0x31, 0x00, 0x00,
  0x00, 0x00, 0x00, 0x00, 0x00, 0x00, 0x00, 0x00, 0x00, 0x00, 0x00, 0x00, 0x00, 0x00, 0x00, 0x00,
  0x00, 0x00, 0x00, 0x00, 0x00, 0x00, 0x00, 0x00, 0x00, 0x00, 0x00, 0x00, 0x00, 0x00, 0x00, 0x00,
  0xa6, 0x31, 0xa6, 0x31, 0xa6, 0x31, 0xa6, 0x31, 0xa6, 0x31, 0xa6, 0x31, 0x00, 0x00, 0x00, 0x00,
  0x00, 0x00, 0x00, 0x00, 0x00, 0x00, 0x00, 0x00, 0x00, 0x00, 0x00, 0x00, 0x00, 0x00, 0x00, 0x00,
  0x00, 0x00, 0x00, 0x00, 0x00, 0x00, 0x00, 0x00, 0x00, 0x00, 0x00, 0x00, 0x00, 0x00, 0x00, 0x00,
  0x00, 0x00, 0x00, 0x00, 0x00, 0x00, 0x00, 0x00, 0x86, 0x31, 0xa6, 0x31, 0xa6, 0x31, 0xa6, 0x31,
  0xa6, 0x31, 0xa6, 0x31, 0xa6, 0x31, 0x00, 0x00, 0x00, 0x00, 0x00, 0x00, 0x00, 0x00, 0x00, 0x00,
  0x00, 0x00, 0x00, 0x00, 0x00, 0x00, 0x00, 0x00, 0x00, 0x00, 0x00, 0x00, 0x00, 0x00, 0x00, 0x00,
  0x00, 0x00, 0x00, 0x00, 0x00, 0x00, 0x00, 0x00, 0x00, 0x00, 0x00, 0x00, 0x00, 0x00, 0x00, 0x00,
  0x00, 0x00, 0x00, 0x00, 0xa6, 0x31, 0xa6, 0x31, 0xa6, 0x31, 0xa6, 0x31, 0xa6, 0x31, 0xa6, 0x31,
  0xa7, 0x39, 0x00, 0x00, 0x00, 0x00, 0x00, 0x00, 0x00, 0x00, 0x00, 0x00, 0x00, 0x00, 0x00, 0x00,
  0x00, 0x00, 0x00, 0x00, 0x00, 0x00, 0x00, 0x00, 0x00, 0x00, 0xa6, 0x31, 0xa6, 0x31, 0xa6, 0x31,
  0xa6, 0x31, 0xa6, 0x31, 0xa6, 0x31, 0xa6, 0x31, 0x00, 0x00, 0x00, 0x00, 0x00, 0x00, 0x00, 0x00,
  0xa6, 0x31, 0xa6, 0x31, 0xa6, 0x31, 0xa6, 0x31, 0xa6, 0x31, 0xa6, 0x31, 0x86, 0x31, 0x00, 0x00,
  0x00, 0x00, 0x00, 0x00, 0x00, 0x00, 0x00, 0x00, 0x00, 0x00, 0x00, 0x00, 0x00, 0x00, 0x00, 0x00,
  0x00, 0x00, 0x00, 0x00, 0x86, 0x31, 0xa6, 0x31, 0xa6, 0x31, 0xa6, 0x31, 0xa6, 0x31, 0xa6, 0x31,
  0x86, 0x31, 0x00, 0x00, 0x00, 0x00, 0x00, 0x00, 0x00, 0x00, 0x00, 0x00, 0xa6, 0x31, 0xa6, 0x31,
  0xa6, 0x31, 0xa6, 0x31, 0xa6, 0x31, 0xa6, 0x31, 0x86, 0x31, 0x00, 0x00, 0x00, 0x00, 0x00, 0x00,
  0x00, 0x00, 0x00, 0x00, 0x00, 0x00, 0x00, 0x00, 0x00, 0x00, 0x00, 0x00, 0x00, 0x00, 0x00, 0x00,
  0x00, 0x00, 0x00, 0x00, 0x00, 0x00, 0x00, 0x00, 0x00, 0x00, 0x00, 0x00, 0x00, 0x00, 0x00, 0x00,
  0x00, 0x00, 0x00, 0x00, 0xa6, 0x31, 0xa6, 0x31, 0xa6, 0x31, 0xa6, 0x31, 0xa6, 0x31, 0xa6, 0x31,
  0x86, 0x31, 0x00, 0x00, 0x00, 0x00, 0x00, 0x00, 0x00, 0x00, 0x00, 0x00, 0x00, 0x00, 0x00, 0x00,
  0x00, 0x00, 0x00, 0x00, 0x00, 0x00, 0x00, 0x00, 0x00, 0x00, 0x00, 0x00, 0x00, 0x00, 0x00, 0x00,
  0x00, 0x00, 0x00, 0x00, 0x00, 0x00, 0x00, 0x00, 0x00, 0x00, 0x00, 0x00, 0x00, 0x00, 0xa7, 0x39,
  0xa6, 0x31, 0xa6, 0x31, 0xa6, 0x31, 0xa6, 0x31, 0xa6, 0x31, 0xa6, 0x31, 0x00, 0x00, 0x00, 0x00,
  0x00, 0x00, 0x00, 0x00, 0x00, 0x00, 0x00, 0x00, 0x00, 0x00, 0x00, 0x00, 0x00, 0x00, 0x00, 0x00,
  0x00, 0x00, 0x00, 0x00, 0x00, 0x00, 0x00, 0x00, 0x00, 0x00, 0x00, 0x00, 0x00, 0x00, 0x00, 0x00,
  0x00, 0x00, 0x00, 0x00, 0x00, 0x00, 0x00, 0x00, 0x00, 0x00, 0x86, 0x31, 0xa6, 0x31, 0xa6, 0x31,
  0xa6, 0x31, 0xa6, 0x31, 0xa6, 0x31, 0x86, 0x31, 0x00, 0x00, 0x00, 0x00, 0x00, 0x00, 0x00, 0x00,
  0xa7, 0x39, 0xa6, 0x31, 0xa6, 0x31, 0xa6, 0x31, 0xa6, 0x31, 0xa6, 0x31, 0xa6, 0x31, 0x00, 0x00,
  0x00, 0x00, 0x00, 0x00, 0x00, 0x00, 0x00, 0x00, 0x00, 0x00, 0x00, 0x00, 0x00, 0x00, 0x00, 0x00,
  0x00, 0x00, 0x00, 0x00, 0x00, 0x00, 0x00, 0x00, 0x00, 0x00, 0x00, 0x00, 0x00, 0x00, 0x00, 0x00,
  0xa6, 0x31, 0xa6, 0x31, 0xa6, 0x31, 0xa6, 0x31, 0xa6, 0x31, 0xa6, 0x31, 0x00, 0x00, 0x00, 0x00,
  0x00, 0x00, 0x00, 0x00, 0x00, 0x00, 0x00, 0x00, 0x00, 0x00, 0x00, 0x00, 0x00, 0x00, 0x00, 0x00,
  0x00, 0x00, 0x00, 0x00, 0x00, 0x00, 0x00, 0x00, 0x00, 0x00, 0x00, 0x00, 0x00, 0x00, 0x00, 0x00,
  0x00, 0x00, 0x00, 0x00, 0x00, 0x00, 0x00, 0x00, 0x86, 0x31, 0xa6, 0x31, 0xa6, 0x31, 0xa6, 0x31,
  0xa6, 0x31, 0xa6, 0x31, 0xa6, 0x31, 0x00, 0x00, 0x00, 0x00, 0x00, 0x00, 0x00, 0x00, 0x00, 0x00,
  0x00, 0x00, 0x00, 0x00, 0x00, 0x00, 0x00, 0x00, 0x00, 0x00, 0x00, 0x00, 0x00, 0x00, 0x00, 0x00,
  0x00, 0x00, 0x00, 0x00, 0x00, 0x00, 0x00, 0x00, 0x00, 0x00, 0x00, 0x00, 0x00, 0x00, 0x00, 0x00,
  0x00, 0x00, 0x00, 0x00, 0xa6, 0x31, 0xa6, 0x31, 0xa6, 0x31, 0xa6, 0x31, 0xa6, 0x31, 0xa6, 0x31,
  0xa7, 0x39, 0x00, 0x00, 0x00, 0x00, 0x00, 0x00, 0x00, 0x00, 0x00, 0x00, 0x00, 0x00, 0x00, 0x00,
  0x00, 0x00, 0x00, 0x00, 0x00, 0x00, 0x00, 0x00, 0x00, 0x00, 0xa6, 0x31, 0xa6, 0x31, 0xa6, 0x31,
  0xa6, 0x31, 0xa6, 0x31, 0xa6, 0x31, 0xa6, 0x31, 0x00, 0x00, 0x00, 0x00, 0x00, 0x00, 0x00, 0x00,
  0xa6, 0x31, 0xa6, 0x31, 0xa6, 0x31, 0xa6, 0x31, 0xa6, 0x31, 0xa6, 0x31, 0x86, 0x31, 0x00, 0x00,
  0x00, 0x00, 0x00, 0x00, 0x00, 0x00, 0x00, 0x00, 0x00, 0x00, 0x00, 0x00, 0x00, 0x00, 0x00, 0x00,
  0x00, 0x00, 0x00, 0x00, 0x86, 0x31, 0xa6, 0x31, 0xa6, 0x31, 0xa6, 0x31, 0xa6, 0x31, 0xa6, 0x31,
  0x86, 0x31, 0x00, 0x00, 0x00, 0x00, 0x00, 0x00, 0x00, 0x00, 0x00, 0x00, 0xa6, 0x31, 0xa6, 0x31,
  0xa6, 0x31, 0xa6, 0x31, 0xa6, 0x31, 0xa6, 0x31, 0x86, 0x31, 0x00, 0x00, 0x00, 0x00, 0x00, 0x00,
  0x00, 0x00, 0x00, 0x00, 0x00, 0x00, 0x00, 0x00, 0x00, 0x00, 0x00, 0x00, 0x00, 0x00, 0x00, 0x00,
  0x00, 0x00, 0x00, 0x00, 0x00, 0x00, 0x00, 0x00, 0x00, 0x00, 0x00, 0x00, 0x00, 0x00, 0x00, 0x00,
  0x00, 0x00, 0x00, 0x00, 0xa6, 0x31, 0xa6, 0x31, 0xa6, 0x31, 0xa6, 0x31, 0xa6, 0x31, 0xa6, 0x31,
  0xa6, 0x31, 0x00, 0x00, 0x00, 0x00, 0x00, 0x00, 0x00, 0x00, 0x00, 0x00, 0x00, 0x00, 0x00, 0x00,
  0x00, 0x00, 0x00, 0x00, 0x00, 0x00, 0x00, 0x00, 0x00, 0x00, 0x00, 0x00, 0x00, 0x00, 0x00, 0x00,
  0x00, 0x00, 0x00, 0x00, 0x00, 0x00, 0x00, 0x00, 0x00, 0x00, 0x00, 0x00, 0x00, 0x00, 0xa7, 0x39,
  0xa6, 0x31, 0xa6, 0x31, 0xa6, 0x31, 0xa6, 0x31, 0xa6, 0x31, 0xa6, 0x31, 0x00, 0x00, 0x00, 0x00,
  0x00, 0x00, 0x00, 0x00, 0x00, 0x00, 0x00, 0x00, 0x00, 0x00, 0x00, 0x00, 0x00, 0x00, 0x00, 0x00,
  0x00, 0x00, 0x00, 0x00, 0x00, 0x00, 0x00, 0x00, 0x00, 0x00, 0x00, 0x00, 0x00, 0x00, 0x00, 0x00,
  0x00, 0x00, 0x00, 0x00, 0x00, 0x00, 0x00, 0x00, 0x00, 0x00, 0x86, 0x31, 0xa6, 0x31, 0xa6, 0x31,
  0xa6, 0x31, 0xa6, 0x31, 0xa6, 0x31, 0x86, 0x31, 0x00, 0x00, 0x00, 0x00, 0x00, 0x00, 0x00, 0x00,
  0xa7, 0x39, 0xa6, 0x31, 0xa6, 0x31, 0xa6, 0x31, 0xa6, 0x31, 0xa6, 0x31, 0xa6, 0x31, 0x00, 0x00,
  0x00, 0x00, 0x00, 0x00, 0x00, 0x00, 0x00, 0x00, 0x00, 0x00, 0x00, 0x00, 0x00, 0x00, 0x00, 0x00,
  0x00, 0x00, 0x00, 0x00, 0x00, 0x00, 0x00, 0x00, 0x00, 0x00, 0x00, 0x00, 0x00, 0x00, 0x00, 0x00,
  0xa6, 0x31, 0xa6, 0x31, 0xa6, 0x31, 0xa6, 0x31, 0xa6, 0x31, 0xa6, 0x31, 0x00, 0x00, 0x00, 0x00,
  0x00, 0x00, 0x00, 0x00, 0x00, 0x00, 0x00, 0x00, 0x00, 0x00, 0x00, 0x00, 0x00, 0x00, 0x00, 0x00,
  0x00, 0x00, 0x00, 0x00, 0x00, 0x00, 0x00, 0x00, 0x00, 0x00, 0x00, 0x00, 0x00, 0x00, 0x00, 0x00,
  0x00, 0x00, 0x00, 0x00, 0x00, 0x00, 0x00, 0x00, 0xa6, 0x31, 0xa6, 0x31, 0xa6, 0x31, 0xa6, 0x31,
  0xa6, 0x31, 0xa6, 0x31, 0xa6, 0x31, 0x86, 0x31, 0x00, 0x00, 0x00, 0x00, 0x00, 0x00, 0x00, 0x00,
  0x00, 0x00, 0x00, 0x00, 0x00, 0x00, 0x00, 0x00, 0x00, 0x00, 0x00, 0x00, 0x00, 0x00, 0x00, 0x00,
  0x00, 0x00, 0x00, 0x00, 0x00, 0x00, 0x00, 0x00, 0x00, 0x00, 0x00, 0x00, 0x00, 0x00, 0x00, 0x00,
  0x00, 0x00, 0x00, 0x00, 0xa6, 0x31, 0xa6, 0x31, 0xa6, 0x31, 0xa6, 0x31, 0xa6, 0x31, 0xa6, 0x31,
  0xa7, 0x39, 0x00, 0x00, 0x00, 0x00, 0x00, 0x00, 0x00, 0x00, 0x00, 0x00, 0x00, 0x00, 0x00, 0x00,
  0x00, 0x00, 0x00, 0x00, 0x00, 0x00, 0x00, 0x00, 0x00, 0x00, 0xa6, 0x31, 0xa6, 0x31, 0xa6, 0x31,
  0xa6, 0x31, 0xa6, 0x31, 0xa6, 0x31, 0xa6, 0x31, 0x00, 0x00, 0x00, 0x00, 0x00, 0x00, 0x00, 0x00,
  0xa6, 0x31, 0xa6, 0x31, 0xa6, 0x31, 0xa6, 0x31, 0xa6, 0x31, 0xa6, 0x31, 0x86, 0x31, 0x00, 0x00,
  0x00, 0x00, 0x00, 0x00, 0x00, 0x00, 0x00, 0x00, 0x00, 0x00, 0x00, 0x00, 0x00, 0x00, 0x00, 0x00,
  0x00, 0x00, 0x00, 0x00, 0x86, 0x31, 0xa6, 0x31, 0xa6, 0x31, 0xa6, 0x31, 0xa6, 0x31, 0xa6, 0x31,
  0x86, 0x31, 0x00, 0x00, 0x00, 0x00, 0x00, 0x00, 0x00, 0x00, 0x00, 0x00, 0xa6, 0x31, 0xa6, 0x31,
  0xa6, 0x31, 0xa6, 0x31, 0xa6, 0x31, 0xa6, 0x31, 0x86, 0x31, 0x00, 0x00, 0x00, 0x00, 0x00, 0x00,
  0x00, 0x00, 0x00, 0x00, 0x00, 0x00, 0x00, 0x00, 0x00, 0x00, 0x00, 0x00, 0x00, 0x00, 0x00, 0x00,
  0x00, 0x00, 0x00, 0x00, 0x00, 0x00, 0x00, 0x00, 0x00, 0x00, 0x00, 0x00, 0x00, 0x00, 0x00, 0x00,
  0x00, 0x00, 0x00, 0x00, 0xa6, 0x31, 0xa6, 0x31, 0xa6, 0x31, 0xa6, 0x31, 0xa6, 0x31, 0xa6, 0x31,
  0xa6, 0x31, 0x86, 0x31, 0x00, 0x00, 0x00, 0x00, 0x00, 0x00, 0x00, 0x00, 0x00, 0x00, 0x00, 0x00,
  0x00, 0x00, 0x00, 0x00, 0x00, 0x00, 0x00, 0x00, 0x00, 0x00, 0x00, 0x00, 0x00, 0x00, 0x00, 0x00,
  0x00, 0x00, 0x00, 0x00, 0x00, 0x00, 0x00, 0x00, 0x00, 0x00, 0x00, 0x00, 0x00, 0x00, 0xa6, 0x31,
  0xa6, 0x31, 0xa6, 0x31, 0xa6, 0x31, 0xa6, 0x31, 0xa6, 0x31, 0xa6, 0x31, 0xa6, 0x31, 0x00, 0x00,
  0x00, 0x00, 0x00, 0x00, 0x00, 0x00, 0x00, 0x00, 0x00, 0x00, 0x00, 0x00, 0x00, 0x00, 0x00, 0x00,
  0x00, 0x00, 0x00, 0x00, 0x00, 0x00, 0x00, 0x00, 0x00, 0x00, 0x00, 0x00, 0x00, 0x00, 0x00, 0x00,
  0x00, 0x00, 0x00, 0x00, 0x00, 0x00, 0x00, 0x00, 0x00, 0x00, 0x86, 0x31, 0xa6, 0x31, 0xa6, 0x31,
  0xa6, 0x31, 0xa6, 0x31, 0xa6, 0x31, 0x86, 0x31, 0x00, 0x00, 0x00, 0x00, 0x00, 0x00, 0x00, 0x00,
  0xa7, 0x39, 0xa6, 0x31, 0xa6, 0x31, 0xa6, 0x31, 0xa6, 0x31, 0xa6, 0x31, 0xa6, 0x31, 0x00, 0x00,
  0x00, 0x00, 0x00, 0x00, 0x00, 0x00, 0x00, 0x00, 0x00, 0x00, 0x00, 0x00, 0x00, 0x00, 0x00, 0x00,
  0x00, 0x00, 0x00, 0x00, 0x00, 0x00, 0x00, 0x00, 0x00, 0x00, 0x00, 0x00, 0x00, 0x00, 0x00, 0x00,
  0xa6, 0x31, 0xa6, 0x31, 0xa6, 0x31, 0xa6, 0x31, 0xa6, 0x31, 0xa6, 0x31, 0xa6, 0x31, 0xa6, 0x31,
  0xa6, 0x31, 0xa6, 0x31, 0xa6, 0x31, 0xa6, 0x31, 0xa6, 0x31, 0xa6, 0x31, 0xa6, 0x31, 0xa6, 0x31,
  0xa6, 0x31, 0xa6, 0x31, 0xa6, 0x31, 0xa6, 0x31, 0xa6, 0x31, 0x00, 0x00, 0x00, 0x00, 0x00, 0x00,
  0x00, 0x00, 0x00, 0x00, 0x00, 0x00, 0x00, 0x00, 0x86, 0x31, 0xa6, 0x31, 0xa6, 0x31, 0xa6, 0x31,
  0xa6, 0x31, 0xa6, 0x31, 0xa6, 0x31, 0xa6, 0x31, 0xa6, 0x31, 0xa6, 0x31, 0xa6, 0x31, 0xa6, 0x31,
  0xa6, 0x31, 0xa6, 0x31, 0xa6, 0x31, 0xa6, 0x31, 0xa6, 0x31, 0xa6, 0x31, 0xa6, 0x31, 0xa6, 0x31,
  0xa6, 0x31, 0x00, 0x00, 0x00, 0x00, 0x00, 0x00, 0x00, 0x00, 0x00, 0x00, 0x00, 0x00, 0x00, 0x00,
  0x00, 0x00, 0x00, 0x00, 0xa6, 0x31, 0xa6, 0x31, 0xa6, 0x31, 0xa6, 0x31, 0xa6, 0x31, 0xa6, 0x31,
  0xa7, 0x39, 0x00, 0x00, 0x00, 0x00, 0x00, 0x00, 0x00, 0x00, 0x00, 0x00, 0x00, 0x00, 0x00, 0x00,
  0x00, 0x00, 0x00, 0x00, 0x00, 0x00, 0x00, 0x00, 0x00, 0x00, 0xa6, 0x31, 0xa6, 0x31, 0xa6, 0x31,
  0xa6, 0x31, 0xa6, 0x31, 0xa6, 0x31, 0xa6, 0x31, 0x00, 0x00, 0x00, 0x00, 0x00, 0x00, 0x00, 0x00,
  0xa6, 0x31, 0xa6, 0x31, 0xa6, 0x31, 0xa6, 0x31, 0xa6, 0x31, 0xa6, 0x31, 0x86, 0x31, 0x00, 0x00,
  0x00, 0x00, 0x00, 0x00, 0x00, 0x00, 0x00, 0x00, 0x00, 0x00, 0x00, 0x00, 0x00, 0x00, 0x00, 0x00,
  0x00, 0x00, 0x00, 0x00, 0x86, 0x31, 0xa6, 0x31, 0xa6, 0x31, 0xa6, 0x31, 0xa6, 0x31, 0xa6, 0x31,
  0x86, 0x31, 0x00, 0x00, 0x00, 0x00, 0x00, 0x00, 0x00, 0x00, 0x00, 0x00, 0xa6, 0x31, 0xa6, 0x31,
  0xa6, 0x31, 0xa6, 0x31, 0xa6, 0x31, 0xa6, 0x31, 0xa6, 0x31, 0xa6, 0x31, 0xa6, 0x31, 0xa6, 0x31,
  0xa6, 0x31, 0xa6, 0x31, 0xa6, 0x31, 0xa6, 0x31, 0xa6, 0x31, 0xa6, 0x31, 0xa6, 0x31, 0xa6, 0x31,
  0xa6, 0x31, 0xa6, 0x31, 0xa6, 0x31, 0x86, 0x31, 0x00, 0x00, 0x00, 0x00, 0x00, 0x00, 0x00, 0x00,
  0x00, 0x00, 0x00, 0x00, 0x86, 0x31, 0xa6, 0x31, 0xa6, 0x31, 0xa6, 0x31, 0xa6, 0x31, 0xa6, 0x31,
  0xa6, 0x31, 0xa6, 0x31, 0xa6, 0x31, 0xa6, 0x31, 0xa6, 0x31, 0xa6, 0x31, 0xa6, 0x31, 0xa6, 0x31,
  0xa6, 0x31, 0xa6, 0x31, 0xa6, 0x31, 0xa6, 0x31, 0xa6, 0x31, 0xa6, 0x31, 0x86, 0x31, 0x00, 0x00,
  0x00, 0x00, 0x00, 0x00, 0x00, 0x00, 0x00, 0x00, 0x00, 0x00, 0x00, 0x00, 0x00, 0x00, 0x66, 0x31,
  0xa6, 0x31, 0xa6, 0x31, 0xa6, 0x31, 0xa6, 0x31, 0xa6, 0x31, 0xa6, 0x31, 0xa6, 0x31, 0xa6, 0x31,
  0xa6, 0x31, 0xa6, 0x31, 0xa6, 0x31, 0xa6, 0x31, 0xa6, 0x31, 0xa6, 0x31, 0xa6, 0x31, 0xa6, 0x31,
  0xa6, 0x31, 0xa6, 0x31, 0xa6, 0x31, 0xa6, 0x31, 0xc7, 0x39, 0x00, 0x00, 0x00, 0x00, 0x00, 0x00,
  0x00, 0x00, 0x00, 0x00, 0x00, 0x00, 0x00, 0x00, 0x00, 0x00, 0x86, 0x31, 0xa6, 0x31, 0xa6, 0x31,
  0xa6, 0x31, 0xa6, 0x31, 0xa6, 0x31, 0x86, 0x31, 0x00, 0x00, 0x00, 0x00, 0x00, 0x00, 0x00, 0x00,
  0xa7, 0x39, 0xa6, 0x31, 0xa6, 0x31, 0xa6, 0x31, 0xa6, 0x31, 0xa6, 0x31, 0xa6, 0x31, 0xa6, 0x31,
  0xa6, 0x31, 0xa6, 0x31, 0xa6, 0x31, 0xa6, 0x31, 0xa6, 0x31, 0xa6, 0x31, 0xa6, 0x31, 0xa6, 0x31,
  0xa6, 0x31, 0xa6, 0x31, 0xa6, 0x31, 0xa6, 0x31, 0xa6, 0x31, 0x86, 0x31, 0x00, 0x00, 0x00, 0x00,
  0xa6, 0x31, 0xa6, 0x31, 0xa6, 0x31, 0xa6, 0x31, 0xa6, 0x31, 0xa6, 0x31, 0xa6, 0x31, 0xa6, 0x31,
  0xa6, 0x31, 0xa6, 0x31, 0xa6, 0x31, 0xa6, 0x31, 0xa6, 0x31, 0xa6, 0x31, 0xa6, 0x31, 0xa6, 0x31,
  0xa6, 0x31, 0xa6, 0x31, 0xa6, 0x31, 0xa6, 0x31, 0xa6, 0x31, 0x00, 0x00, 0x00, 0x00, 0x00, 0x00,
  0x00, 0x00, 0x00, 0x00, 0x00, 0x00, 0x00, 0x00, 0xa6, 0x31, 0xa6, 0x31, 0xa6, 0x31, 0xa6, 0x31,
  0xa6, 0x31, 0xa6, 0x31, 0xa6, 0x31, 0xa6, 0x31, 0xa6, 0x31, 0xa6, 0x31, 0xa6, 0x31, 0xa6, 0x31,
  0xa6, 0x31, 0xa6, 0x31, 0xa6, 0x31, 0xa6, 0x31, 0xa6, 0x31, 0xa6, 0x31, 0xa6, 0x31, 0xa6, 0x31,
  0xa6, 0x31, 0xa6, 0x31, 0x66, 0x31, 0x00, 0x00, 0x00, 0x00, 0x00, 0x00, 0x00, 0x00, 0x00, 0x00,
  0x00, 0x00, 0x00, 0x00, 0xa6, 0x31, 0xa6, 0x31, 0xa6, 0x31, 0xa6, 0x31, 0xa6, 0x31, 0xa6, 0x31,
  0xa7, 0x39, 0x00, 0x00, 0x00, 0x00, 0x00, 0x00, 0x00, 0x00, 0x00, 0x00, 0x00, 0x00, 0x00, 0x00,
  0x00, 0x00, 0x00, 0x00, 0x00, 0x00, 0x00, 0x00, 0xab, 0x5a, 0xa6, 0x31, 0xa6, 0x31, 0xa6, 0x31,
  0xa6, 0x31, 0xa6, 0x31, 0xa6, 0x31, 0xa6, 0x31, 0x00, 0x00, 0x00, 0x00, 0x00, 0x00, 0x00, 0x00,
  0xa6, 0x31, 0xa6, 0x31, 0xa6, 0x31, 0xa6, 0x31, 0xa6, 0x31, 0xa6, 0x31, 0x86, 0x31, 0x00, 0x00,
  0x00, 0x00, 0x00, 0x00, 0x00, 0x00, 0x00, 0x00, 0x00, 0x00, 0x00, 0x00, 0x00, 0x00, 0x00, 0x00,
  0x00, 0x00, 0xe7, 0x39, 0xa6, 0x31, 0xa6, 0x31, 0xa6, 0x31, 0xa6, 0x31, 0xa6, 0x31, 0xa6, 0x31,
  0xa6, 0x31, 0x00, 0x00, 0x00, 0x00, 0x00, 0x00, 0x00, 0x00, 0x00, 0x00, 0xa6, 0x31, 0xa6, 0x31,
  0xa6, 0x31, 0xa6, 0x31, 0xa6, 0x31, 0xa6, 0x31, 0xa6, 0x31, 0xa6, 0x31, 0xa6, 0x31, 0xa6, 0x31,
  0xa6, 0x31, 0xa6, 0x31, 0xa6, 0x31, 0xa6, 0x31, 0xa6, 0x31, 0xa6, 0x31, 0xa6, 0x31, 0xa6, 0x31,
  0xa6, 0x31, 0xa6, 0x31, 0xa6, 0x31, 0xa7, 0x39, 0x00, 0x00, 0x00, 0x00, 0x00, 0x00, 0x00, 0x00,
  0x00, 0x00, 0x00, 0x00, 0xa6, 0x31, 0xa6, 0x31, 0xa6, 0x31, 0xa6, 0x31, 0xa6, 0x31, 0xa6, 0x31,
  0xa6, 0x31, 0xa6, 0x31, 0xa6, 0x31, 0xa6, 0x31, 0xa6, 0x31, 0xa6, 0x31, 0xa6, 0x31, 0xa6, 0x31,
  0xa6, 0x31, 0xa6, 0x31, 0xa6, 0x31, 0xa6, 0x31, 0xa6, 0x31, 0xa6, 0x31, 0xa6, 0x31, 0xa6, 0x31,
  0xa7, 0x39, 0x00, 0x00, 0x00, 0x00, 0x00, 0x00, 0x00, 0x00, 0x00, 0x00, 0x00, 0x00, 0x00, 0x00,
  0xa6, 0x31, 0xa6, 0x31, 0xa6, 0x31, 0xa6, 0x31, 0xa6, 0x31, 0xa6, 0x31, 0xa6, 0x31, 0xa6, 0x31,
  0xa6, 0x31, 0xa6, 0x31, 0xa6, 0x31, 0xa6, 0x31, 0xa6, 0x31, 0xa6, 0x31, 0xa6, 0x31, 0xa6, 0x31,
  0xa6, 0x31, 0xa6, 0x31, 0xa6, 0x31, 0xa6, 0x31, 0xa6, 0x31, 0xa6, 0x31, 0x00, 0x00, 0x00, 0x00,
  0x00, 0x00, 0x00, 0x00, 0x00, 0x00, 0x00, 0x00, 0x00, 0x00, 0x86, 0x31, 0xa6, 0x31, 0xa6, 0x31,
  0xa6, 0x31, 0xa6, 0x31, 0xa6, 0x31, 0x86, 0x31, 0x00, 0x00, 0x00, 0x00, 0x00, 0x00, 0x00, 0x00,
  0xa7, 0x39, 0xa6, 0x31, 0xa6, 0x31, 0xa6, 0x31, 0xa6, 0x31, 0xa6, 0x31, 0xa6, 0x31, 0xa6, 0x31,
  0xa6, 0x31, 0xa6, 0x31, 0xa6, 0x31, 0xa6, 0x31, 0xa6, 0x31, 0xa6, 0x31, 0xa6, 0x31, 0xa6, 0x31,
  0xa6, 0x31, 0xa6, 0x31, 0xa6, 0x31, 0xa6, 0x31, 0xa6, 0x31, 0xa6, 0x31, 0x00, 0x00, 0x00, 0x00,
  0xa6, 0x31, 0xa6, 0x31, 0xa6, 0x31, 0xa6, 0x31, 0xa6, 0x31, 0xa6, 0x31, 0xa6, 0x31, 0xa6, 0x31,
  0xa6, 0x31, 0xa6, 0x31, 0xa6, 0x31, 0xa6, 0x31, 0xa6, 0x31, 0xa6, 0x31, 0xa6, 0x31, 0xa6, 0x31,
  0xa6, 0x31, 0xa6, 0x31, 0xa6, 0x31, 0xa6, 0x31, 0xa6, 0x31, 0x00, 0x00, 0x00, 0x00, 0x00, 0x00,
  0x00, 0x00, 0x00, 0x00, 0x00, 0x00, 0x00, 0x00, 0xc7, 0x39, 0xa6, 0x31, 0xa6, 0x31, 0xa6, 0x31,
  0xa6, 0x31, 0xa6, 0x31, 0xa6, 0x31, 0xa6, 0x31, 0xa6, 0x31, 0xa6, 0x31, 0xa6, 0x31, 0xa6, 0x31,
  0xa6, 0x31, 0xa6, 0x31, 0xa6, 0x31, 0xa6, 0x31, 0xa6, 0x31, 0xa6, 0x31, 0xa6, 0x31, 0xa6, 0x31,
  0xa6, 0x31, 0xa6, 0x31, 0xa6, 0x31, 0x66, 0x31, 0x00, 0x00, 0x00, 0x00, 0x00, 0x00, 0x00, 0x00,
  0x00, 0x00, 0x00, 0x00, 0xa6, 0x31, 0xa6, 0x31, 0xa6, 0x31, 0xa6, 0x31, 0xa6, 0x31, 0xa6, 0x31,
  0xa6, 0x31, 0xa7, 0x39, 0xa7, 0x39, 0xa7, 0x39, 0xa7, 0x39, 0xa7, 0x39, 0xa7, 0x39, 0xa7, 0x39,
  0xa7, 0x39, 0xa7, 0x39, 0xa7, 0x39, 0xa7, 0x39, 0xa6, 0x31, 0xa6, 0x31, 0xa6, 0x31, 0xa6, 0x31,
  0xa6, 0x31, 0xa6, 0x31, 0xa6, 0x31, 0x86, 0x31, 0x00, 0x00, 0x00, 0x00, 0x00, 0x00, 0x00, 0x00,
  0xa6, 0x31, 0xa6, 0x31, 0xa6, 0x31, 0xa6, 0x31, 0xa6, 0x31, 0xa6, 0x31, 0xa6, 0x31, 0xa6, 0x31,
  0xa6, 0x31, 0xa6, 0x31, 0xa6, 0x31, 0xa6, 0x31, 0xa6, 0x31, 0xa6, 0x31, 0xa6, 0x31, 0xa6, 0x31,
  0xa6, 0x31, 0xa6, 0x31, 0xa6, 0x31, 0xa6, 0x31, 0xa6, 0x31, 0xa6, 0x31, 0xa6, 0x31, 0xa6, 0x31,
  0x86, 0x31, 0x00, 0x00, 0x00, 0x00, 0x00, 0x00, 0x00, 0x00, 0x00, 0x00, 0xa6, 0x31, 0xa6, 0x31,
  0xa6, 0x31, 0xa6, 0x31, 0xa6, 0x31, 0xa6, 0x31, 0xa6, 0x31, 0xa6, 0x31, 0xa6, 0x31, 0xa6, 0x31,
  0xa6, 0x31, 0xa6, 0x31, 0xa6, 0x31, 0xa6, 0x31, 0xa6, 0x31, 0xa6, 0x31, 0xa6, 0x31, 0xa6, 0x31,
  0xa6, 0x31, 0xa6, 0x31, 0xa6, 0x31, 0xa7, 0x39, 0x00, 0x00, 0x00, 0x00, 0x00, 0x00, 0x00, 0x00,
  0x00, 0x00, 0x00, 0x00, 0xab, 0x5a, 0xa6, 0x31, 0xa6, 0x31, 0xa6, 0x31, 0xa6, 0x31, 0xa6, 0x31,
  0xa6, 0x31, 0xa6, 0x31, 0xa6, 0x31, 0xa6, 0x31, 0xa6, 0x31, 0xa6, 0x31, 0xa6, 0x31, 0xa6, 0x31,
  0xa6, 0x31, 0xa6, 0x31, 0xa6, 0x31, 0xa6, 0x31, 0xa6, 0x31, 0xa6, 0x31, 0xa6, 0x31, 0xa6, 0x31,
  0xa6, 0x31, 0xa6, 0x31, 0x00, 0x00, 0x00, 0x00, 0x00, 0x00, 0x00, 0x00, 0x00, 0x00, 0x00, 0x00,
  0xa6, 0x31, 0xa6, 0x31, 0xa6, 0x31, 0xa6, 0x31, 0xa6, 0x31, 0xa6, 0x31, 0xa6, 0x31, 0xa6, 0x31,
  0xa6, 0x31, 0xa6, 0x31, 0xa6, 0x31, 0xa6, 0x31, 0xa6, 0x31, 0xa6, 0x31, 0xa6, 0x31, 0xa6, 0x31,
  0xa6, 0x31, 0xa6, 0x31, 0xa6, 0x31, 0xa6, 0x31, 0xa6, 0x31, 0xa6, 0x31, 0xa6, 0x31, 0x00, 0x00,
  0x00, 0x00, 0x00, 0x00, 0x00, 0x00, 0x00, 0x00, 0x00, 0x00, 0x86, 0x31, 0xa6, 0x31, 0xa6, 0x31,
  0xa6, 0x31, 0xa6, 0x31, 0xa6, 0x31, 0x86, 0x31, 0x00, 0x00, 0x00, 0x00, 0x00, 0x00, 0x00, 0x00,
  0xa7, 0x39, 0xa6, 0x31, 0xa6, 0x31, 0xa6, 0x31, 0xa6, 0x31, 0xa6, 0x31, 0xa6, 0x31, 0xa6, 0x31,
  0xa6, 0x31, 0xa6, 0x31, 0xa6, 0x31, 0xa6, 0x31, 0xa6, 0x31, 0xa6, 0x31, 0xa6, 0x31, 0xa6, 0x31,
  0xa6, 0x31, 0xa6, 0x31, 0xa6, 0x31, 0xa6, 0x31, 0xa6, 0x31, 0xa6, 0x31, 0x00, 0x00, 0x00, 0x00,
  0xa6, 0x31, 0xa6, 0x31, 0xa6, 0x31, 0xa6, 0x31, 0xa6, 0x31, 0xa6, 0x31, 0xa6, 0x31, 0xa6, 0x31,
  0xa6, 0x31, 0xa6, 0x31, 0xa6, 0x31, 0xa6, 0x31, 0xa6, 0x31, 0xa6, 0x31, 0xa6, 0x31, 0xa6, 0x31,
  0xa6, 0x31, 0xa6, 0x31, 0xa6, 0x31, 0xa6, 0x31, 0xa6, 0x31, 0x00, 0x00, 0x00, 0x00, 0x00, 0x00,
  0x00, 0x00, 0x00, 0x00, 0x00, 0x00, 0x00, 0x00, 0x00, 0x00, 0xa6, 0x31, 0xa6, 0x31, 0xa6, 0x31,
  0xa6, 0x31, 0xa6, 0x31, 0xa6, 0x31, 0xa6, 0x31, 0xa6, 0x31, 0xa6, 0x31, 0xa6, 0x31, 0xa6, 0x31,
  0xa6, 0x31, 0xa6, 0x31, 0xa6, 0x31, 0xa6, 0x31, 0xa6, 0x31, 0xa6, 0x31, 0xa6, 0x31, 0xa6, 0x31,
  0xa6, 0x31, 0xa6, 0x31, 0xa6, 0x31, 0xa6, 0x31, 0x00, 0x00, 0x00, 0x00, 0x00, 0x00, 0x00, 0x00,
  0x00, 0x00, 0x00, 0x00, 0xa6, 0x31, 0xa6, 0x31, 0xa6, 0x31, 0xa6, 0x31, 0xa6, 0x31, 0xa6, 0x31,
  0xa6, 0x31, 0xa6, 0x31, 0xa6, 0x31, 0xa6, 0x31, 0xa6, 0x31, 0xa6, 0x31, 0xa6, 0x31, 0xa6, 0x31,
  0xa6, 0x31, 0xa6, 0x31, 0xa6, 0x31, 0xa6, 0x31, 0xa6, 0x31, 0xa6, 0x31, 0xa6, 0x31, 0xa6, 0x31,
  0xa6, 0x31, 0xa6, 0x31, 0xa6, 0x31, 0xa6, 0x31, 0x00, 0x00, 0x00, 0x00, 0x00, 0x00, 0x00, 0x00,
  0xa6, 0x31, 0xa6, 0x31, 0xa6, 0x31, 0xa6, 0x31, 0xa6, 0x31, 0xa6, 0x31, 0xa6, 0x31, 0xa6, 0x31,
  0xa6, 0x31, 0xa6, 0x31, 0xa6, 0x31, 0xa6, 0x31, 0xa6, 0x31, 0xa6, 0x31, 0xa6, 0x31, 0xa6, 0x31,
  0xa6, 0x31, 0xa6, 0x31, 0xa6, 0x31, 0xa6, 0x31, 0xa6, 0x31, 0xa6, 0x31, 0xa6, 0x31, 0xa6, 0x31,
  0x86, 0x31, 0x00, 0x00, 0x00, 0x00, 0x00, 0x00, 0x00, 0x00, 0x00, 0x00, 0xa6, 0x31, 0xa6, 0x31,
  0xa6, 0x31, 0xa6, 0x31, 0xa6, 0x31, 0xa6, 0x31, 0xa6, 0x31, 0xa6, 0x31, 0xa6, 0x31, 0xa6, 0x31,
  0xa6, 0x31, 0xa6, 0x31, 0xa6, 0x31, 0xa6, 0x31, 0xa6, 0x31, 0xa6, 0x31, 0xa6, 0x31, 0xa6, 0x31,
  0xa6, 0x31, 0xa6, 0x31, 0xa6, 0x31, 0xa7, 0x39, 0x00, 0x00, 0x00, 0x00, 0x00, 0x00, 0x00, 0x00,
  0x00, 0x00, 0x00, 0x00, 0x00, 0x00, 0x86, 0x31, 0xa6, 0x31, 0xa6, 0x31, 0xa6, 0x31, 0xa6, 0x31,
  0xa6, 0x31, 0xa6, 0x31, 0xa6, 0x31, 0xa6, 0x31, 0xa6, 0x31, 0xa6, 0x31, 0xa6, 0x31, 0xa6, 0x31,
  0xa6, 0x31, 0xa6, 0x31, 0xa6, 0x31, 0xa6, 0x31, 0xa6, 0x31, 0xa6, 0x31, 0xa6, 0x31, 0xa6, 0x31,
  0xa6, 0x31, 0xa6, 0x31, 0xab, 0x5a, 0x00, 0x00, 0x00, 0x00, 0x00, 0x00, 0x00, 0x00, 0x00, 0x00,
  0xa6, 0x31, 0xa6, 0x31, 0xa6, 0x31, 0xa6, 0x31, 0xa6, 0x31, 0xa6, 0x31, 0xa6, 0x31, 0xa6, 0x31,
  0xa6, 0x31, 0xa6, 0x31, 0xa6, 0x31, 0xa6, 0x31, 0xa6, 0x31, 0xa6, 0x31, 0xa6, 0x31, 0xa6, 0x31,
  0xa6, 0x31, 0xa6, 0x31, 0xa6, 0x31, 0xa6, 0x31, 0xa6, 0x31, 0xa6, 0x31, 0xa6, 0x31, 0xa7, 0x39,
  0x00, 0x00, 0x00, 0x00, 0x00, 0x00, 0x00, 0x00, 0x00, 0x00, 0x86, 0x31, 0xa6, 0x31, 0xa6, 0x31,
  0xa6, 0x31, 0xa6, 0x31, 0xa6, 0x31, 0x86, 0x31, 0x00, 0x00, 0x00, 0x00, 0x00, 0x00, 0x00, 0x00,
  0xa7, 0x39, 0xa6, 0x31, 0xa6, 0x31, 0xa6, 0x31, 0xa6, 0x31, 0xa6, 0x31, 0xa6, 0x31, 0xa6, 0x31,
  0xa6, 0x31, 0xa6, 0x31, 0xa6, 0x31, 0xa6, 0x31, 0xa6, 0x31, 0xa6, 0x31, 0xa6, 0x31, 0xa6, 0x31,
  0xa6, 0x31, 0xa6, 0x31, 0xa6, 0x31, 0xa6, 0x31, 0xa6, 0x31, 0xa6, 0x31, 0x00, 0x00, 0x00, 0x00,
  0xa6, 0x31, 0xa6, 0x31, 0xa6, 0x31, 0xa6, 0x31, 0xa6, 0x31, 0xa6, 0x31, 0xa6, 0x31, 0xa6, 0x31,
  0xa6, 0x31, 0xa6, 0x31, 0xa6, 0x31, 0xa6, 0x31, 0xa6, 0x31, 0xa6, 0x31, 0xa6, 0x31, 0xa6, 0x31,
  0xa6, 0x31, 0xa6, 0x31, 0xa6, 0x31, 0xa6, 0x31, 0xa6, 0x31, 0x00, 0x00, 0x00, 0x00, 0x00, 0x00,
  0x00, 0x00, 0x00, 0x00, 0x00, 0x00, 0x00, 0x00, 0x00, 0x00, 0x00, 0x00, 0x86, 0x31, 0xa6, 0x31,
  0xa6, 0x31, 0xa6, 0x31, 0xa6, 0x31, 0xa6, 0x31, 0xa6, 0x31, 0xa6, 0x31, 0xa6, 0x31, 0xa6, 0x31,
  0xa6, 0x31, 0xa6, 0x31, 0xa6, 0x31, 0xa6, 0x31, 0xa6, 0x31, 0xa6, 0x31, 0xa6, 0x31, 0xa6, 0x31,
  0xa6, 0x31, 0xa6, 0x31, 0xa6, 0x31, 0xa6, 0x31, 0x86, 0x31, 0x00, 0x00, 0x00, 0x00, 0x00, 0x00,
  0x00, 0x00, 0x00, 0x00, 0xa6, 0x31, 0xa6, 0x31, 0xa6, 0x31, 0xa6, 0x31, 0xa6, 0x31, 0xa6, 0x31,
  0xa6, 0x31, 0xa6, 0x31, 0xa6, 0x31, 0xa6, 0x31, 0xa6, 0x31, 0xa6, 0x31, 0xa6, 0x31, 0xa6, 0x31,
  0xa6, 0x31, 0xa6, 0x31, 0xa6, 0x31, 0xa6, 0x31, 0xa6, 0x31, 0xa6, 0x31, 0xa6, 0x31, 0xa6, 0x31,
  0xa6, 0x31, 0xa6, 0x31, 0xa6, 0x31, 0x00, 0x00, 0x00, 0x00, 0x00, 0x00, 0x00, 0x00, 0x00, 0x00,
  0xa6, 0x31, 0xa6, 0x31, 0xa6, 0x31, 0xa6, 0x31, 0xa6, 0x31, 0xa6, 0x31, 0xa6, 0x31, 0xa6, 0x31,
  0xa6, 0x31, 0xa6, 0x31, 0xa6, 0x31, 0xa6, 0x31, 0xa6, 0x31, 0xa6, 0x31, 0xa6, 0x31, 0xa6, 0x31,
  0xa6, 0x31, 0xa6, 0x31, 0xa6, 0x31, 0xa6, 0x31, 0xa6, 0x31, 0xa6, 0x31, 0xa6, 0x31, 0xa6, 0x31,
  0x00, 0x00, 0x00, 0x00, 0x00, 0x00, 0x00, 0x00, 0x00, 0x00, 0x00, 0x00, 0xa6, 0x31, 0xa6, 0x31,
  0xa6, 0x31, 0xa6, 0x31, 0xa6, 0x31, 0xa6, 0x31, 0xa6, 0x31, 0xa6, 0x31, 0xa6, 0x31, 0xa6, 0x31,
  0xa6, 0x31, 0xa6, 0x31, 0xa6, 0x31, 0xa6, 0x31, 0xa6, 0x31, 0xa6, 0x31, 0xa6, 0x31, 0xa6, 0x31,
  0xa6, 0x31, 0xa6, 0x31, 0xa6, 0x31, 0xa7, 0x39, 0x00, 0x00, 0x00, 0x00, 0x00, 0x00, 0x00, 0x00,
  0x00, 0x00, 0x00, 0x00, 0x00, 0x00, 0x00, 0x00, 0xa6, 0x31, 0xa6, 0x31, 0xa6, 0x31, 0xa6, 0x31,
  0xa6, 0x31, 0xa6, 0x31, 0xa6, 0x31, 0xa6, 0x31, 0xa6, 0x31, 0xa6, 0x31, 0xa6, 0x31, 0xa6, 0x31,
  0xa6, 0x31, 0xa6, 0x31, 0xa6, 0x31, 0xa6, 0x31, 0xa6, 0x31, 0xa6, 0x31, 0xa6, 0x31, 0xa6, 0x31,
  0xa6, 0x31, 0xa6, 0x31, 0xa6, 0x31, 0x00, 0x00, 0x00, 0x00, 0x00, 0x00, 0x00, 0x00, 0x00, 0x00,
  0x00, 0x00, 0x86, 0x31, 0xa6, 0x31, 0xa6, 0x31, 0xa6, 0x31, 0xa6, 0x31, 0xa6, 0x31, 0xa6, 0x31,
  0xa6, 0x31, 0xa6, 0x31, 0xa6, 0x31, 0xa6, 0x31, 0xa6, 0x31, 0xa6, 0x31, 0xa6, 0x31, 0xa6, 0x31,
  0xa6, 0x31, 0xa6, 0x31, 0xa6, 0x31, 0xa6, 0x31, 0xa6, 0x31, 0xa6, 0x31, 0xa6, 0x31, 0xa6, 0x31,
  0x00, 0x00, 0x00, 0x00, 0x00, 0x00, 0x00, 0x00, 0x00, 0x00, 0x86, 0x31, 0xa6, 0x31, 0xa6, 0x31,
  0xa6, 0x31, 0xa6, 0x31, 0xa6, 0x31, 0x86, 0x31, 0x00, 0x00, 0x00, 0x00, 0x00, 0x00, 0x00, 0x00,
  0xa7, 0x39, 0xa6, 0x31, 0xa6, 0x31, 0xa6, 0x31, 0xa6, 0x31, 0xa6, 0x31, 0xa6, 0x31, 0xa6, 0x31,
  0xa6, 0x31, 0xa6, 0x31, 0xa6, 0x31, 0xa6, 0x31, 0xa6, 0x31, 0xa6, 0x31, 0xa6, 0x31, 0xa6, 0x31,
  0xa6, 0x31, 0xa6, 0x31, 0xa6, 0x31, 0xa6, 0x31, 0xa6, 0x31, 0xa6, 0x31, 0x00, 0x00, 0x00, 0x00,
  0xa6, 0x31, 0xa6, 0x31, 0xa6, 0x31, 0xa6, 0x31, 0xa6, 0x31, 0xa6, 0x31, 0xa6, 0x31, 0xa6, 0x31,
  0xa6, 0x31, 0xa6, 0x31, 0xa6, 0x31, 0xa6, 0x31, 0xa6, 0x31, 0xa6, 0x31, 0xa6, 0x31, 0xa6, 0x31,
  0xa6, 0x31, 0xa6, 0x31, 0xa6, 0x31, 0xa6, 0x31, 0xa6, 0x31, 0x00, 0x00, 0x00, 0x00, 0x00, 0x00,
  0x00, 0x00, 0x00, 0x00, 0x00, 0x00, 0x00, 0x00, 0x00, 0x00, 0x00, 0x00, 0x00, 0x00, 0xa6, 0x31,
  0xa6, 0x31, 0xa6, 0x31, 0xa6, 0x31, 0xa6, 0x31, 0xa6, 0x31, 0xa6, 0x31, 0xa6, 0x31, 0xa6, 0x31,
  0xa6, 0x31, 0xa6, 0x31, 0xa6, 0x31, 0xa6, 0x31, 0xa6, 0x31, 0xa6, 0x31, 0xa6, 0x31, 0xa6, 0x31,
  0xa6, 0x31, 0xa6, 0x31, 0xa6, 0x31, 0xa6, 0x31, 0xa6, 0x31, 0x00, 0x00, 0x00, 0x00, 0x00, 0x00,
  0x00, 0x00, 0x00, 0x00, 0xa6, 0x31, 0xa6, 0x31, 0xa6, 0x31, 0xa6, 0x31, 0xa6, 0x31, 0xa6, 0x31,
  0xa6, 0x31, 0xa6, 0x31, 0xa6, 0x31, 0xa6, 0x31, 0xa6, 0x31, 0xa6, 0x31, 0xa6, 0x31, 0xa6, 0x31,
  0xa6, 0x31, 0xa6, 0x31, 0xa6, 0x31, 0xa6, 0x31, 0xa6, 0x31, 0xa6, 0x31, 0xa6, 0x31, 0xa6, 0x31,
  0xa6, 0x31, 0xa6, 0x31, 0x66, 0x31, 0x00, 0x00, 0x00, 0x00, 0x00, 0x00, 0x00, 0x00, 0x00, 0x00,
  0xa6, 0x31, 0xa6, 0x31, 0xa6, 0x31, 0xa6, 0x31, 0xa6, 0x31, 0xa6, 0x31, 0xa6, 0x31, 0xa6, 0x31,
  0xa6, 0x31, 0xa6, 0x31, 0xa6, 0x31, 0xa6, 0x31, 0xa6, 0x31, 0xa6, 0x31, 0xa6, 0x31, 0xa6, 0x31,
  0xa6, 0x31, 0xa6, 0x31, 0xa6, 0x31, 0xa6, 0x31, 0xa6, 0x31, 0xa6, 0x31, 0xa6, 0x31, 0xc7, 0x39,
  0x00, 0x00, 0x00, 0x00, 0x00, 0x00, 0x00, 0x00, 0x00, 0x00, 0x00, 0x00, 0xa6, 0x31, 0xa6, 0x31,
  0xa6, 0x31, 0xa6, 0x31, 0xa6, 0x31, 0xa6, 0x31, 0xa6, 0x31, 0xa6, 0x31, 0xa6, 0x31, 0xa6, 0x31,
  0xa6, 0x31, 0xa6, 0x31, 0xa6, 0x31, 0xa6, 0x31, 0xa6, 0x31, 0xa6, 0x31, 0xa6, 0x31, 0xa6, 0x31,
  0xa6, 0x31, 0xa6, 0x31, 0xa6, 0x31, 0x86, 0x31, 0x00, 0x00, 0x00, 0x00, 0x00, 0x00, 0x00, 0x00,
  0x00, 0x00, 0x00, 0x00, 0x00, 0x00, 0x00, 0x00, 0x00, 0x00, 0xa6, 0x31, 0xa6, 0x31, 0xa6, 0x31,
  0xa6, 0x31, 0xa6, 0x31, 0xa6, 0x31, 0xa6, 0x31, 0xa6, 0x31, 0xa6, 0x31, 0xa6, 0x31, 0xa6, 0x31,
  0xa6, 0x31, 0xa6, 0x31, 0xa6, 0x31, 0xa6, 0x31, 0xa6, 0x31, 0xa6, 0x31, 0xa6, 0x31, 0xa6, 0x31,
  0xa6, 0x31, 0xa6, 0x31, 0xa6, 0x31, 0x00, 0x00, 0x00, 0x00, 0x00, 0x00, 0x00, 0x00, 0x00, 0x00,
  0x00, 0x00, 0x00, 0x00, 0x66, 0x31, 0xa6, 0x31, 0xa6, 0x31, 0xa6, 0x31, 0xa6, 0x31, 0xa6, 0x31,
  0xa6, 0x31, 0xa6, 0x31, 0xa6, 0x31, 0xa6, 0x31, 0xa6, 0x31, 0xa6, 0x31, 0xa6, 0x31, 0xa6, 0x31,
  0xa6, 0x31, 0xa6, 0x31, 0xa6, 0x31, 0xa6, 0x31, 0xa6, 0x31, 0xa6, 0x31, 0xa6, 0x31, 0xa6, 0x31,
  0x86, 0x31, 0x00, 0x00, 0x00, 0x00, 0x00, 0x00, 0x00, 0x00, 0x86, 0x31, 0xa6, 0x31, 0xa6, 0x31,
  0xa6, 0x31, 0xa6, 0x31, 0xa6, 0x31, 0x86, 0x31, 0x00, 0x00, 0x00, 0x00, 0x00, 0x00, 0x00, 0x00,
  0xa7, 0x39, 0xa6, 0x31, 0xa6, 0x31, 0xa6, 0x31, 0xa6, 0x31, 0xa6, 0x31, 0xa6, 0x31, 0xa6, 0x31,
  0xa6, 0x31, 0xa6, 0x31, 0xa6, 0x31, 0xa6, 0x31, 0xa6, 0x31, 0xa6, 0x31, 0xa6, 0x31, 0xa6, 0x31,
  0xa6, 0x31, 0xa6, 0x31, 0xa6, 0x31, 0xa6, 0x31, 0xa6, 0x31, 0x86, 0x31, 0x00, 0x00, 0x00, 0x00,
  0xa6, 0x31, 0xa6, 0x31, 0xa6, 0x31, 0xa6, 0x31, 0xa6, 0x31, 0xa6, 0x31, 0xa6, 0x31, 0x00, 0x00,
  0x00, 0x00, 0x00, 0x00, 0x00, 0x00, 0x00, 0x00, 0x00, 0x00, 0x00, 0x00, 0x00, 0x00, 0x00, 0x00,
  0x00, 0x00, 0x00, 0x00, 0x00, 0x00, 0x00, 0x00, 0x00, 0x00, 0x00, 0x00, 0x00, 0x00, 0x00, 0x00,
  0x00, 0x00, 0x00, 0x00, 0x00, 0x00, 0x00, 0x00, 0x00, 0x00, 0x00, 0x00, 0x00, 0x00, 0x00, 0x00,
  0x00, 0x00, 0xa7, 0x39, 0xa6, 0x31, 0xa6, 0x31, 0xa6, 0x31, 0xa6, 0x31, 0xa6, 0x31, 0xa6, 0x31,
  0xa6, 0x31, 0xa6, 0x31, 0xa6, 0x31, 0xa6, 0x31, 0x86, 0x31, 0xa6, 0x31, 0xa6, 0x31, 0xa6, 0x31,
  0xa6, 0x31, 0xa6, 0x31, 0xa6, 0x31, 0xa6, 0x31, 0xa6, 0x31, 0x00, 0x00, 0x00, 0x00, 0x00, 0x00,
  0x00, 0x00, 0x00, 0x00, 0xa6, 0x31, 0xa6, 0x31, 0xa6, 0x31, 0xa6, 0x31, 0xa6, 0x31, 0xa6, 0x31,
  0xa6, 0x31, 0xa6, 0x31, 0xa6, 0x31, 0xa6, 0x31, 0xa6, 0x31, 0xa6, 0x31, 0xa6, 0x31, 0xa6, 0x31,
  0xa6, 0x31, 0xa6, 0x31, 0xa6, 0x31, 0xa6, 0x31, 0xa6, 0x31, 0xa6, 0x31, 0xa6, 0x31, 0xa6, 0x31,
  0xa6, 0x31, 0xa7, 0x39, 0x00, 0x00, 0x00, 0x00, 0x00, 0x00, 0x00, 0x00, 0x00, 0x00, 0x00, 0x00,
  0xa6, 0x31, 0xa6, 0x31, 0xa6, 0x31, 0xa6, 0x31, 0xa6, 0x31, 0xa6, 0x31, 0xa6, 0x31, 0xa6, 0x31,
  0xa6, 0x31, 0xa6, 0x31, 0xa6, 0x31, 0xa6, 0x31, 0xa6, 0x31, 0xa6, 0x31, 0xa6, 0x31, 0xa6, 0x31,
  0xa6, 0x31, 0xa6, 0x31, 0xa6, 0x31, 0xa6, 0x31, 0xa6, 0x31, 0x86, 0x31, 0xc7, 0x39, 0x00, 0x00,
  0x00, 0x00, 0x00, 0x00, 0x00, 0x00, 0x00, 0x00, 0x00, 0x00, 0x00, 0x00, 0xa6, 0x31, 0xa6, 0x31,
  0xa6, 0x31, 0xa6, 0x31, 0xa6, 0x31, 0xa6, 0x31, 0xa6, 0x31, 0x00, 0x00, 0x00, 0x00, 0x00, 0x00,
  0x00, 0x00, 0x00, 0x00, 0x00, 0x00, 0x00, 0x00, 0x00, 0x00, 0x00, 0x00, 0x00, 0x00, 0x00, 0x00,
  0x00, 0x00, 0x00, 0x00, 0x00, 0x00, 0x00, 0x00, 0x00, 0x00, 0x00, 0x00, 0x00, 0x00, 0x00, 0x00,
  0x00, 0x00, 0x00, 0x00, 0x00, 0x00, 0x00, 0x00, 0x00, 0x00, 0x00, 0x00, 0x00, 0x00, 0x86, 0x31,
  0xa6, 0x31, 0x86, 0x31, 0xa6, 0x31, 0xa6, 0x31, 0xa6, 0x31, 0xa6, 0x31, 0xa6, 0x31, 0xa6, 0x31,
  0xa6, 0x31, 0xa6, 0x31, 0xa6, 0x31, 0xa6, 0x31, 0xa6, 0x31, 0xa6, 0x31, 0xa6, 0x31, 0xa6, 0x31,
  0xa6, 0x31, 0xa6, 0x31, 0xa6, 0x31, 0x00, 0x00, 0x00, 0x00, 0x00, 0x00, 0x00, 0x00, 0x00, 0x00,
  0x00, 0x00, 0x00, 0x00, 0x00, 0x00, 0x00, 0x00, 0xc7, 0x39, 0x86, 0x31, 0xa6, 0x31, 0xa6, 0x31,
  0xa6, 0x31, 0xa6, 0x31, 0xa6, 0x31, 0xa6, 0x31, 0xa6, 0x31, 0xa6, 0x31, 0xa6, 0x31, 0xa6, 0x31,
  0xa6, 0x31, 0xa6, 0x31, 0xa6, 0x31, 0xa6, 0x31, 0xa6, 0x31, 0xa6, 0x31, 0xa6, 0x31, 0xa6, 0x31,
  0xa6, 0x31, 0x00, 0x00, 0x00, 0x00, 0x00, 0x00, 0x00, 0x00, 0x86, 0x31, 0xa6, 0x31, 0xa6, 0x31,
  0xa6, 0x31, 0xa6, 0x31, 0xa6, 0x31, 0x86, 0x31, 0x00, 0x00, 0x00, 0x00, 0x00, 0x00, 0x00, 0x00,
  0xa7, 0x39, 0xa6, 0x31, 0xa6, 0x31, 0xa6, 0x31, 0xa6, 0x31, 0xa6, 0x31, 0xa6, 0x31, 0x00, 0x00,
  0x00, 0x00, 0x00, 0x00, 0x00, 0x00, 0x00, 0x00, 0x00, 0x00, 0x00, 0x00, 0x00, 0x00, 0x00, 0x00,
  0x00, 0x00, 0x00, 0x00, 0x00, 0x00, 0x00, 0x00, 0x00, 0x00, 0x00, 0x00, 0x00, 0x00, 0x00, 0x00,
  0xa6, 0x31, 0xa6, 0x31, 0xa6, 0x31, 0xa6, 0x31, 0xa6, 0x31, 0xa6, 0x31, 0xa6, 0x31, 0x00, 0x00,
  0x00, 0x00, 0x00, 0x00, 0x00, 0x00, 0x00, 0x00, 0x00, 0x00, 0x00, 0x00, 0x00, 0x00, 0x00, 0x00,
  0x00, 0x00, 0x00, 0x00, 0x00, 0x00, 0x00, 0x00, 0x00, 0x00, 0x00, 0x00, 0x00, 0x00, 0x00, 0x00,
  0x00, 0x00, 0x00, 0x00, 0x00, 0x00, 0x00, 0x00, 0x00, 0x00, 0x00, 0x00, 0x00, 0x00, 0x00, 0x00,
  0x00, 0x00, 0x00, 0x00, 0x00, 0x00, 0x00, 0x00, 0x00, 0x00, 0x00, 0x00, 0x00, 0x00, 0x00, 0x00,
  0x00, 0x00, 0x00, 0x00, 0x00, 0x00, 0x00, 0x00, 0x00, 0x00, 0x00, 0x00, 0xa6, 0x31, 0xa6, 0x31,
  0xa6, 0x31, 0xa6, 0x31, 0xa6, 0x31, 0xa6, 0x31, 0xa6, 0x31, 0x00, 0x00, 0x00, 0x00, 0x00, 0x00,
  0x00, 0x00, 0x00, 0x00, 0xa6, 0x31, 0xa6, 0x31, 0xa6, 0x31, 0xa6, 0x31, 0xa6, 0x31, 0xa6, 0x31,
  0xa6, 0x31, 0xa6, 0x31, 0xa6, 0x31, 0xa6, 0x31, 0xa6, 0x31, 0xa6, 0x31, 0xa6, 0x31, 0xa6, 0x31,
  0xa6, 0x31, 0xa6, 0x31, 0xa6, 0x31, 0xa6, 0x31, 0xa6, 0x31, 0xa6, 0x31, 0xa6, 0x31, 0xa6, 0x31,
  0xa7, 0x39, 0x00, 0x00, 0x00, 0x00, 0x00, 0x00, 0x00, 0x00, 0x00, 0x00, 0x00, 0x00, 0x00, 0x00,
  0xa6, 0x31, 0xa6, 0x31, 0xa6, 0x31, 0xa6, 0x31, 0xa6, 0x31, 0xa6, 0x31, 0xa6, 0x31, 0xa6, 0x31,
  0xa6, 0x31, 0xa6, 0x31, 0xa6, 0x31, 0xa6, 0x31, 0xa6, 0x31, 0xa6, 0x31, 0xa6, 0x31, 0xa6, 0x31,
  0xa6, 0x31, 0xa6, 0x31, 0xa6, 0x31, 0xa6, 0x31, 0xa6, 0x31, 0xa6, 0x31, 0x00, 0x00, 0x00, 0x00,
  0x00, 0x00, 0x00, 0x00, 0x00, 0x00, 0x00, 0x00, 0x00, 0x00, 0x00, 0x00, 0xa6, 0x31, 0xa6, 0x31,
  0xa6, 0x31, 0xa6, 0x31, 0xa6, 0x31, 0xa6, 0x31, 0xa6, 0x31, 0x00, 0x00, 0x00, 0x00, 0x00, 0x00,
  0x00, 0x00, 0x00, 0x00, 0x00, 0x00, 0x00, 0x00, 0x00, 0x00, 0x00, 0x00, 0x00, 0x00, 0x00, 0x00,
  0x00, 0x00, 0x00, 0x00, 0x00, 0x00, 0x00, 0x00, 0x00, 0x00, 0x00, 0x00, 0x00, 0x00, 0x00, 0x00,
  0x00, 0x00, 0x00, 0x00, 0x00, 0x00, 0x00, 0x00, 0x00, 0x00, 0x00, 0x00, 0x00, 0x00, 0x00, 0x00,
  0x00, 0x00, 0x00, 0x00, 0x00, 0x00, 0x00, 0x00, 0x00, 0x00, 0x00, 0x00, 0x00, 0x00, 0x00, 0x00,
  0x00, 0x00, 0x00, 0x00, 0x00, 0x00, 0x00, 0x00, 0xa6, 0x31, 0xa6, 0x31, 0xa6, 0x31, 0xa6, 0x31,
  0xa6, 0x31, 0xa6, 0x31, 0xa6, 0x31, 0x00, 0x00, 0x00, 0x00, 0x00, 0x00, 0x00, 0x00, 0x00, 0x00,
  0x00, 0x00, 0x00, 0x00, 0x00, 0x00, 0x00, 0x00, 0x00, 0x00, 0x00, 0x00, 0x00, 0x00, 0x00, 0x00,
  0x00, 0x00, 0x00, 0x00, 0x00, 0x00, 0x00, 0x00, 0x00, 0x00, 0x00, 0x00, 0x00, 0x00, 0x00, 0x00,
  0x00, 0x00, 0xa7, 0x39, 0xa6, 0x31, 0xa6, 0x31, 0xa6, 0x31, 0xa6, 0x31, 0xa6, 0x31, 0xa6, 0x31,
  0x86, 0x31, 0x00, 0x00, 0x00, 0x00, 0x00, 0x00, 0x00, 0x00, 0x86, 0x31, 0xa6, 0x31, 0xa6, 0x31,
  0xa6, 0x31, 0xa6, 0x31, 0xa6, 0x31, 0x86, 0x31, 0x00, 0x00, 0x00, 0x00, 0x00, 0x00, 0x00, 0x00,
  0xa7, 0x39, 0xa6, 0x31, 0xa6, 0x31, 0xa6, 0x31, 0xa6, 0x31, 0xa6, 0x31, 0xa6, 0x31, 0x00, 0x00,
  0x00, 0x00, 0x00, 0x00, 0x00, 0x00, 0x00, 0x00, 0x00, 0x00, 0x00, 0x00, 0x00, 0x00, 0x00, 0x00,
  0x00, 0x00, 0x00, 0x00, 0x00, 0x00, 0x00, 0x00, 0x00, 0x00, 0x00, 0x00, 0x00, 0x00, 0x00, 0x00,
  0xa6, 0x31, 0xa6, 0x31, 0xa6, 0x31, 0xa6, 0x31, 0xa6, 0x31, 0xa6, 0x31, 0xa6, 0x31, 0x00, 0x00,
  0x00, 0x00, 0x00, 0x00, 0x00, 0x00, 0x00, 0x00, 0x00, 0x00, 0x00, 0x00, 0x00, 0x00, 0x00, 0x00,
  0x00, 0x00, 0x00, 0x00, 0x00, 0x00, 0x00, 0x00, 0x00, 0x00, 0x00, 0x00, 0x00, 0x00, 0x00, 0x00,
  0x00, 0x00, 0x00, 0x00, 0x00, 0x00, 0x00, 0x00, 0x00, 0x00, 0x00, 0x00, 0x00, 0x00, 0x00, 0x00,
  0x00, 0x00, 0x00, 0x00, 0x00, 0x00, 0x00, 0x00, 0x00, 0x00, 0x00, 0x00, 0x00, 0x00, 0x00, 0x00,
  0x00, 0x00, 0x00, 0x00, 0x00, 0x00, 0x00, 0x00, 0x00, 0x00, 0x00, 0x00, 0x86, 0x31, 0xa6, 0x31,
  0xa6, 0x31, 0xa6, 0x31, 0xa6, 0x31, 0xa6, 0x31, 0xa6, 0x31, 0x00, 0x00, 0x00, 0x00, 0x00, 0x00,
  0x00, 0x00, 0x00, 0x00, 0xa6, 0x31, 0xa6, 0x31, 0xa6, 0x31, 0xa6, 0x31, 0xa6, 0x31, 0xa6, 0x31,
  0x86, 0x31, 0x86, 0x31, 0x86, 0x31, 0x86, 0x31, 0x86, 0x31, 0x86, 0x31, 0x86, 0x31, 0x86, 0x31,
  0x86, 0x31, 0x86, 0x31, 0x86, 0x31, 0x86, 0x31, 0xa6, 0x31, 0x86, 0x31, 0xc7, 0x39, 0x00, 0x00,
  0x00, 0x00, 0x00, 0x00, 0x00, 0x00, 0x00, 0x00, 0x00, 0x00, 0x00, 0x00, 0x00, 0x00, 0x00, 0x00,
  0xa6, 0x31, 0xa6, 0x31, 0xa6, 0x31, 0xa6, 0x31, 0xa6, 0x31, 0xa6, 0x31, 0x86, 0x31, 0x00, 0x00,
  0x00, 0x00, 0x00, 0x00, 0x00, 0x00, 0x00, 0x00, 0x00, 0x00, 0x65, 0x29, 0x86, 0x31, 0xa6, 0x31,
  0xa6, 0x31, 0xa6, 0x31, 0xa6, 0x31, 0xa6, 0x31, 0xa6, 0x31, 0xa6, 0x31, 0xa7, 0x39, 0x00, 0x00,
  0x00, 0x00, 0x00, 0x00, 0x00, 0x00, 0x00, 0x00, 0x00, 0x00, 0x00, 0x00, 0xa6, 0x31, 0xa6, 0x31,
  0xa6, 0x31, 0xa6, 0x31, 0xa6, 0x31, 0xa6, 0x31, 0xa6, 0x31, 0x00, 0x00, 0x00, 0x00, 0x00, 0x00,
  0x00, 0x00, 0x00, 0x00, 0x00, 0x00, 0x00, 0x00, 0x00, 0x00, 0x00, 0x00, 0x00, 0x00, 0x00, 0x00,
  0x00, 0x00, 0x00, 0x00, 0x00, 0x00, 0x00, 0x00, 0x00, 0x00, 0x00, 0x00, 0x00, 0x00, 0x00, 0x00,
  0x00, 0x00, 0x00, 0x00, 0x00, 0x00, 0x00, 0x00, 0x00, 0x00, 0x00, 0x00, 0x00, 0x00, 0x00, 0x00,
  0x00, 0x00, 0x00, 0x00, 0x00, 0x00, 0x00, 0x00, 0x00, 0x00, 0x00, 0x00, 0x00, 0x00, 0x00, 0x00,
  0x00, 0x00, 0x00, 0x00, 0x00, 0x00, 0x00, 0x00, 0x86, 0x31, 0xa6, 0x31, 0xa6, 0x31, 0xa6, 0x31,
  0xa6, 0x31, 0xa6, 0x31, 0xa6, 0x31, 0x00, 0x00, 0x00, 0x00, 0x00, 0x00, 0x00, 0x00, 0x00, 0x00,
  0x00, 0x00, 0x00, 0x00, 0x00, 0x00, 0x00, 0x00, 0x00, 0x00, 0x00, 0x00, 0x00, 0x00, 0x00, 0x00,
  0x00, 0x00, 0x00, 0x00, 0x00, 0x00, 0x00, 0x00, 0x00, 0x00, 0x00, 0x00, 0x00, 0x00, 0x00, 0x00,
  0x00, 0x00, 0x00, 0x00, 0x86, 0x31, 0xa6, 0x31, 0xa6, 0x31, 0xa6, 0x31, 0xa6, 0x31, 0xa6, 0x31,
  0xa6, 0x31, 0x00, 0x00, 0x00, 0x00, 0x00, 0x00, 0x00, 0x00, 0x86, 0x31, 0xa6, 0x31, 0xa6, 0x31,
  0xa6, 0x31, 0xa6, 0x31, 0xa6, 0x31, 0x86, 0x31, 0x00, 0x00, 0x00, 0x00, 0x00, 0x00, 0x00, 0x00,
  0xa7, 0x39, 0xa6, 0x31, 0xa6, 0x31, 0xa6, 0x31, 0xa6, 0x31, 0xa6, 0x31, 0xa6, 0x31, 0x00, 0x00,
  0x00, 0x00, 0x00, 0x00, 0x00, 0x00, 0x00, 0x00, 0x00, 0x00, 0x00, 0x00, 0x00, 0x00, 0x00, 0x00,
  0x00, 0x00, 0x00, 0x00, 0x00, 0x00, 0x00, 0x00, 0x00, 0x00, 0x00, 0x00, 0x00, 0x00, 0x00, 0x00,
  0xa6, 0x31, 0xa6, 0x31, 0xa6, 0x31, 0xa6, 0x31, 0xa6, 0x31, 0xa6, 0x31, 0xa6, 0x31, 0x00, 0x00,
  0x00, 0x00, 0x00, 0x00, 0x00, 0x00, 0x00, 0x00, 0x00, 0x00, 0x00, 0x00, 0x00, 0x00, 0x00, 0x00,
  0x00, 0x00, 0x00, 0x00, 0x00, 0x00, 0x00, 0x00, 0x00, 0x00, 0x00, 0x00, 0x00, 0x00, 0x00, 0x00,
  0x00, 0x00, 0x00, 0x00, 0x00, 0x00, 0x00, 0x00, 0x00, 0x00, 0x00, 0x00, 0x00, 0x00, 0x00, 0x00,
  0x00, 0x00, 0x00, 0x00, 0x00, 0x00, 0x00, 0x00, 0x00, 0x00, 0x00, 0x00, 0x00, 0x00, 0x00, 0x00,
  0x00, 0x00, 0x00, 0x00, 0x00, 0x00, 0x00, 0x00, 0x00, 0x00, 0x00, 0x00, 0xa6, 0x31, 0xa6, 0x31,
  0xa6, 0x31, 0xa6, 0x31, 0xa6, 0x31, 0xa6, 0x31, 0xa6, 0x31, 0x00, 0x00, 0x00, 0x00, 0x00, 0x00,
  0x00, 0x00, 0x00, 0x00, 0xa6, 0x31, 0xa6, 0x31, 0xa6, 0x31, 0xa6, 0x31, 0xa6, 0x31, 0xa6, 0x31,
  0xa7, 0x39, 0x00, 0x00, 0x00, 0x00, 0x00, 0x00, 0x00, 0x00, 0x00, 0x00, 0x00, 0x00, 0x00, 0x00,
  0x00, 0x00, 0x00, 0x00, 0x00, 0x00, 0x00, 0x00, 0x00, 0x00, 0x00, 0x00, 0x00, 0x00, 0x00, 0x00,
  0x00, 0x00, 0x00, 0x00, 0x00, 0x00, 0x00, 0x00, 0x00, 0x00, 0x00, 0x00, 0x00, 0x00, 0x00, 0x00,
  0xa6, 0x31, 0xa6, 0x31, 0xa6, 0x31, 0xa6, 0x31, 0xa6, 0x31, 0xa6, 0x31, 0x86, 0x31, 0x00, 0x00,
  0x00, 0x00, 0x00, 0x00, 0x00, 0x00, 0x00, 0x00, 0x00, 0x00, 0x00, 0x00, 0x00, 0x00, 0xa6, 0x31,
  0xa6, 0x31, 0xa6, 0x31, 0xa6, 0x31, 0xa6, 0x31, 0xa6, 0x31, 0xa6, 0x31, 0xa6, 0x31, 0x08, 0x42,
  0x00, 0x00, 0x00, 0x00, 0x00, 0x00, 0x00, 0x00, 0x00, 0x00, 0x00, 0x00, 0xa6, 0x31, 0xa6, 0x31,
  0xa6, 0x31, 0xa6, 0x31, 0xa6, 0x31, 0xa6, 0x31, 0xa6, 0x31, 0x00, 0x00, 0x00, 0x00, 0x00, 0x00,
  0x00, 0x00, 0x00, 0x00, 0x00, 0x00, 0x00, 0x00, 0x00, 0x00, 0x00, 0x00, 0x00, 0x00, 0x00, 0x00,
  0x00, 0x00, 0x00, 0x00, 0x00, 0x00, 0x00, 0x00, 0x00, 0x00, 0x00, 0x00, 0x00, 0x00, 0x00, 0x00,
  0x00, 0x00, 0x00, 0x00, 0x00, 0x00, 0x00, 0x00, 0x00, 0x00, 0x00, 0x00, 0x00, 0x00, 0x00, 0x00,
  0x00, 0x00, 0x00, 0x00, 0x00, 0x00, 0x00, 0x00, 0x00, 0x00, 0x00, 0x00, 0x00, 0x00, 0x00, 0x00,
  0x00, 0x00, 0x00, 0x00, 0x00, 0x00, 0x00, 0x00, 0xa6, 0x31, 0xa6, 0x31, 0xa6, 0x31, 0xa6, 0x31,
  0xa6, 0x31, 0xa6, 0x31, 0xa6, 0x31, 0x00, 0x00, 0x00, 0x00, 0x00, 0x00, 0x00, 0x00, 0x00, 0x00,
  0x00, 0x00, 0x00, 0x00, 0x00, 0x00, 0x00, 0x00, 0x00, 0x00, 0x00, 0x00, 0x00, 0x00, 0x00, 0x00,
  0x00, 0x00, 0x00, 0x00, 0x00, 0x00, 0x00, 0x00, 0x00, 0x00, 0x00, 0x00, 0x00, 0x00, 0x00, 0x00,
  0x00, 0x00, 0x00, 0x00, 0xa6, 0x31, 0xa6, 0x31, 0xa6, 0x31, 0xa6, 0x31, 0xa6, 0x31, 0xa6, 0x31,
  0xa6, 0x31, 0x00, 0x00, 0x00, 0x00, 0x00, 0x00, 0x00, 0x00, 0x86, 0x31, 0xa6, 0x31, 0xa6, 0x31,
  0xa6, 0x31, 0xa6, 0x31, 0xa6, 0x31, 0x86, 0x31, 0x00, 0x00, 0x00, 0x00, 0x00, 0x00, 0x00, 0x00,
  0xa7, 0x39, 0xa6, 0x31, 0xa6, 0x31, 0xa6, 0x31, 0xa6, 0x31, 0xa6, 0x31, 0xa6, 0x31, 0x00, 0x00,
  0x00, 0x00, 0x00, 0x00, 0x00, 0x00, 0x00, 0x00, 0x00, 0x00, 0x00, 0x00, 0x00, 0x00, 0x00, 0x00,
  0x00, 0x00, 0x00, 0x00, 0x00, 0x00, 0x00, 0x00, 0x00, 0x00, 0x00, 0x00, 0x00, 0x00, 0x00, 0x00,
  0xa6, 0x31, 0xa6, 0x31, 0xa6, 0x31, 0xa6, 0x31, 0xa6, 0x31, 0xa6, 0x31, 0xa6, 0x31, 0x00, 0x00,
  0x00, 0x00, 0x00, 0x00, 0x00, 0x00, 0x00, 0x00, 0x00, 0x00, 0x00, 0x00, 0x00, 0x00, 0x00, 0x00,
  0x00, 0x00, 0x00, 0x00, 0x00, 0x00, 0x00, 0x00, 0x00, 0x00, 0x00, 0x00, 0x00, 0x00, 0x00, 0x00,
  0x00, 0x00, 0x00, 0x00, 0x00, 0x00, 0x00, 0x00, 0x00, 0x00, 0x00, 0x00, 0x00, 0x00, 0x00, 0x00,
  0x00, 0x00, 0x00, 0x00, 0x00, 0x00, 0x00, 0x00, 0x00, 0x00, 0x00, 0x00, 0x00, 0x00, 0x00, 0x00,
  0x00, 0x00, 0x00, 0x00, 0x00, 0x00, 0x00, 0x00, 0x00, 0x00, 0x00, 0x00, 0xa6, 0x31, 0xa6, 0x31,
  0xa6, 0x31, 0xa6, 0x31, 0xa6, 0x31, 0xa6, 0x31, 0xa6, 0x31, 0x00, 0x00, 0x00, 0x00, 0x00, 0x00,
  0x00, 0x00, 0x00, 0x00, 0xa6, 0x31, 0xa6, 0x31, 0xa6, 0x31, 0xa6, 0x31, 0xa6, 0x31, 0xa6, 0x31,
  0xa7, 0x39, 0x00, 0x00, 0x00, 0x00, 0x00, 0x00, 0x00, 0x00, 0x00, 0x00, 0x00, 0x00, 0x00, 0x00,
  0x00, 0x00, 0x00, 0x00, 0x00, 0x00, 0x00, 0x00, 0x00, 0x00, 0x00, 0x00, 0x00, 0x00, 0x00, 0x00,
  0x00, 0x00, 0x00, 0x00, 0x00, 0x00, 0x00, 0x00, 0x00, 0x00, 0x00, 0x00, 0x00, 0x00, 0x00, 0x00,
  0xa6, 0x31, 0xa6, 0x31, 0xa6, 0x31, 0xa6, 0x31, 0xa6, 0x31, 0xa6, 0x31, 0x86, 0x31, 0x00, 0x00,
  0x00, 0x00, 0x00, 0x00, 0x00, 0x00, 0x00, 0x00, 0x00, 0x00, 0x00, 0x00, 0x00, 0x00, 0x00, 0x00,
  0xa6, 0x31, 0xa6, 0x31, 0xa6, 0x31, 0xa6, 0x31, 0xa6, 0x31, 0xa6, 0x31, 0xa6, 0x31, 0xa6, 0x31,
  0x00, 0x00, 0x00, 0x00, 0x00, 0x00, 0x00, 0x00, 0x00, 0x00, 0x00, 0x00, 0xa6, 0x31, 0xa6, 0x31,
  0xa6, 0x31, 0xa6, 0x31, 0xa6, 0x31, 0xa6, 0x31, 0xa6, 0x31, 0x00, 0x00, 0x00, 0x00, 0x00, 0x00,
  0x00, 0x00, 0x00, 0x00, 0x00, 0x00, 0x00, 0x00, 0x00, 0x00, 0x00, 0x00, 0x00, 0x00, 0x00, 0x00,
  0x00, 0x00, 0x00, 0x00, 0x00, 0x00, 0x00, 0x00, 0x00, 0x00, 0x00, 0x00, 0x00, 0x00, 0x00, 0x00,
  0x00, 0x00, 0x00, 0x00, 0x00, 0x00, 0x00, 0x00, 0x00, 0x00, 0x00, 0x00, 0x00, 0x00, 0x00, 0x00,
  0x00, 0x00, 0x00, 0x00, 0x00, 0x00, 0x00, 0x00, 0x00, 0x00, 0x00, 0x00, 0x00, 0x00, 0x00, 0x00,
  0x00, 0x00, 0x00, 0x00, 0x00, 0x00, 0x00, 0x00, 0xa6, 0x31, 0xa6, 0x31, 0xa6, 0x31, 0xa6, 0x31,
  0xa6, 0x31, 0xa6, 0x31, 0xa6, 0x31, 0x00, 0x00, 0x00, 0x00, 0x00, 0x00, 0x00, 0x00, 0x00, 0x00,
  0x00, 0x00, 0x00, 0x00, 0x00, 0x00, 0x00, 0x00, 0x00, 0x00, 0x00, 0x00, 0x00, 0x00, 0x00, 0x00,
  0x00, 0x00, 0x00, 0x00, 0x00, 0x00, 0x00, 0x00, 0x00, 0x00, 0x00, 0x00, 0x00, 0x00, 0x00, 0x00,
  0x00, 0x00, 0x00, 0x00, 0xa6, 0x31, 0xa6, 0x31, 0xa6, 0x31, 0xa6, 0x31, 0xa6, 0x31, 0xa6, 0x31,
  0xa6, 0x31, 0x00, 0x00, 0x00, 0x00, 0x00, 0x00, 0x00, 0x00, 0x86, 0x31, 0xa6, 0x31, 0xa6, 0x31,
  0xa6, 0x31, 0xa6, 0x31, 0xa6, 0x31, 0x86, 0x31, 0x00, 0x00, 0x00, 0x00, 0x00, 0x00, 0x00, 0x00,
  0xa7, 0x39, 0xa6, 0x31, 0xa6, 0x31, 0xa6, 0x31, 0xa6, 0x31, 0xa6, 0x31, 0xa6, 0x31, 0x00, 0x00,
  0x00, 0x00, 0x00, 0x00, 0x00, 0x00, 0x00, 0x00, 0x00, 0x00, 0x00, 0x00, 0x00, 0x00, 0x00, 0x00,
  0x00, 0x00, 0x00, 0x00, 0x00, 0x00, 0x00, 0x00, 0x00, 0x00, 0x00, 0x00, 0x00, 0x00, 0x00, 0x00,
  0xa6, 0x31, 0xa6, 0x31, 0xa6, 0x31, 0xa6, 0x31, 0xa6, 0x31, 0xa6, 0x31, 0xa6, 0x31, 0x00, 0x00,
  0x00, 0x00, 0x00, 0x00, 0x00, 0x00, 0x00, 0x00, 0x00, 0x00, 0x00, 0x00, 0x00, 0x00, 0x00, 0x00,
  0x00, 0x00, 0x00, 0x00, 0x00, 0x00, 0x00, 0x00, 0x00, 0x00, 0x00, 0x00, 0x00, 0x00, 0x00, 0x00,
  0x00, 0x00, 0x00, 0x00, 0x00, 0x00, 0x00, 0x00, 0x00, 0x00, 0x00, 0x00, 0x00, 0x00, 0x00, 0x00,
  0x00, 0x00, 0x00, 0x00, 0x00, 0x00, 0x00, 0x00, 0x00, 0x00, 0x00, 0x00, 0x00, 0x00, 0x00, 0x00,
  0x00, 0x00, 0x00, 0x00, 0x00, 0x00, 0x00, 0x00, 0x00, 0x00, 0x00, 0x00, 0xa6, 0x31, 0xa6, 0x31,
  0xa6, 0x31, 0xa6, 0x31, 0xa6, 0x31, 0xa6, 0x31, 0xa6, 0x31, 0x00, 0x00, 0x00, 0x00, 0x00, 0x00,
  0x00, 0x00, 0x00, 0x00, 0xa6, 0x31, 0xa6, 0x31, 0xa6, 0x31, 0xa6, 0x31, 0xa6, 0x31, 0xa6, 0x31,
  0xa7, 0x39, 0x00, 0x00, 0x00, 0x00, 0x00, 0x00, 0x00, 0x00, 0x00, 0x00, 0x00, 0x00, 0x00, 0x00,
  0x00, 0x00, 0x00, 0x00, 0x00, 0x00, 0x00, 0x00, 0x00, 0x00, 0x00, 0x00, 0x00, 0x00, 0x00, 0x00,
  0x00, 0x00, 0x00, 0x00, 0x00, 0x00, 0x00, 0x00, 0x00, 0x00, 0x00, 0x00, 0x00, 0x00, 0x00, 0x00,
  0xa6, 0x31, 0xa6, 0x31, 0xa6, 0x31, 0xa6, 0x31, 0xa6, 0x31, 0xa6, 0x31, 0x86, 0x31, 0x00, 0x00,
  0x00, 0x00, 0x00, 0x00, 0x00, 0x00, 0x00, 0x00, 0x00, 0x00, 0x00, 0x00, 0x00, 0x00, 0x00, 0x00,
  0x00, 0x00, 0xa6, 0x31, 0xa6, 0x31, 0xa6, 0x31, 0xa6, 0x31, 0xa6, 0x31, 0xa6, 0x31, 0xa6, 0x31,
  0x00, 0x00, 0x00, 0x00, 0x00, 0x00, 0x00, 0x00, 0x00, 0x00, 0x00, 0x00, 0xa6, 0x31, 0xa6, 0x31,
  0xa6, 0x31, 0xa6, 0x31, 0xa6, 0x31, 0xa6, 0x31, 0xa6, 0x31, 0x00, 0x00, 0x00, 0x00, 0x00, 0x00,
  0x00, 0x00, 0x00, 0x00, 0x00, 0x00, 0x00, 0x00, 0x00, 0x00, 0x00, 0x00, 0x00, 0x00, 0x00, 0x00,
  0x00, 0x00, 0x00, 0x00, 0x00, 0x00, 0x00, 0x00, 0x00, 0x00, 0x00, 0x00, 0x00, 0x00, 0x00, 0x00,
  0x00, 0x00, 0x00, 0x00, 0x00, 0x00, 0x00, 0x00, 0x00, 0x00, 0x00, 0x00, 0x00, 0x00, 0x00, 0x00,
  0x00, 0x00, 0x00, 0x00, 0x00, 0x00, 0x00, 0x00, 0x00, 0x00, 0x00, 0x00, 0x00, 0x00, 0x00, 0x00,
  0x00, 0x00, 0x00, 0x00, 0x00, 0x00, 0x00, 0x00, 0xa6, 0x31, 0xa6, 0x31, 0xa6, 0x31, 0xa6, 0x31,
  0xa6, 0x31, 0xa6, 0x31, 0xa6, 0x31, 0x00, 0x00, 0x00, 0x00, 0x00, 0x00, 0x00, 0x00, 0x00, 0x00,
  0x00, 0x00, 0x00, 0x00, 0x00, 0x00, 0x00, 0x00, 0x00, 0x00, 0x00, 0x00, 0x00, 0x00, 0x00, 0x00,
  0x00, 0x00, 0x00, 0x00, 0x00, 0x00, 0x00, 0x00, 0x00, 0x00, 0x00, 0x00, 0x00, 0x00, 0x00, 0x00,
  0x00, 0x00, 0x00, 0x00, 0xa6, 0x31, 0xa6, 0x31, 0xa6, 0x31, 0xa6, 0x31, 0xa6, 0x31, 0xa6, 0x31,
  0xa6, 0x31, 0x00, 0x00, 0x00, 0x00, 0x00, 0x00, 0x00, 0x00, 0x86, 0x31, 0xa6, 0x31, 0xa6, 0x31,
  0xa6, 0x31, 0xa6, 0x31, 0xa6, 0x31, 0x86, 0x31, 0x00, 0x00, 0x00, 0x00, 0x00, 0x00, 0x00, 0x00,
  0xa7, 0x39, 0xa6, 0x31, 0xa6, 0x31, 0xa6, 0x31, 0xa6, 0x31, 0xa6, 0x31, 0xa6, 0x31, 0x00, 0x00,
  0x00, 0x00, 0x00, 0x00, 0x00, 0x00, 0x00, 0x00, 0x00, 0x00, 0x00, 0x00, 0x00, 0x00, 0x00, 0x00,
  0x00, 0x00, 0x00, 0x00, 0x00, 0x00, 0x00, 0x00, 0x00, 0x00, 0x00, 0x00, 0x00, 0x00, 0x00, 0x00,
  0xa6, 0x31, 0xa6, 0x31, 0xa6, 0x31, 0xa6, 0x31, 0xa6, 0x31, 0xa6, 0x31, 0xa6, 0x31, 0x00, 0x00,
  0x00, 0x00, 0x00, 0x00, 0x00, 0x00, 0x00, 0x00, 0x00, 0x00, 0x00, 0x00, 0x00, 0x00, 0x00, 0x00,
  0x00, 0x00, 0x00, 0x00, 0x00, 0x00, 0x00, 0x00, 0x00, 0x00, 0x00, 0x00, 0x00, 0x00, 0x00, 0x00,
  0x00, 0x00, 0x00, 0x00, 0x00, 0x00, 0x00, 0x00, 0x00, 0x00, 0x00, 0x00, 0x00, 0x00, 0x00, 0x00,
  0x00, 0x00, 0x00, 0x00, 0x00, 0x00, 0x00, 0x00, 0x00, 0x00, 0x00, 0x00, 0x00, 0x00, 0x00, 0x00,
  0x00, 0x00, 0x00, 0x00, 0x00, 0x00, 0x00, 0x00, 0x00, 0x00, 0x00, 0x00, 0xa6, 0x31, 0xa6, 0x31,
  0xa6, 0x31, 0xa6, 0x31, 0xa6, 0x31, 0xa6, 0x31, 0xa6, 0x31, 0x00, 0x00, 0x00, 0x00, 0x00, 0x00,
  0x00, 0x00, 0x00, 0x00, 0xa6, 0x31, 0xa6, 0x31, 0xa6, 0x31, 0xa6, 0x31, 0xa6, 0x31, 0xa6, 0x31,
  0xa7, 0x39, 0x00, 0x00, 0x00, 0x00, 0x00, 0x00, 0x00, 0x00, 0x00, 0x00, 0x00, 0x00, 0x00, 0x00,
  0x00, 0x00, 0x00, 0x00, 0x00, 0x00, 0x00, 0x00, 0x00, 0x00, 0x00, 0x00, 0x00, 0x00, 0x00, 0x00,
  0x00, 0x00, 0x00, 0x00, 0x00, 0x00, 0x00, 0x00, 0x00, 0x00, 0x00, 0x00, 0x00, 0x00, 0x00, 0x00,
  0xa6, 0x31, 0xa6, 0x31, 0xa6, 0x31, 0xa6, 0x31, 0xa6, 0x31, 0xa6, 0x31, 0x86, 0x31, 0x00, 0x00,
  0x00, 0x00, 0x00, 0x00, 0x00, 0x00, 0x00, 0x00, 0x00, 0x00, 0x00, 0x00, 0x00, 0x00, 0x00, 0x00,
  0x00, 0x00, 0xc7, 0x39, 0xa6, 0x31, 0xa6, 0x31, 0xa6, 0x31, 0xa6, 0x31, 0xa6, 0x31, 0xa6, 0x31,
  0xa6, 0x31, 0x00, 0x00, 0x00, 0x00, 0x00, 0x00, 0x00, 0x00, 0x00, 0x00, 0xa6, 0x31, 0xa6, 0x31,
  0xa6, 0x31, 0xa6, 0x31, 0xa6, 0x31, 0xa6, 0x31, 0xa6, 0x31, 0x00, 0x00, 0x00, 0x00, 0x00, 0x00,
  0x00, 0x00, 0x00, 0x00, 0x00, 0x00, 0x00, 0x00, 0x00, 0x00, 0x00, 0x00, 0x00, 0x00, 0x00, 0x00,
  0x00, 0x00, 0x00, 0x00, 0x00, 0x00, 0x00, 0x00, 0x00, 0x00, 0x00, 0x00, 0x00, 0x00, 0x00, 0x00,
  0x00, 0x00, 0x00, 0x00, 0x00, 0x00, 0x00, 0x00, 0x00, 0x00, 0x00, 0x00, 0x00, 0x00, 0x00, 0x00,
  0x00, 0x00, 0x00, 0x00, 0x00, 0x00, 0x00, 0x00, 0x00, 0x00, 0x00, 0x00, 0x00, 0x00, 0x00, 0x00,
  0x00, 0x00, 0x00, 0x00, 0x00, 0x00, 0x00, 0x00, 0xa6, 0x31, 0xa6, 0x31, 0xa6, 0x31, 0xa6, 0x31,
  0xa6, 0x31, 0xa6, 0x31, 0xa6, 0x31, 0x00, 0x00, 0x00, 0x00, 0x00, 0x00, 0x00, 0x00, 0x00, 0x00,
  0x00, 0x00, 0x00, 0x00, 0x00, 0x00, 0x00, 0x00, 0x00, 0x00, 0x00, 0x00, 0x00, 0x00, 0x00, 0x00,
  0x00, 0x00, 0x00, 0x00, 0x00, 0x00, 0x00, 0x00, 0x00, 0x00, 0x00, 0x00, 0x00, 0x00, 0x00, 0x00,
  0x00, 0x00, 0x00, 0x00, 0xa6, 0x31, 0xa6, 0x31, 0xa6, 0x31, 0xa6, 0x31, 0xa6, 0x31, 0xa6, 0x31,
  0xa6, 0x31, 0x00, 0x00, 0x00, 0x00, 0x00, 0x00, 0x00, 0x00, 0x86, 0x31, 0xa6, 0x31, 0xa6, 0x31,
  0xa6, 0x31, 0xa6, 0x31, 0xa6, 0x31, 0x86, 0x31, 0x00, 0x00, 0x00, 0x00, 0x00, 0x00, 0x00, 0x00,
  0xa7, 0x39, 0xa6, 0x31, 0xa6, 0x31, 0xa6, 0x31, 0xa6, 0x31, 0xa6, 0x31, 0xa6, 0x31, 0x00, 0x00,
  0x00, 0x00, 0x00, 0x00, 0x00, 0x00, 0x00, 0x00, 0x00, 0x00, 0x00, 0x00, 0x00, 0x00, 0x00, 0x00,
  0x00, 0x00, 0x00, 0x00, 0x00, 0x00, 0x00, 0x00, 0x00, 0x00, 0x00, 0x00, 0x00, 0x00, 0x00, 0x00,
  0xa6, 0x31, 0xa6, 0x31, 0xa6, 0x31, 0xa6, 0x31, 0xa6, 0x31, 0xa6, 0x31, 0xa6, 0x31, 0x00, 0x00,
  0x00, 0x00, 0x00, 0x00, 0x00, 0x00, 0x00, 0x00, 0x00, 0x00, 0x00, 0x00, 0x00, 0x00, 0x00, 0x00,
  0x00, 0x00, 0x00, 0x00, 0x00, 0x00, 0x00, 0x00, 0x00, 0x00, 0x00, 0x00, 0x00, 0x00, 0x00, 0x00,
  0x00, 0x00, 0x00, 0x00, 0x00, 0x00, 0x00, 0x00, 0x00, 0x00, 0x00, 0x00, 0x00, 0x00, 0x00, 0x00,
  0x00, 0x00, 0x00, 0x00, 0x00, 0x00, 0x00, 0x00, 0x00, 0x00, 0x00, 0x00, 0x00, 0x00, 0x00, 0x00,
  0x00, 0x00, 0x00, 0x00, 0x00, 0x00, 0x00, 0x00, 0x00, 0x00, 0x00, 0x00, 0xa6, 0x31, 0xa6, 0x31,
  0xa6, 0x31, 0xa6, 0x31, 0xa6, 0x31, 0xa6, 0x31, 0xa6, 0x31, 0x00, 0x00, 0x00, 0x00, 0x00, 0x00,
  0x00, 0x00, 0x00, 0x00, 0xa6, 0x31, 0xa6, 0x31, 0xa6, 0x31, 0xa6, 0x31, 0xa6, 0x31, 0xa6, 0x31,
  0xa7, 0x39, 0x00, 0x00, 0x00, 0x00, 0x00, 0x00, 0x00, 0x00, 0x00, 0x00, 0x00, 0x00, 0x00, 0x00,
  0x00, 0x00, 0x00, 0x00, 0x00, 0x00, 0x00, 0x00, 0x00, 0x00, 0x00, 0x00, 0x00, 0x00, 0x00, 0x00,
  0x00, 0x00, 0x00, 0x00, 0x00, 0x00, 0x00, 0x00, 0x00, 0x00, 0x00, 0x00, 0x00, 0x00, 0x00, 0x00,
  0xa6, 0x31, 0xa6, 0x31, 0xa6, 0x31, 0xa6, 0x31, 0xa6, 0x31, 0xa6, 0x31, 0x86, 0x31, 0x00, 0x00,
  0x00, 0x00, 0x00, 0x00, 0x00, 0x00, 0x00, 0x00, 0x00, 0x00, 0x00, 0x00, 0x00, 0x00, 0x00, 0x00,
  0x00, 0x00, 0x00, 0x00, 0xa6, 0x31, 0xa6, 0x31, 0xa6, 0x31, 0xa6, 0x31, 0xa6, 0x31, 0xa6, 0x31,
  0x86, 0x31, 0x00, 0x00, 0x00, 0x00, 0x00, 0x00, 0x00, 0x00, 0x00, 0x00, 0xa6, 0x31, 0xa6, 0x31,
  0xa6, 0x31, 0xa6, 0x31, 0xa6, 0x31, 0xa6, 0x31, 0xa6, 0x31, 0x00, 0x00, 0x00, 0x00, 0x00, 0x00,
  0x00, 0x00, 0x00, 0x00, 0x00, 0x00, 0x00, 0x00, 0x00, 0x00, 0x00, 0x00, 0x00, 0x00, 0x00, 0x00,
  0x00, 0x00, 0x00, 0x00, 0x00, 0x00, 0x00, 0x00, 0x00, 0x00, 0x00, 0x00, 0x00, 0x00, 0x00, 0x00,
  0x00, 0x00, 0x00, 0x00, 0x00, 0x00, 0x00, 0x00, 0x00, 0x00, 0x00, 0x00, 0x00, 0x00, 0x00, 0x00,
  0x00, 0x00, 0x00, 0x00, 0x00, 0x00, 0x00, 0x00, 0x00, 0x00, 0x00, 0x00, 0x00, 0x00, 0x00, 0x00,
  0x00, 0x00, 0x00, 0x00, 0x00, 0x00, 0x00, 0x00, 0xa6, 0x31, 0xa6, 0x31, 0xa6, 0x31, 0xa6, 0x31,
  0xa6, 0x31, 0xa6, 0x31, 0xa6, 0x31, 0x00, 0x00, 0x00, 0x00, 0x00, 0x00, 0x00, 0x00, 0x00, 0x00,
  0x00, 0x00, 0x00, 0x00, 0x00, 0x00, 0x00, 0x00, 0x00, 0x00, 0x00, 0x00, 0x00, 0x00, 0x00, 0x00,
  0x00, 0x00, 0x00, 0x00, 0x00, 0x00, 0x00, 0x00, 0x00, 0x00, 0x00, 0x00, 0x00, 0x00, 0x00, 0x00,
  0x00, 0x00, 0x00, 0x00, 0xa6, 0x31, 0xa6, 0x31, 0xa6, 0x31, 0xa6, 0x31, 0xa6, 0x31, 0xa6, 0x31,
  0xa6, 0x31, 0x00, 0x00, 0x00, 0x00, 0x00, 0x00, 0x00, 0x00, 0x86, 0x31, 0xa6, 0x31, 0xa6, 0x31,
  0xa6, 0x31, 0xa6, 0x31, 0xa6, 0x31, 0x86, 0x31, 0x00, 0x00, 0x00, 0x00, 0x00, 0x00, 0x00, 0x00,
  0xa7, 0x39, 0xa6, 0x31, 0xa6, 0x31, 0xa6, 0x31, 0xa6, 0x31, 0xa6, 0x31, 0xa6, 0x31, 0x00, 0x00,
  0x00, 0x00, 0x00, 0x00, 0x00, 0x00, 0x00, 0x00, 0x00, 0x00, 0x00, 0x00, 0x00, 0x00, 0x00, 0x00,
  0x00, 0x00, 0x00, 0x00, 0x00, 0x00, 0x00, 0x00, 0x00, 0x00, 0x00, 0x00, 0x00, 0x00, 0x00, 0x00,
  0xa6, 0x31, 0xa6, 0x31, 0xa6, 0x31, 0xa6, 0x31, 0xa6, 0x31, 0xa6, 0x31, 0xa6, 0x31, 0x00, 0x00,
  0x00, 0x00, 0x00, 0x00, 0x00, 0x00, 0x00, 0x00, 0x00, 0x00, 0x00, 0x00, 0x00, 0x00, 0x00, 0x00,
  0x00, 0x00, 0x00, 0x00, 0x00, 0x00, 0x00, 0x00, 0x00, 0x00, 0x00, 0x00, 0x00, 0x00, 0x00, 0x00,
  0x00, 0x00, 0x00, 0x00, 0x00, 0x00, 0x00, 0x00, 0x00, 0x00, 0x00, 0x00, 0x00, 0x00, 0x00, 0x00,
  0x00, 0x00, 0x00, 0x00, 0x00, 0x00, 0x00, 0x00, 0x00, 0x00, 0x00, 0x00, 0x00, 0x00, 0x00, 0x00,
  0x00, 0x00, 0x00, 0x00, 0x00, 0x00, 0x00, 0x00, 0x00, 0x00, 0x00, 0x00, 0xa6, 0x31, 0xa6, 0x31,
  0xa6, 0x31, 0xa6, 0x31, 0xa6, 0x31, 0xa6, 0x31, 0xa6, 0x31, 0x00, 0x00, 0x00, 0x00, 0x00, 0x00,
  0x00, 0x00, 0x00, 0x00, 0xa6, 0x31, 0xa6, 0x31, 0xa6, 0x31, 0xa6, 0x31, 0xa6, 0x31, 0xa6, 0x31,
  0xa7, 0x39, 0x00, 0x00, 0x00, 0x00, 0x00, 0x00, 0x00, 0x00, 0x00, 0x00, 0x00, 0x00, 0x00, 0x00,
  0x00, 0x00, 0x00, 0x00, 0x00, 0x00, 0x00, 0x00, 0x00, 0x00, 0x00, 0x00, 0x00, 0x00, 0x00, 0x00,
  0x00, 0x00, 0x00, 0x00, 0x00, 0x00, 0x00, 0x00, 0x00, 0x00, 0x00, 0x00, 0x00, 0x00, 0x00, 0x00,
  0xa6, 0x31, 0xa6, 0x31, 0xa6, 0x31, 0xa6, 0x31, 0xa6, 0x31, 0xa6, 0x31, 0x86, 0x31, 0x00, 0x00,
  0x00, 0x00, 0x00, 0x00, 0x00, 0x00, 0x00, 0x00, 0x00, 0x00, 0x00, 0x00, 0x00, 0x00, 0x00, 0x00,
  0x00, 0x00, 0x00, 0x00, 0xa6, 0x31, 0xa6, 0x31, 0xa6, 0x31, 0xa6, 0x31, 0xa6, 0x31, 0xa6, 0x31,
  0xa6, 0x31, 0x00, 0x00, 0x00, 0x00, 0x00, 0x00, 0x00, 0x00, 0x00, 0x00, 0xa6, 0x31, 0xa6, 0x31,
  0xa6, 0x31, 0xa6, 0x31, 0xa6, 0x31, 0xa6, 0x31, 0xa6, 0x31, 0x00, 0x00, 0x00, 0x00, 0x00, 0x00,
  0x00, 0x00, 0x00, 0x00, 0x00, 0x00, 0x00, 0x00, 0x00, 0x00, 0x00, 0x00, 0x00, 0x00, 0x00, 0x00,
  0x00, 0x00, 0x00, 0x00, 0x00, 0x00, 0x00, 0x00, 0x00, 0x00, 0x00, 0x00, 0x00, 0x00, 0x00, 0x00,
  0x00, 0x00, 0x00, 0x00, 0x00, 0x00, 0x00, 0x00, 0x00, 0x00, 0x00, 0x00, 0x00, 0x00, 0x00, 0x00,
  0x00, 0x00, 0x00, 0x00, 0x00, 0x00, 0x00, 0x00, 0x00, 0x00, 0x00, 0x00, 0x00, 0x00, 0x00, 0x00,
  0x00, 0x00, 0x00, 0x00, 0x00, 0x00, 0x00, 0x00, 0xa6, 0x31, 0xa6, 0x31, 0xa6, 0x31, 0xa6, 0x31,
  0xa6, 0x31, 0xa6, 0x31, 0xa6, 0x31, 0x00, 0x00, 0x00, 0x00, 0x00, 0x00, 0x00, 0x00, 0x00, 0x00,
  0x00, 0x00, 0x00, 0x00, 0x00, 0x00, 0x00, 0x00, 0x00, 0x00, 0x00, 0x00, 0x00, 0x00, 0x00, 0x00,
  0x00, 0x00, 0x00, 0x00, 0x00, 0x00, 0x00, 0x00, 0x00, 0x00, 0x00, 0x00, 0x00, 0x00, 0x00, 0x00,
  0x00, 0x00, 0x00, 0x00, 0xa6, 0x31, 0xa6, 0x31, 0xa6, 0x31, 0xa6, 0x31, 0xa6, 0x31, 0xa6, 0x31,
  0xa6, 0x31, 0x00, 0x00, 0x00, 0x00, 0x00, 0x00, 0x00, 0x00, 0x86, 0x31, 0xa6, 0x31, 0xa6, 0x31,
  0xa6, 0x31, 0xa6, 0x31, 0xa6, 0x31, 0x86, 0x31, 0x00, 0x00, 0x00, 0x00, 0x00, 0x00, 0x00, 0x00,
  0xa7, 0x39, 0xa6, 0x31, 0xa6, 0x31, 0xa6, 0x31, 0xa6, 0x31, 0xa6, 0x31, 0xa6, 0x31, 0x00, 0x00,
  0x00, 0x00, 0x00, 0x00, 0x00, 0x00, 0x00, 0x00, 0x00, 0x00, 0x00, 0x00, 0x00, 0x00, 0x00, 0x00,
  0x00, 0x00, 0x00, 0x00, 0x00, 0x00, 0x00, 0x00, 0x00, 0x00, 0x00, 0x00, 0x00, 0x00, 0x00, 0x00,
  0xa6, 0x31, 0xa6, 0x31, 0xa6, 0x31, 0xa6, 0x31, 0xa6, 0x31, 0xa6, 0x31, 0xa6, 0x31, 0x00, 0x00,
  0x00, 0x00, 0x00, 0x00, 0x00, 0x00, 0x00, 0x00, 0x00, 0x00, 0x00, 0x00, 0x00, 0x00, 0x00, 0x00,
  0x00, 0x00, 0x00, 0x00, 0x00, 0x00, 0x00, 0x00, 0x00, 0x00, 0x00, 0x00, 0x00, 0x00, 0x00, 0x00,
  0x00, 0x00, 0x00, 0x00, 0x00, 0x00, 0x00, 0x00, 0x00, 0x00, 0x00, 0x00, 0x00, 0x00, 0x00, 0x00,
  0x00, 0x00, 0x00, 0x00, 0x00, 0x00, 0x00, 0x00, 0x00, 0x00, 0x00, 0x00, 0x00, 0x00, 0x00, 0x00,
  0x00, 0x00, 0x00, 0x00, 0x00, 0x00, 0x00, 0x00, 0x00, 0x00, 0x00, 0x00, 0xa6, 0x31, 0xa6, 0x31,
  0xa6, 0x31, 0xa6, 0x31, 0xa6, 0x31, 0xa6, 0x31, 0xa6, 0x31, 0x00, 0x00, 0x00, 0x00, 0x00, 0x00,
  0x00, 0x00, 0x00, 0x00, 0xa6, 0x31, 0xa6, 0x31, 0xa6, 0x31, 0xa6, 0x31, 0xa6, 0x31, 0xa6, 0x31,
  0xa7, 0x39, 0x00, 0x00, 0x00, 0x00, 0x00, 0x00, 0x00, 0x00, 0x00, 0x00, 0x00, 0x00, 0x00, 0x00,
  0x00, 0x00, 0x00, 0x00, 0x00, 0x00, 0x00, 0x00, 0x00, 0x00, 0x00, 0x00, 0x00, 0x00, 0x00, 0x00,
  0x00, 0x00, 0x00, 0x00, 0x00, 0x00, 0x00, 0x00, 0x00, 0x00, 0x00, 0x00, 0x00, 0x00, 0x00, 0x00,
  0xa6, 0x31, 0xa6, 0x31, 0xa6, 0x31, 0xa6, 0x31, 0xa6, 0x31, 0xa6, 0x31, 0x86, 0x31, 0x00, 0x00,
  0x00, 0x00, 0x00, 0x00, 0x00, 0x00, 0x00, 0x00, 0x00, 0x00, 0x00, 0x00, 0x00, 0x00, 0x00, 0x00,
  0x00, 0x00, 0x00, 0x00, 0x86, 0x31, 0xa6, 0x31, 0xa6, 0x31, 0xa6, 0x31, 0xa6, 0x31, 0xa6, 0x31,
  0xa6, 0x31, 0x00, 0x00, 0x00, 0x00, 0x00, 0x00, 0x00, 0x00, 0x00, 0x00, 0xa6, 0x31, 0xa6, 0x31,
  0xa6, 0x31, 0xa6, 0x31, 0xa6, 0x31, 0xa6, 0x31, 0xa6, 0x31, 0x00, 0x00, 0x00, 0x00, 0x00, 0x00,
  0x00, 0x00, 0x00, 0x00, 0x00, 0x00, 0x00, 0x00, 0x00, 0x00, 0x00, 0x00, 0x00, 0x00, 0x00, 0x00,
  0x00, 0x00, 0x00, 0x00, 0x00, 0x00, 0x00, 0x00, 0x00, 0x00, 0x00, 0x00, 0x00, 0x00, 0x00, 0x00,
  0x00, 0x00, 0x00, 0x00, 0x00, 0x00, 0x00, 0x00, 0x00, 0x00, 0x00, 0x00, 0x00, 0x00, 0x00, 0x00,
  0x00, 0x00, 0x00, 0x00, 0x00, 0x00, 0x00, 0x00, 0x00, 0x00, 0x00, 0x00, 0x00, 0x00, 0x00, 0x00,
  0x00, 0x00, 0x00, 0x00, 0x00, 0x00, 0x00, 0x00, 0xa6, 0x31, 0xa6, 0x31, 0xa6, 0x31, 0xa6, 0x31,
  0xa6, 0x31, 0xa6, 0x31, 0xa6, 0x31, 0x00, 0x00, 0x00, 0x00, 0x00, 0x00, 0x00, 0x00, 0x00, 0x00,
  0x00, 0x00, 0x00, 0x00, 0x00, 0x00, 0x00, 0x00, 0x00, 0x00, 0x00, 0x00, 0x00, 0x00, 0x00, 0x00,
  0x00, 0x00, 0x00, 0x00, 0x00, 0x00, 0x00, 0x00, 0x00, 0x00, 0x00, 0x00, 0x00, 0x00, 0x00, 0x00,
  0x00, 0x00, 0x00, 0x00, 0xa6, 0x31, 0xa6, 0x31, 0xa6, 0x31, 0xa6, 0x31, 0xa6, 0x31, 0xa6, 0x31,
  0xa6, 0x31, 0x00, 0x00, 0x00, 0x00, 0x00, 0x00, 0x00, 0x00, 0x86, 0x31, 0xa6, 0x31, 0xa6, 0x31,
  0xa6, 0x31, 0xa6, 0x31, 0xa6, 0x31, 0x86, 0x31, 0x00, 0x00, 0x00, 0x00, 0x00, 0x00, 0x00, 0x00,
  0xa7, 0x39, 0xa6, 0x31, 0xa6, 0x31, 0xa6, 0x31, 0xa6, 0x31, 0xa6, 0x31, 0xa6, 0x31, 0x00, 0x00,
  0x00, 0x00, 0x00, 0x00, 0x00, 0x00, 0x00, 0x00, 0x00, 0x00, 0x00, 0x00, 0x00, 0x00, 0x00, 0x00,
  0x00, 0x00, 0x00, 0x00, 0x00, 0x00, 0x00, 0x00, 0x00, 0x00, 0x00, 0x00, 0x00, 0x00, 0x00, 0x00,
  0xa6, 0x31, 0xa6, 0x31, 0xa6, 0x31, 0xa6, 0x31, 0xa6, 0x31, 0xa6, 0x31, 0x86, 0x31, 0x00, 0x00,
  0x00, 0x00, 0x00, 0x00, 0x00, 0x00, 0x00, 0x00, 0x00, 0x00, 0x00, 0x00, 0x00, 0x00, 0x00, 0x00,
  0x00, 0x00, 0x00, 0x00, 0x00, 0x00, 0x00, 0x00, 0x00, 0x00, 0x00, 0x00, 0x00, 0x00, 0x00, 0x00,
  0x00, 0x00, 0x00, 0x00, 0x00, 0x00, 0x00, 0x00, 0x00, 0x00, 0x00, 0x00, 0x00, 0x00, 0x00, 0x00,
  0x00, 0x00, 0x00, 0x00, 0x00, 0x00, 0x00, 0x00, 0x00, 0x00, 0x00, 0x00, 0x00, 0x00, 0x00, 0x00,
  0x00, 0x00, 0x00, 0x00, 0x00, 0x00, 0x00, 0x00, 0x00, 0x00, 0x00, 0x00, 0x86, 0x31, 0xa6, 0x31,
  0xa6, 0x31, 0xa6, 0x31, 0xa6, 0x31, 0xa6, 0x31, 0xa6, 0x31, 0x00, 0x00, 0x00, 0x00, 0x00, 0x00,
  0x00, 0x00, 0x00, 0x00, 0xa6, 0x31, 0xa6, 0x31, 0xa6, 0x31, 0xa6, 0x31, 0xa6, 0x31, 0xa6, 0x31,
  0xa7, 0x39, 0x00, 0x00, 0x00, 0x00, 0x00, 0x00, 0x00, 0x00, 0x00, 0x00, 0x00, 0x00, 0x00, 0x00,
  0x00, 0x00, 0x00, 0x00, 0x00, 0x00, 0x00, 0x00, 0x00, 0x00, 0x00, 0x00, 0x00, 0x00, 0x00, 0x00,
  0x00, 0x00, 0x00, 0x00, 0x00, 0x00, 0x00, 0x00, 0x00, 0x00, 0x00, 0x00, 0x00, 0x00, 0x00, 0x00,
  0xa6, 0x31, 0xa6, 0x31, 0xa6, 0x31, 0xa6, 0x31, 0xa6, 0x31, 0xa6, 0x31, 0x86, 0x31, 0x00, 0x00,
  0x00, 0x00, 0x00, 0x00, 0x00, 0x00, 0x00, 0x00, 0x00, 0x00, 0x00, 0x00, 0x00, 0x00, 0x00, 0x00,
  0x00, 0x00, 0x00, 0x00, 0xa7, 0x39, 0xa6, 0x31, 0xa6, 0x31, 0xa6, 0x31, 0xa6, 0x31, 0xa6, 0x31,
  0xa6, 0x31, 0x86, 0x31, 0x00, 0x00, 0x00, 0x00, 0x00, 0x00, 0x00, 0x00, 0xa6, 0x31, 0xa6, 0x31,
  0xa6, 0x31, 0xa6, 0x31, 0xa6, 0x31, 0xa6, 0x31, 0xa6, 0x31, 0x00, 0x00, 0x00, 0x00, 0x00, 0x00,
  0x00, 0x00, 0x00, 0x00, 0x00, 0x00, 0x00, 0x00, 0x00, 0x00, 0x00, 0x00, 0x00, 0x00, 0x00, 0x00,
  0x00, 0x00, 0x00, 0x00, 0x00, 0x00, 0x00, 0x00, 0x00, 0x00, 0x00, 0x00, 0x00, 0x00, 0x00, 0x00,
  0x00, 0x00, 0x00, 0x00, 0x00, 0x00, 0x00, 0x00, 0x00, 0x00, 0x00, 0x00, 0x00, 0x00, 0x00, 0x00,
  0x00, 0x00, 0x00, 0x00, 0x00, 0x00, 0x00, 0x00, 0x00, 0x00, 0x00, 0x00, 0x00, 0x00, 0x00, 0x00,
  0x00, 0x00, 0x00, 0x00, 0x00, 0x00, 0x00, 0x00, 0xa6, 0x31, 0xa6, 0x31, 0xa6, 0x31, 0xa6, 0x31,
  0xa6, 0x31, 0xa6, 0x31, 0xa6, 0x31, 0x00, 0x00, 0x00, 0x00, 0x00, 0x00, 0x00, 0x00, 0x00, 0x00,
  0x00, 0x00, 0x00, 0x00, 0x00, 0x00, 0x00, 0x00, 0x00, 0x00, 0x00, 0x00, 0x00, 0x00, 0x00, 0x00,
  0x00, 0x00, 0x00, 0x00, 0x00, 0x00, 0x00, 0x00, 0x00, 0x00, 0x00, 0x00, 0x00, 0x00, 0x00, 0x00,
  0x00, 0x00, 0x00, 0x00, 0x86, 0x31, 0xa6, 0x31, 0xa6, 0x31, 0xa6, 0x31, 0xa6, 0x31, 0xa6, 0x31,
  0x86, 0x31, 0x00, 0x00, 0x00, 0x00, 0x00, 0x00, 0x00, 0x00, 0x86, 0x31, 0xa6, 0x31, 0xa6, 0x31,
  0xa6, 0x31, 0xa6, 0x31, 0xa6, 0x31, 0x86, 0x31, 0x00, 0x00, 0x00, 0x00, 0x00, 0x00, 0x00, 0x00,
  0xa7, 0x39, 0xa6, 0x31, 0xa6, 0x31, 0xa6, 0x31, 0xa6, 0x31, 0xa6, 0x31, 0xa6, 0x31, 0x00, 0x00,
  0x00, 0x00, 0x00, 0x00, 0x00, 0x00, 0x00, 0x00, 0x00, 0x00, 0x00, 0x00, 0x00, 0x00, 0x00, 0x00,
  0x00, 0x00, 0x00, 0x00, 0x00, 0x00, 0x00, 0x00, 0x00, 0x00, 0x00, 0x00, 0x00, 0x00, 0x00, 0x00,
  0xa6, 0x31, 0xa6, 0x31, 0xa6, 0x31, 0xa6, 0x31, 0xa6, 0x31, 0xa6, 0x31, 0xa6, 0x31, 0x00, 0x00,
  0x00, 0x00, 0x00, 0x00, 0x00, 0x00, 0x00, 0x00, 0x00, 0x00, 0x00, 0x00, 0x00, 0x00, 0x00, 0x00,
  0x00, 0x00, 0x00, 0x00, 0x00, 0x00, 0x00, 0x00, 0x00, 0x00, 0x00, 0x00, 0x00, 0x00, 0x00, 0x00,
  0x00, 0x00, 0x00, 0x00, 0x00, 0x00, 0x00, 0x00, 0x00, 0x00, 0x00, 0x00, 0x00, 0x00, 0x00, 0x00,
  0x00, 0x00, 0x00, 0x00, 0x00, 0x00, 0x00, 0x00, 0x00, 0x00, 0x00, 0x00, 0x00, 0x00, 0x00, 0x00,
  0x00, 0x00, 0x00, 0x00, 0x00, 0x00, 0x00, 0x00, 0x00, 0x00, 0x00, 0x00, 0xa6, 0x31, 0xa6, 0x31,
  0xa6, 0x31, 0xa6, 0x31, 0xa6, 0x31, 0xa6, 0x31, 0xa6, 0x31, 0x00, 0x00, 0x00, 0x00, 0x00, 0x00,
  0x00, 0x00, 0x00, 0x00, 0xa6, 0x31, 0xa6, 0x31, 0xa6, 0x31, 0xa6, 0x31, 0xa6, 0x31, 0xa6, 0x31,
  0xa7, 0x39, 0x00, 0x00, 0x00, 0x00, 0x00, 0x00, 0x00, 0x00, 0x00, 0x00, 0x00, 0x00, 0x00, 0x00,
  0x00, 0x00, 0x00, 0x00, 0x00, 0x00, 0x00, 0x00, 0x00, 0x00, 0x00, 0x00, 0x00, 0x00, 0x00, 0x00,
  0x00, 0x00, 0x00, 0x00, 0x00, 0x00, 0x00, 0x00, 0x00, 0x00, 0x00, 0x00, 0x00, 0x00, 0x00, 0x00,
  0xa6, 0x31, 0xa6, 0x31, 0xa6, 0x31, 0xa6, 0x31, 0xa6, 0x31, 0xa6, 0x31, 0x86, 0x31, 0x00, 0x00,
  0x00, 0x00, 0x00, 0x00, 0x00, 0x00, 0x00, 0x00, 0x00, 0x00, 0x00, 0x00, 0x00, 0x00, 0x00, 0x00,
  0x00, 0x00, 0x00, 0x00, 0xc7, 0x39, 0xa6, 0x31, 0xa6, 0x31, 0xa6, 0x31, 0xa6, 0x31, 0xa6, 0x31,
  0xa6, 0x31, 0xa6, 0x31, 0x00, 0x00, 0x00, 0x00, 0x00, 0x00, 0x00, 0x00, 0xa6, 0x31, 0xa6, 0x31,
  0xa6, 0x31, 0xa6, 0x31, 0xa6, 0x31, 0xa6, 0x31, 0x86, 0x31, 0xab, 0x5a, 0x00, 0x00, 0x00, 0x00,
  0x00, 0x00, 0x00, 0x00, 0x00, 0x00, 0x00, 0x00, 0x00, 0x00, 0x00, 0x00, 0x00, 0x00, 0x00, 0x00,
  0x00, 0x00, 0x00, 0x00, 0x00, 0x00, 0x00, 0x00, 0x00, 0x00, 0x00, 0x00, 0x00, 0x00, 0x00, 0x00,
  0x00, 0x00, 0x00, 0x00, 0x00, 0x00, 0x00, 0x00, 0x00, 0x00, 0x00, 0x00, 0x00, 0x00, 0x00, 0x00,
  0x00, 0x00, 0x00, 0x00, 0x00, 0x00, 0x00, 0x00, 0x00, 0x00, 0x00, 0x00, 0x00, 0x00, 0x00, 0x00,
  0x00, 0x00, 0x00, 0x00, 0x00, 0x00, 0x00, 0x00, 0x86, 0x31, 0xa6, 0x31, 0xa6, 0x31, 0xa6, 0x31,
  0xa6, 0x31, 0xa6, 0x31, 0xa6, 0x31, 0x00, 0x00, 0x00, 0x00, 0x00, 0x00, 0x00, 0x00, 0x00, 0x00,
  0x00, 0x00, 0x00, 0x00, 0x00, 0x00, 0x00, 0x00, 0x00, 0x00, 0x00, 0x00, 0x00, 0x00, 0x00, 0x00,
  0x00, 0x00, 0x00, 0x00, 0x00, 0x00, 0x00, 0x00, 0x00, 0x00, 0x00, 0x00, 0x00, 0x00, 0x00, 0x00,
  0x00, 0x00, 0x86, 0x31, 0xa6, 0x31, 0xa6, 0x31, 0xa6, 0x31, 0xa6, 0x31, 0xa6, 0x31, 0xa6, 0x31,
  0x86, 0x31, 0x00, 0x00, 0x00, 0x00, 0x00, 0x00, 0x00, 0x00, 0x86, 0x31, 0xa6, 0x31, 0xa6, 0x31,
  0xa6, 0x31, 0xa6, 0x31, 0xa6, 0x31, 0x86, 0x31, 0x00, 0x00, 0x00, 0x00, 0x00, 0x00, 0x00, 0x00,
  0xa7, 0x39, 0xa6, 0x31, 0xa6, 0x31, 0xa6, 0x31, 0xa6, 0x31, 0xa6, 0x31, 0xa6, 0x31, 0x00, 0x00,
  0x00, 0x00, 0x00, 0x00, 0x00, 0x00, 0x00, 0x00, 0x00, 0x00, 0x00, 0x00, 0x00, 0x00, 0x00, 0x00,
  0x00, 0x00, 0x00, 0x00, 0x00, 0x00, 0x00, 0x00, 0x00, 0x00, 0x00, 0x00, 0x00, 0x00, 0x00, 0x00,
  0xa6, 0x31, 0xa6, 0x31, 0xa6, 0x31, 0xa6, 0x31, 0xa6, 0x31, 0xa6, 0x31, 0xa6, 0x31, 0xa6, 0x31,
  0xa6, 0x31, 0xa6, 0x31, 0xa6, 0x31, 0xa6, 0x31, 0xa6, 0x31, 0xa6, 0x31, 0xa6, 0x31, 0xa6, 0x31,
  0xa6, 0x31, 0xa6, 0x31, 0xa6, 0x31, 0xa6, 0x31, 0xa6, 0x31, 0xa6, 0x31, 0xa6, 0x31, 0x86, 0x31,
  0x00, 0x00, 0x00, 0x00, 0x00, 0x00, 0x00, 0x00, 0xa6, 0x31, 0xa6, 0x31, 0xa6, 0x31, 0xa6, 0x31,
  0xa6, 0x31, 0xa6, 0x31, 0xa6, 0x31, 0xa6, 0x31, 0xa6, 0x31, 0xa6, 0x31, 0xa6, 0x31, 0xa6, 0x31,
  0xa6, 0x31, 0xa6, 0x31, 0xa6, 0x31, 0xa6, 0x31, 0xa6, 0x31, 0xa6, 0x31, 0xa6, 0x31, 0xa6, 0x31,
  0xa6, 0x31, 0xa6, 0x31, 0xa6, 0x31, 0xa6, 0x31, 0x86, 0x31, 0x00, 0x00, 0x00, 0x00, 0x00, 0x00,
  0x00, 0x00, 0x00, 0x00, 0xa6, 0x31, 0xa6, 0x31, 0xa6, 0x31, 0xa6, 0x31, 0xa6, 0x31, 0xa6, 0x31,
  0xa7, 0x39, 0x00, 0x00, 0x00, 0x00, 0x00, 0x00, 0x00, 0x00, 0x00, 0x00, 0x00, 0x00, 0x00, 0x00,
  0x00, 0x00, 0x00, 0x00, 0x00, 0x00, 0x00, 0x00, 0x00, 0x00, 0x00, 0x00, 0x00, 0x00, 0x00, 0x00,
  0x00, 0x00, 0x00, 0x00, 0x00, 0x00, 0x00, 0x00, 0x00, 0x00, 0x00, 0x00, 0x00, 0x00, 0x00, 0x00,
  0xa6, 0x31, 0xa6, 0x31, 0xa6, 0x31, 0xa6, 0x31, 0xa6, 0x31, 0xa6, 0x31, 0x86, 0x31, 0x00, 0x00,
  0x00, 0x00, 0x00, 0x00, 0x00, 0x00, 0x00, 0x00, 0x00, 0x00, 0x00, 0x00, 0x00, 0x00, 0x00, 0x00,
  0x00, 0x00, 0x00, 0x00, 0x00, 0x00, 0xa6, 0x31, 0xa6, 0x31, 0xa6, 0x31, 0xa6, 0x31, 0xa6, 0x31,
  0xa6, 0x31, 0xa6, 0x31, 0x00, 0x00, 0x00, 0x00, 0x00, 0x00, 0x00, 0x00, 0x86, 0x31, 0xa6, 0x31,
  0xa6, 0x31, 0xa6, 0x31, 0xa6, 0x31, 0xa6, 0x31, 0xa6, 0x31, 0xa6, 0x31, 0xa6, 0x31, 0xa6, 0x31,
  0xa6, 0x31, 0xa6, 0x31, 0xa6, 0x31, 0xa6, 0x31, 0xa6, 0x31, 0xa6, 0x31, 0xa6, 0x31, 0xa6, 0x31,
  0xa6, 0x31, 0xa6, 0x31, 0xa6, 0x31, 0xa6, 0x31, 0xa6, 0x31, 0xa6, 0x31, 0x00, 0x00, 0x00, 0x00,
  0x00, 0x00, 0x00, 0x00, 0xa6, 0x31, 0xa6, 0x31, 0xa6, 0x31, 0xa6, 0x31, 0xa6, 0x31, 0xa6, 0x31,
  0xa6, 0x31, 0xa6, 0x31, 0xa6, 0x31, 0xa6, 0x31, 0xa6, 0x31, 0xa6, 0x31, 0xa6, 0x31, 0xa6, 0x31,
  0xa6, 0x31, 0xa6, 0x31, 0xa6, 0x31, 0xa6, 0x31, 0xa6, 0x31, 0xa6, 0x31, 0xa6, 0x31, 0xa6, 0x31,
  0xa6, 0x31, 0xa6, 0x31, 0xa6, 0x31, 0x00, 0x00, 0x00, 0x00, 0x00, 0x00, 0x00, 0x00, 0xa7, 0x39,
  0xa6, 0x31, 0xa6, 0x31, 0xa6, 0x31, 0xa6, 0x31, 0xa6, 0x31, 0xa6, 0x31, 0xa6, 0x31, 0xa6, 0x31,
  0xa6, 0x31, 0xa6, 0x31, 0xa6, 0x31, 0xa6, 0x31, 0xa6, 0x31, 0xa6, 0x31, 0xa6, 0x31, 0xa6, 0x31,
  0xa6, 0x31, 0xa6, 0x31, 0xa6, 0x31, 0xa6, 0x31, 0xa6, 0x31, 0xa6, 0x31, 0xa6, 0x31, 0xa6, 0x31,
  0x86, 0x31, 0x00, 0x00, 0x00, 0x00, 0x00, 0x00, 0x00, 0x00, 0x86, 0x31, 0xa6, 0x31, 0xa6, 0x31,
  0xa6, 0x31, 0xa6, 0x31, 0xa6, 0x31, 0x86, 0x31, 0x00, 0x00, 0x00, 0x00, 0x00, 0x00, 0x00, 0x00,
  0xa7, 0x39, 0xa6, 0x31, 0xa6, 0x31, 0xa6, 0x31, 0xa6, 0x31, 0xa6, 0x31, 0xa6, 0x31, 0x00, 0x00,
  0x00, 0x00, 0x00, 0x00, 0x00, 0x00, 0x00, 0x00, 0x00, 0x00, 0x00, 0x00, 0x00, 0x00, 0x00, 0x00,
  0x00, 0x00, 0x00, 0x00, 0x00, 0x00, 0x00, 0x00, 0x00, 0x00, 0x00, 0x00, 0x00, 0x00, 0x00, 0x00,
  0xa6, 0x31, 0xa6, 0x31, 0xa6, 0x31, 0xa6, 0x31, 0xa6, 0x31, 0xa6, 0x31, 0xa6, 0x31, 0xa6, 0x31,
  0xa6, 0x31, 0xa6, 0x31, 0xa6, 0x31, 0xa6, 0x31, 0xa6, 0x31, 0xa6, 0x31, 0xa6, 0x31, 0xa6, 0x31,
  0xa6, 0x31, 0xa6, 0x31, 0xa6, 0x31, 0xa6, 0x31, 0xa6, 0x31, 0xa6, 0x31, 0xa6, 0x31, 0xa6, 0x31,
  0x00, 0x00, 0x00, 0x00, 0x00, 0x00, 0x00, 0x00, 0x86, 0x31, 0xa6, 0x31, 0xa6, 0x31, 0xa6, 0x31,
  0xa6, 0x31, 0xa6, 0x31, 0xa6, 0x31, 0xa6, 0x31, 0xa6, 0x31, 0xa6, 0x31, 0xa6, 0x31, 0xa6, 0x31,
  0xa6, 0x31, 0xa6, 0x31, 0xa6, 0x31, 0xa6, 0x31, 0xa6, 0x31, 0xa6, 0x31, 0xa6, 0x31, 0xa6, 0x31,
  0xa6, 0x31, 0xa6, 0x31, 0xa6, 0x31, 0xa6, 0x31, 0x86, 0x31, 0x00, 0x00, 0x00, 0x00, 0x00, 0x00,
  0x00, 0x00, 0x00, 0x00, 0xa6, 0x31, 0xa6, 0x31, 0xa6, 0x31, 0xa6, 0x31, 0xa6, 0x31, 0xa6, 0x31,
  0xa7, 0x39, 0x00, 0x00, 0x00, 0x00, 0x00, 0x00, 0x00, 0x00, 0x00, 0x00, 0x00, 0x00, 0x00, 0x00,
  0x00, 0x00, 0x00, 0x00, 0x00, 0x00, 0x00, 0x00, 0x00, 0x00, 0x00, 0x00, 0x00, 0x00, 0x00, 0x00,
  0x00, 0x00, 0x00, 0x00, 0x00, 0x00, 0x00, 0x00, 0x00, 0x00, 0x00, 0x00, 0x00, 0x00, 0x00, 0x00,
  0xa6, 0x31, 0xa6, 0x31, 0xa6, 0x31, 0xa6, 0x31, 0xa6, 0x31, 0xa6, 0x31, 0x86, 0x31, 0x00, 0x00,
  0x00, 0x00, 0x00, 0x00, 0x00, 0x00, 0x00, 0x00, 0x00, 0x00, 0x00, 0x00, 0x00, 0x00, 0x00, 0x00,
  0x00, 0x00, 0x00, 0x00, 0x00, 0x00, 0xa6, 0x31, 0xa6, 0x31, 0xa6, 0x31, 0xa6, 0x31, 0xa6, 0x31,
  0xa6, 0x31, 0xa6, 0x31, 0x00, 0x00, 0x00, 0x00, 0x00, 0x00, 0x00, 0x00, 0xa6, 0x31, 0xa6, 0x31,
  0xa6, 0x31, 0xa6, 0x31, 0xa6, 0x31, 0xa6, 0x31, 0xa6, 0x31, 0xa6, 0x31, 0xa6, 0x31, 0xa6, 0x31,
  0xa6, 0x31, 0xa6, 0x31, 0xa6, 0x31, 0xa6, 0x31, 0xa6, 0x31, 0xa6, 0x31, 0xa6, 0x31, 0xa6, 0x31,
  0xa6, 0x31, 0xa6, 0x31, 0xa6, 0x31, 0xa6, 0x31, 0xa6, 0x31, 0x86, 0x31, 0x00, 0x00, 0x00, 0x00,
  0x00, 0x00, 0x00, 0x00, 0xa6, 0x31, 0xa6, 0x31, 0xa6, 0x31, 0xa6, 0x31, 0xa6, 0x31, 0xa6, 0x31,
  0xa6, 0x31, 0xa6, 0x31, 0xa6, 0x31, 0xa6, 0x31, 0xa6, 0x31, 0xa6, 0x31, 0xa6, 0x31, 0xa6, 0x31,
  0xa6, 0x31, 0xa6, 0x31, 0xa6, 0x31, 0xa6, 0x31, 0xa6, 0x31, 0xa6, 0x31, 0xa6, 0x31, 0xa6, 0x31,
  0xa6, 0x31, 0xa6, 0x31, 0x86, 0x31, 0x00, 0x00, 0x00, 0x00, 0x00, 0x00, 0x00, 0x00, 0xa7, 0x39,
  0xa6, 0x31, 0xa6, 0x31, 0xa6, 0x31, 0xa6, 0x31, 0xa6, 0x31, 0xa6, 0x31, 0xa6, 0x31, 0xa6, 0x31,
  0xa6, 0x31, 0xa6, 0x31, 0xa6, 0x31, 0xa6, 0x31, 0xa6, 0x31, 0xa6, 0x31, 0xa6, 0x31, 0xa6, 0x31,
  0xa6, 0x31, 0xa6, 0x31, 0xa6, 0x31, 0xa6, 0x31, 0xa6, 0x31, 0xa6, 0x31, 0xa6, 0x31, 0xa6, 0x31,
  0x00, 0x00, 0x00, 0x00, 0x00, 0x00, 0x00, 0x00, 0x00, 0x00, 0x86, 0x31, 0xa6, 0x31, 0xa6, 0x31,
  0xa6, 0x31, 0xa6, 0x31, 0xa6, 0x31, 0x86, 0x31, 0x00, 0x00, 0x00, 0x00, 0x00, 0x00, 0x00, 0x00,
  0xa7, 0x39, 0xa6, 0x31, 0xa6, 0x31, 0xa6, 0x31, 0xa6, 0x31, 0xa6, 0x31, 0xa6, 0x31, 0x00, 0x00,
  0x00, 0x00, 0x00, 0x00, 0x00, 0x00, 0x00, 0x00, 0x00, 0x00, 0x00, 0x00, 0x00, 0x00, 0x00, 0x00,
  0x00, 0x00, 0x00, 0x00, 0x00, 0x00, 0x00, 0x00, 0x00, 0x00, 0x00, 0x00, 0x00, 0x00, 0x00, 0x00,
  0xa6, 0x31, 0xa6, 0x31, 0xa6, 0x31, 0xa6, 0x31, 0xa6, 0x31, 0xa6, 0x31, 0xa6, 0x31, 0xa6, 0x31,
  0xa6, 0x31, 0xa6, 0x31, 0xa6, 0x31, 0xa6, 0x31, 0xa6, 0x31, 0xa6, 0x31, 0xa6, 0x31, 0xa6, 0x31,
  0xa6, 0x31, 0xa6, 0x31, 0xa6, 0x31, 0xa6, 0x31, 0xa6, 0x31, 0xa6, 0x31, 0xa6, 0x31, 0xa6, 0x31,
  0x00, 0x00, 0x00, 0x00, 0x00, 0x00, 0x00, 0x00, 0x86, 0x31, 0xa6, 0x31, 0xa6, 0x31, 0xa6, 0x31,
  0xa6, 0x31, 0xa6, 0x31, 0xa6, 0x31, 0xa6, 0x31, 0xa6, 0x31, 0xa6, 0x31, 0xa6, 0x31, 0xa6, 0x31,
  0xa6, 0x31, 0xa6, 0x31, 0xa6, 0x31, 0xa6, 0x31, 0xa6, 0x31, 0xa6, 0x31, 0xa6, 0x31, 0xa6, 0x31,
  0xa6, 0x31, 0xa6, 0x31, 0xa6, 0x31, 0xa6, 0x31, 0x08, 0x42, 0x00, 0x00, 0x00, 0x00, 0x00, 0x00,
  0x00, 0x00, 0x00, 0x00, 0xa6, 0x31, 0xa6, 0x31, 0xa6, 0x31, 0xa6, 0x31, 0xa6, 0x31, 0xa6, 0x31,
  0xa7, 0x39, 0x00, 0x00, 0x00, 0x00, 0x00, 0x00, 0x00, 0x00, 0x00, 0x00, 0x00, 0x00, 0x00, 0x00,
  0x00, 0x00, 0x00, 0x00, 0x00, 0x00, 0x00, 0x00, 0x00, 0x00, 0x00, 0x00, 0x00, 0x00, 0x00, 0x00,
  0x00, 0x00, 0x00, 0x00, 0x00, 0x00, 0x00, 0x00, 0x00, 0x00, 0x00, 0x00, 0x00, 0x00, 0x00, 0x00,
  0xa6, 0x31, 0xa6, 0x31, 0xa6, 0x31, 0xa6, 0x31, 0xa6, 0x31, 0xa6, 0x31, 0x86, 0x31, 0x00, 0x00,
  0x00, 0x00, 0x00, 0x00, 0x00, 0x00, 0x00, 0x00, 0x00, 0x00, 0x00, 0x00, 0x00, 0x00, 0x00, 0x00,
  0x00, 0x00, 0x00, 0x00, 0x00, 0x00, 0xa6, 0x31, 0xa6, 0x31, 0xa6, 0x31, 0xa6, 0x31, 0xa6, 0x31,
  0xa6, 0x31, 0xa6, 0x31, 0xc7, 0x39, 0x00, 0x00, 0x00, 0x00, 0x00, 0x00, 0xe7, 0x39, 0xa6, 0x31,
  0xa6, 0x31, 0xa6, 0x31, 0xa6, 0x31, 0xa6, 0x31, 0xa6, 0x31, 0xa6, 0x31, 0xa6, 0x31, 0xa6, 0x31,
  0xa6, 0x31, 0xa6, 0x31, 0xa6, 0x31, 0xa6, 0x31, 0xa6, 0x31, 0xa6, 0x31, 0xa6, 0x31, 0xa6, 0x31,
  0xa6, 0x31, 0xa6, 0x31, 0xa6, 0x31, 0xa6, 0x31, 0xa6, 0x31, 0x86, 0x31, 0x00, 0x00, 0x00, 0x00,
  0x00, 0x00, 0x00, 0x00, 0xa6, 0x31, 0xa6, 0x31, 0xa6, 0x31, 0xa6, 0x31, 0xa6, 0x31, 0xa6, 0x31,
  0xa6, 0x31, 0xa6, 0x31, 0xa6, 0x31, 0xa6, 0x31, 0xa6, 0x31, 0xa6, 0x31, 0xa6, 0x31, 0xa6, 0x31,
  0xa6, 0x31, 0xa6, 0x31, 0xa6, 0x31, 0xa6, 0x31, 0xa6, 0x31, 0xa6, 0x31, 0xa6, 0x31, 0xa6, 0x31,
  0xa6, 0x31, 0xa6, 0x31, 0x08, 0x42, 0x00, 0x00, 0x00, 0x00, 0x00, 0x00, 0x00, 0x00, 0xa7, 0x39,
  0xa6, 0x31, 0xa6, 0x31, 0xa6, 0x31, 0xa6, 0x31, 0xa6, 0x31, 0xa6, 0x31, 0xa6, 0x31, 0xa6, 0x31,
  0xa6, 0x31, 0xa6, 0x31, 0xa6, 0x31, 0xa6, 0x31, 0xa6, 0x31, 0xa6, 0x31, 0xa6, 0x31, 0xa6, 0x31,
  0xa6, 0x31, 0xa6, 0x31, 0xa6, 0x31, 0xa6, 0x31, 0xa6, 0x31, 0xa6, 0x31, 0xa6, 0x31, 0x86, 0x31,
  0x00, 0x00, 0x00, 0x00, 0x00, 0x00, 0x00, 0x00, 0x00, 0x00, 0x86, 0x31, 0xa6, 0x31, 0xa6, 0x31,
  0xa6, 0x31, 0xa6, 0x31, 0xa6, 0x31, 0x86, 0x31, 0x00, 0x00, 0x00, 0x00, 0x00, 0x00, 0x00, 0x00,
  0xa7, 0x39, 0xa6, 0x31, 0xa6, 0x31, 0xa6, 0x31, 0xa6, 0x31, 0xa6, 0x31, 0xa6, 0x31, 0x00, 0x00,
  0x00, 0x00, 0x00, 0x00, 0x00, 0x00, 0x00, 0x00, 0x00, 0x00, 0x00, 0x00, 0x00, 0x00, 0x00, 0x00,
  0x00, 0x00, 0x00, 0x00, 0x00, 0x00, 0x00, 0x00, 0x00, 0x00, 0x00, 0x00, 0x00, 0x00, 0x00, 0x00,
  0x00, 0x00, 0xa6, 0x31, 0xa6, 0x31, 0xa6, 0x31, 0xa6, 0x31, 0xa6, 0x31, 0xa6, 0x31, 0xa6, 0x31,
  0xa6, 0x31, 0xa6, 0x31, 0xa6, 0x31, 0xa6, 0x31, 0xa6, 0x31, 0xa6, 0x31, 0xa6, 0x31, 0xa6, 0x31,
  0xa6, 0x31, 0xa6, 0x31, 0xa6, 0x31, 0xa6, 0x31, 0xa6, 0x31, 0xa6, 0x31, 0xa6, 0x31, 0xa6, 0x31,
  0x00, 0x00, 0x00, 0x00, 0x00, 0x00, 0x00, 0x00, 0x86, 0x31, 0xa6, 0x31, 0xa6, 0x31, 0xa6, 0x31,
  0xa6, 0x31, 0xa6, 0x31, 0xa6, 0x31, 0xa6, 0x31, 0xa6, 0x31, 0xa6, 0x31, 0xa6, 0x31, 0xa6, 0x31,
  0xa6, 0x31, 0xa6, 0x31, 0xa6, 0x31, 0xa6, 0x31, 0xa6, 0x31, 0xa6, 0x31, 0xa6, 0x31, 0xa6, 0x31,
  0xa6, 0x31, 0xa6, 0x31, 0xa6, 0x31, 0xa6, 0x31, 0x00, 0x00, 0x00, 0x00, 0x00, 0x00, 0x00, 0x00,
  0x00, 0x00, 0x00, 0x00, 0xa6, 0x31, 0xa6, 0x31, 0xa6, 0x31, 0xa6, 0x31, 0xa6, 0x31, 0xa6, 0x31,
  0xa7, 0x39, 0x00, 0x00, 0x00, 0x00, 0x00, 0x00, 0x00, 0x00, 0x00, 0x00, 0x00, 0x00, 0x00, 0x00,
  0x00, 0x00, 0x00, 0x00, 0x00, 0x00, 0x00, 0x00, 0x00, 0x00, 0x00, 0x00, 0x00, 0x00, 0x00, 0x00,
  0x00, 0x00, 0x00, 0x00, 0x00, 0x00, 0x00, 0x00, 0x00, 0x00, 0x00, 0x00, 0x00, 0x00, 0x00, 0x00,
  0xa6, 0x31, 0xa6, 0x31, 0xa6, 0x31, 0xa6, 0x31, 0xa6, 0x31, 0xa6, 0x31, 0x86, 0x31, 0x00, 0x00,
  0x00, 0x00, 0x00, 0x00, 0x00, 0x00, 0x00, 0x00, 0x00, 0x00, 0x00, 0x00, 0x00, 0x00, 0x00, 0x00,
  0x00, 0x00, 0x00, 0x00, 0x00, 0x00, 0x86, 0x31, 0xa6, 0x31, 0xa6, 0x31, 0xa6, 0x31, 0xa6, 0x31,
  0xa6, 0x31, 0xa6, 0x31, 0x86, 0x31, 0x00, 0x00, 0x00, 0x00, 0x00, 0x00, 0x00, 0x00, 0x86, 0x31,
  0xa6, 0x31, 0xa6, 0x31, 0xa6, 0x31, 0xa6, 0x31, 0xa6, 0x31, 0xa6, 0x31, 0xa6, 0x31, 0xa6, 0x31,
  0xa6, 0x31, 0xa6, 0x31, 0xa6, 0x31, 0xa6, 0x31, 0xa6, 0x31, 0xa6, 0x31, 0xa6, 0x31, 0xa6, 0x31,
  0xa6, 0x31, 0xa6, 0x31, 0xa6, 0x31, 0xa6, 0x31, 0xa6, 0x31, 0x86, 0x31, 0x00, 0x00, 0x00, 0x00,
  0x00, 0x00, 0x00, 0x00, 0xa6, 0x31, 0xa6, 0x31, 0xa6, 0x31, 0xa6, 0x31, 0xa6, 0x31, 0xa6, 0x31,
  0xa6, 0x31, 0xa6, 0x31, 0xa6, 0x31, 0xa6, 0x31, 0xa6, 0x31, 0xa6, 0x31, 0xa6, 0x31, 0xa6, 0x31,
  0xa6, 0x31, 0xa6, 0x31, 0xa6, 0x31, 0xa6, 0x31, 0xa6, 0x31, 0xa6, 0x31, 0xa6, 0x31, 0xa6, 0x31,
  0xa6, 0x31, 0xa7, 0x39, 0x00, 0x00, 0x00, 0x00, 0x00, 0x00, 0x00, 0x00, 0x00, 0x00, 0xa7, 0x39,
  0xa6, 0x31, 0xa6, 0x31, 0xa6, 0x31, 0xa6, 0x31, 0xa6, 0x31, 0xa6, 0x31, 0xa6, 0x31, 0xa6, 0x31,
  0xa6, 0x31, 0xa6, 0x31, 0xa6, 0x31, 0xa6, 0x31, 0xa6, 0x31, 0xa6, 0x31, 0xa6, 0x31, 0xa6, 0x31,
  0xa6, 0x31, 0xa6, 0x31, 0xa6, 0x31, 0xa6, 0x31, 0xa6, 0x31, 0xa6, 0x31, 0xa6, 0x31, 0x00, 0x00,
  0x00, 0x00, 0x00, 0x00, 0x00, 0x00, 0x00, 0x00, 0x00, 0x00, 0x86, 0x31, 0xa6, 0x31, 0xa6, 0x31,
  0xa6, 0x31, 0xa6, 0x31, 0xa6, 0x31, 0x86, 0x31, 0x00, 0x00, 0x00, 0x00, 0x00, 0x00, 0x00, 0x00,
  0xa7, 0x39, 0xa6, 0x31, 0xa6, 0x31, 0xa6, 0x31, 0xa6, 0x31, 0xa6, 0x31, 0xa6, 0x31, 0x00, 0x00,
  0x00, 0x00, 0x00, 0x00, 0x00, 0x00, 0x00, 0x00, 0x00, 0x00, 0x00, 0x00, 0x00, 0x00, 0x00, 0x00,
  0x00, 0x00, 0x00, 0x00, 0x00, 0x00, 0x00, 0x00, 0x00, 0x00, 0x00, 0x00, 0x00, 0x00, 0x00, 0x00,
  0x00, 0x00, 0x00, 0x00, 0xa6, 0x31, 0xa6, 0x31, 0xa6, 0x31, 0xa6, 0x31, 0xa6, 0x31, 0xa6, 0x31,
  0xa6, 0x31, 0xa6, 0x31, 0xa6, 0x31, 0xa6, 0x31, 0xa6, 0x31, 0xa6, 0x31, 0xa6, 0x31, 0xa6, 0x31,
  0xa6, 0x31, 0xa6, 0x31, 0xa6, 0x31, 0xa6, 0x31, 0xa6, 0x31, 0xa6, 0x31, 0xa6, 0x31, 0xa6, 0x31,
  0x00, 0x00, 0x00, 0x00, 0x00, 0x00, 0x00, 0x00, 0x86, 0x31, 0xa6, 0x31, 0xa6, 0x31, 0xa6, 0x31,
  0xa6, 0x31, 0xa6, 0x31, 0xa6, 0x31, 0xa6, 0x31, 0xa6, 0x31, 0xa6, 0x31, 0xa6, 0x31, 0xa6, 0x31,
  0xa6, 0x31, 0xa6, 0x31, 0xa6, 0x31, 0xa6, 0x31, 0xa6, 0x31, 0xa6, 0x31, 0xa6, 0x31, 0xa6, 0x31,
  0xa6, 0x31, 0xa6, 0x31, 0xa6, 0x31, 0x00, 0x00, 0x00, 0x00, 0x00, 0x00, 0x00, 0x00, 0x00, 0x00,
  0x00, 0x00, 0x00, 0x00, 0xa6, 0x31, 0xa6, 0x31, 0xa6, 0x31, 0xa6, 0x31, 0xa6, 0x31, 0xa6, 0x31,
  0xa7, 0x39, 0x00, 0x00, 0x00, 0x00, 0x00, 0x00, 0x00, 0x00, 0x00, 0x00, 0x00, 0x00, 0x00, 0x00,
  0x00, 0x00, 0x00, 0x00, 0x00, 0x00, 0x00, 0x00, 0x00, 0x00, 0x00, 0x00, 0x00, 0x00, 0x00, 0x00,
  0x00, 0x00, 0x00, 0x00, 0x00, 0x00, 0x00, 0x00, 0x00, 0x00, 0x00, 0x00, 0x00, 0x00, 0x00, 0x00,
  0xa6, 0x31, 0xa6, 0x31, 0xa6, 0x31, 0xa6, 0x31, 0xa6, 0x31, 0xa6, 0x31, 0x86, 0x31, 0x00, 0x00,
  0x00, 0x00, 0x00, 0x00, 0x00, 0x00, 0x00, 0x00, 0x00, 0x00, 0x00, 0x00, 0x00, 0x00, 0x00, 0x00,
  0x00, 0x00, 0x00, 0x00, 0x00, 0x00, 0xab, 0x5a, 0xa6, 0x31, 0xa6, 0x31, 0xa6, 0x31, 0xa6, 0x31,
  0xa6, 0x31, 0xa6, 0x31, 0x86, 0x31, 0x00, 0x00, 0x00, 0x00, 0x00, 0x00, 0x00, 0x00, 0x00, 0x00,
  0xa6, 0x31, 0xa6, 0x31, 0xa6, 0x31, 0xa6, 0x31, 0xa6, 0x31, 0xa6, 0x31, 0xa6, 0x31, 0xa6, 0x31,
  0xa6, 0x31, 0xa6, 0x31, 0xa6, 0x31, 0xa6, 0x31, 0xa6, 0x31, 0xa6, 0x31, 0xa6, 0x31, 0xa6, 0x31,
  0xa6, 0x31, 0xa6, 0x31, 0xa6, 0x31, 0xa6, 0x31, 0xa6, 0x31, 0x86, 0x31, 0x00, 0x00, 0x00, 0x00,
  0x00, 0x00, 0x00, 0x00, 0xa6, 0x31, 0xa6, 0x31, 0xa6, 0x31, 0xa6, 0x31, 0xa6, 0x31, 0xa6, 0x31,
  0xa6, 0x31, 0xa6, 0x31, 0xa6, 0x31, 0xa6, 0x31, 0xa6, 0x31, 0xa6, 0x31, 0xa6, 0x31, 0xa6, 0x31,
  0xa6, 0x31, 0xa6, 0x31, 0xa6, 0x31, 0xa6, 0x31, 0xa6, 0x31, 0xa6, 0x31, 0xa6, 0x31, 0xa6, 0x31,
  0x86, 0x31, 0x00, 0x00, 0x00, 0x00, 0x00, 0x00, 0x00, 0x00, 0x00, 0x00, 0x00, 0x00, 0xa7, 0x39,
  0xa6, 0x31, 0xa6, 0x31, 0xa6, 0x31, 0xa6, 0x31, 0xa6, 0x31, 0xa6, 0x31, 0xa6, 0x31, 0xa6, 0x31,
  0xa6, 0x31, 0xa6, 0x31, 0xa6, 0x31, 0xa6, 0x31, 0xa6, 0x31, 0xa6, 0x31, 0xa6, 0x31, 0xa6, 0x31,
  0xa6, 0x31, 0xa6, 0x31, 0xa6, 0x31, 0xa6, 0x31, 0xa6, 0x31, 0xa6, 0x31, 0x08, 0x42, 0x00, 0x00,
  0x00, 0x00, 0x00, 0x00, 0x00, 0x00, 0x00, 0x00, 0x00, 0x00, 0x86, 0x31, 0xa6, 0x31, 0xa6, 0x31,
  0xa6, 0x31, 0xa6, 0x31, 0xa6, 0x31, 0x86, 0x31, 0x00, 0x00, 0x00, 0x00, 0x00, 0x00, 0x00, 0x00,
  0xa7, 0x39, 0xa6, 0x31, 0xa6, 0x31, 0xa6, 0x31, 0xa6, 0x31, 0xa6, 0x31, 0xa6, 0x31, 0x00, 0x00,
  0x00, 0x00, 0x00, 0x00, 0x00, 0x00, 0x00, 0x00, 0x00, 0x00, 0x00, 0x00, 0x00, 0x00, 0x00, 0x00,
  0x00, 0x00, 0x00, 0x00, 0x00, 0x00, 0x00, 0x00, 0x00, 0x00, 0x00, 0x00, 0x00, 0x00, 0x00, 0x00,
  0x00, 0x00, 0x00, 0x00, 0x00, 0x00, 0x86, 0x31, 0xa6, 0x31, 0xa6, 0x31, 0xa6, 0x31, 0xa6, 0x31,
  0xa6, 0x31, 0xa6, 0x31, 0xa6, 0x31, 0xa6, 0x31, 0xa6, 0x31, 0xa6, 0x31, 0xa6, 0x31, 0xa6, 0x31,
  0xa6, 0x31, 0xa6, 0x31, 0xa6, 0x31, 0xa6, 0x31, 0xa6, 0x31, 0xa6, 0x31, 0xa6, 0x31, 0xa6, 0x31,
  0x00, 0x00, 0x00, 0x00, 0x00, 0x00, 0x00, 0x00, 0x86, 0x31, 0xa6, 0x31, 0xa6, 0x31, 0xa6, 0x31,
  0xa6, 0x31, 0xa6, 0x31, 0xa6, 0x31, 0xa6, 0x31, 0xa6, 0x31, 0xa6, 0x31, 0xa6, 0x31, 0xa6, 0x31,
  0xa6, 0x31, 0xa6, 0x31, 0xa6, 0x31, 0xa6, 0x31, 0xa6, 0x31, 0xa6, 0x31, 0xa6, 0x31, 0xa6, 0x31,
  0xa6, 0x31, 0xa6, 0x31, 0x00, 0x00, 0x00, 0x00, 0x00, 0x00, 0x00, 0x00, 0x00, 0x00, 0x00, 0x00,
  0x00, 0x00, 0x00, 0x00, 0x86, 0x31, 0xa6, 0x31, 0xa6, 0x31, 0xa6, 0x31, 0xa6, 0x31, 0xa6, 0x31,
  0xa6, 0x31, 0x00, 0x00, 0x00, 0x00, 0x00, 0x00, 0x00, 0x00, 0x00, 0x00, 0x00, 0x00, 0x00, 0x00,
  0x00, 0x00, 0x00, 0x00, 0x00, 0x00, 0x00, 0x00, 0x00, 0x00, 0x00, 0x00, 0x00, 0x00, 0x00, 0x00,
  0x00, 0x00, 0x00, 0x00, 0x00, 0x00, 0x00, 0x00, 0x00, 0x00, 0x00, 0x00, 0x00, 0x00, 0x00, 0x00,
  0xa6, 0x31, 0xa6, 0x31, 0xa6, 0x31, 0xa6, 0x31, 0xa6, 0x31, 0xa6, 0x31, 0xa6, 0x31, 0x00, 0x00,
  0x00, 0x00, 0x00, 0x00, 0x00, 0x00, 0x00, 0x00, 0x00, 0x00, 0x00, 0x00, 0x00, 0x00, 0x00, 0x00,
  0x00, 0x00, 0x00, 0x00, 0x00, 0x00, 0x00, 0x00, 0xa6, 0x31, 0xa6, 0x31, 0xa6, 0x31, 0xa6, 0x31,
  0xa6, 0x31, 0xa6, 0x31, 0xa6, 0x31, 0x00, 0x00, 0x00, 0x00, 0x00, 0x00, 0x00, 0x00, 0x00, 0x00,
  0x00, 0x00, 0xa6, 0x31, 0xa6, 0x31, 0xa6, 0x31, 0xa6, 0x31, 0xa6, 0x31, 0xa6, 0x31, 0xa6, 0x31,
  0xa6, 0x31, 0xa6, 0x31, 0xa6, 0x31, 0xa6, 0x31, 0xa6, 0x31, 0xa6, 0x31, 0xa6, 0x31, 0xa6, 0x31,
  0xa6, 0x31, 0xa6, 0x31, 0xa6, 0x31, 0xa6, 0x31, 0xa6, 0x31, 0x86, 0x31, 0x00, 0x00, 0x00, 0x00,
  0x00, 0x00, 0x00, 0x00, 0xa6, 0x31, 0xa6, 0x31, 0xa6, 0x31, 0xa6, 0x31, 0xa6, 0x31, 0xa6, 0x31,
  0xa6, 0x31, 0xa6, 0x31, 0xa6, 0x31, 0xa6, 0x31, 0xa6, 0x31, 0xa6, 0x31, 0xa6, 0x31, 0xa6, 0x31,
  0xa6, 0x31, 0xa6, 0x31, 0xa6, 0x31, 0xa6, 0x31, 0xa6, 0x31, 0xa6, 0x31, 0xa6, 0x31, 0x65, 0x29,
  0x00, 0x00, 0x00, 0x00, 0x00, 0x00, 0x00, 0x00, 0x00, 0x00, 0x00, 0x00, 0x00, 0x00, 0xa7, 0x39,
  0xa6, 0x31, 0xa6, 0x31, 0xa6, 0x31, 0xa6, 0x31, 0xa6, 0x31, 0xa6, 0x31, 0xa6, 0x31, 0xa6, 0x31,
  0xa6, 0x31, 0xa6, 0x31, 0xa6, 0x31, 0xa6, 0x31, 0xa6, 0x31, 0xa6, 0x31, 0xa6, 0x31, 0xa6, 0x31,
  0xa6, 0x31, 0xa6, 0x31, 0xa6, 0x31, 0xa6, 0x31, 0xa6, 0x31, 0x00, 0x00, 0x00, 0x00, 0x00, 0x00,
  0x00, 0x00, 0x00, 0x00, 0x00, 0x00, 0x00, 0x00, 0x00, 0x00, 0xa6, 0x31, 0xa6, 0x31, 0xa6, 0x31,
  0xa6, 0x31, 0xa6, 0x31, 0xa6, 0x31, 0xa6, 0x31, 0x00, 0x00, 0x00, 0x00, 0x00, 0x00, 0x00, 0x00,
  0x86, 0x31, 0xa6, 0x31, 0xa6, 0x31, 0xa6, 0x31, 0xa6, 0x31, 0xa6, 0x31, 0xa6, 0x31, 0x00, 0x00,
  0x00, 0x00, 0x00, 0x00, 0x00, 0x00, 0x00, 0x00, 0x00, 0x00, 0x00, 0x00, 0x00, 0x00, 0x00, 0x00,
  0x00, 0x00, 0x00, 0x00, 0x00, 0x00, 0x00, 0x00, 0x00, 0x00, 0x00, 0x00, 0x00, 0x00, 0x00, 0x00,
  0x00, 0x00, 0x00, 0x1c, 0x88, 0xd0, 0xf0, 0xff, 0xff, 0xff, 0xff, 0xff, 0xff, 0xff, 0xff, 0xff,
  0xff, 0xff, 0xff, 0xff, 0xff, 0xff, 0xff, 0x20, 0x00, 0x00, 0x00, 0x00, 0x00, 0x00, 0x00, 0x04,
  0x5c, 0xb4, 0xe4, 0xfb, 0xff, 0xff, 0xff, 0xff, 0xff, 0xff, 0xff, 0xff, 0xff, 0xff, 0xff, 0xff,
  0xff, 0xff, 0xff, 0x37, 0x00, 0x00, 0x00, 0x00, 0x00, 0x00, 0xc3, 0xff, 0xff, 0xff, 0xff, 0xff,
  0xff, 0xff, 0xff, 0xff, 0xff, 0xff, 0xff, 0xff, 0xff, 0xff, 0xff, 0xff, 0xfb, 0xe3, 0xa4, 0x3c,
  0x00, 0x00, 0x00, 0x00, 0x00, 0x00, 0x00, 0x00, 0x9f, 0xff, 0xff, 0xff, 0xff, 0xff, 0xff, 0xff,
  0xff, 0xff, 0xff, 0xff, 0xff, 0xff, 0xff, 0xff, 0xff, 0xff, 0xeb, 0xbc, 0x63, 0x04, 0x00, 0x00,
  0x00, 0x00, 0x00, 0x00, 0x00, 0x00, 0x00, 0x00, 0x00, 0x18, 0x84, 0xcc, 0xef, 0xff, 0xff, 0xff,
  0xff, 0xff, 0xff, 0xff, 0xff, 0xff, 0xff, 0xff, 0xff, 0xff, 0xff, 0xff, 0xff, 0x30, 0x00, 0x00,
  0x00, 0x00, 0x00, 0x00, 0x00, 0x03, 0x53, 0xaf, 0xe4, 0xfb, 0xff, 0xff, 0xff, 0xff, 0xff, 0xff,
  0xff, 0xff, 0xff, 0xff, 0xff, 0xff, 0xff, 0xff, 0xff, 0x4c, 0x00, 0x00, 0x00, 0x00, 0x00, 0x00,
  0x00, 0x00, 0x00, 0x27, 0x90, 0xd3, 0xf3, 0xff, 0xff, 0xff, 0xff, 0xff, 0xff, 0xff, 0xff, 0xff,
  0xff, 0xff, 0xff, 0xff, 0xff, 0xff, 0xaf, 0x00, 0x00, 0x00, 0x00, 0x00, 0x00, 0x4f, 0xf8, 0xf8,
  0xf8, 0xf8, 0xf8, 0xa7, 0x00, 0x00, 0x00, 0x00, 0x00, 0x00, 0x00, 0x00, 0x2b, 0x94, 0xd4, 0xf4,
  0xff, 0xff, 0xff, 0xff, 0xff, 0xff, 0xff, 0xff, 0xff, 0xff, 0xff, 0xff, 0xff, 0xff, 0xff, 0xff,
  0x00, 0x00, 0x6c, 0xf8, 0xff, 0xff, 0xff, 0xff, 0xff, 0xff, 0xff, 0xff, 0xff, 0xff, 0xff, 0xff,
  0xff, 0xff, 0xff, 0xff, 0xff, 0xff, 0xff, 0x20, 0x00, 0x00, 0x00, 0x00, 0x00, 0x00, 0x24, 0xd0,
  0xff, 0xff, 0xff, 0xff, 0xff, 0xff, 0xff, 0xff, 0xff, 0xff, 0xff, 0xff, 0xff, 0xff, 0xff, 0xff,
  0xff, 0xff, 0xff, 0x37, 0x00, 0x00, 0x00, 0x00, 0x00, 0x00, 0xc3, 0xff, 0xff, 0xff, 0xff, 0xff,
  0xff, 0xff, 0xff, 0xff, 0xff, 0xff, 0xff, 0xff, 0xff, 0xff, 0xff, 0xff, 0xff, 0xff, 0xff, 0xff,
  0x9f, 0x08, 0x00, 0x00, 0x00, 0x00, 0x00, 0x00, 0x9f, 0xff, 0xff, 0xff, 0xff, 0xff, 0xff, 0xff,
  0xff, 0xff, 0xff, 0xff, 0xff, 0xff, 0xff, 0xff, 0xff, 0xff, 0xff, 0xff, 0xff, 0xd3, 0x27, 0x00,
  0x00, 0x00, 0x00, 0x00, 0x00, 0x00, 0x00, 0x00, 0x60, 0xf4, 0xff, 0xff, 0xff, 0xff, 0xff, 0xff,
  0xff, 0xff, 0xff, 0xff, 0xff, 0xff, 0xff, 0xff, 0xff, 0xff, 0xff, 0xff, 0xff, 0x30, 0x00, 0x00,
  0x00, 0x00, 0x00, 0x00, 0x1c, 0xc4, 0xff, 0xff, 0xff, 0xff, 0xff, 0xff, 0xff, 0xff, 0xff, 0xff,
  0xff, 0xff, 0xff, 0xff, 0xff, 0xff, 0xff, 0xff, 0xff, 0x4c, 0x00, 0x00, 0x00, 0x00, 0x00, 0x00,
  0x00, 0x03, 0x7f, 0xfc, 0xff, 0xff, 0xff, 0xff, 0xff, 0xff, 0xff, 0xff, 0xff, 0xff, 0xff, 0xff,
  0xff, 0xff, 0xff, 0xff, 0xff, 0xff, 0xaf, 0x00, 0x00, 0x00, 0x00, 0x00, 0x00, 0x53, 0xff, 0xff,
  0xff, 0xff, 0xff, 0xac, 0x00, 0x00, 0x00, 0x00, 0x00, 0x00, 0x03, 0x87, 0xfc, 0xff, 0xff, 0xff,
  0xff, 0xff, 0xff, 0xff, 0xff, 0xff, 0xff, 0xff, 0xff, 0xff, 0xff, 0xff, 0xff, 0xff, 0xff, 0xff,
  0x00, 0x54, 0xff, 0xff, 0xff, 0xff, 0xff, 0xff, 0xff, 0xff, 0xff, 0xff, 0xff, 0xff, 0xff, 0xff,
  0xff, 0xff, 0xff, 0xff, 0xff, 0xff, 0xff, 0x20, 0x00, 0x00, 0x00, 0x00, 0x00, 0x18, 0xe3, 0xff,
  0xff, 0xff, 0xff, 0xff, 0xff, 0xff, 0xff, 0xff, 0xff, 0xff, 0xff, 0xff, 0xff, 0xff, 0xff, 0xff,
  0xff, 0xff, 0xff, 0x37, 0x00, 0x00, 0x00, 0x00, 0x00, 0x00, 0xc3, 0xff, 0xff, 0xff, 0xff, 0xff,
  0xff, 0xff, 0xff, 0xff, 0xff, 0xff, 0xff, 0xff, 0xff, 0xff, 0xff, 0xff, 0xff, 0xff, 0xff, 0xff,
  0xff, 0xac, 0x00, 0x00, 0x00, 0x00, 0x00, 0x00, 0x9f, 0xff, 0xff, 0xff, 0xff, 0xff, 0xff, 0xff,
  0xff, 0xff, 0xff, 0xff, 0xff, 0xff, 0xff, 0xff, 0xff, 0xff, 0xff, 0xff, 0xff, 0xff, 0xe7, 0x1c,
  0x00, 0x00, 0x00, 0x00, 0x00, 0x00, 0x00, 0x44, 0xfb, 0xff, 0xff, 0xff, 0xff, 0xff, 0xff, 0xff,
  0xff, 0xff, 0xff, 0xff, 0xff, 0xff, 0xff, 0xff, 0xff, 0xff, 0xff, 0xff, 0xff, 0x30, 0x00, 0x00,
  0x00, 0x00, 0x00, 0x0f, 0xd4, 0xff, 0xff, 0xff, 0xff, 0xff, 0xff, 0xff, 0xff, 0xff, 0xff, 0xff,
  0xff, 0xff, 0xff, 0xff, 0xff, 0xff, 0xff, 0xff, 0xff, 0x4c, 0x00, 0x00, 0x00, 0x00, 0x00, 0x00,
  0x00, 0x84, 0xff, 0xff, 0xff, 0xff, 0xff, 0xff, 0xff, 0xff, 0xff, 0xff, 0xff, 0xff, 0xff, 0xff,
  0xff, 0xff, 0xff, 0xff, 0xff, 0xff, 0xaf, 0x00, 0x00, 0x00, 0x00, 0x00, 0x00, 0x53, 0xff, 0xff,
  0xff, 0xff, 0xff, 0xac, 0x00, 0x00, 0x00, 0x00, 0x00, 0x00, 0x8f, 0xff, 0xff, 0xff, 0xff, 0xff,
  0xff, 0xff, 0xff, 0xff, 0xff, 0xff, 0xff, 0xff, 0xff, 0xff, 0xff, 0xff, 0xff, 0xff, 0xff, 0xff,
  0x17, 0xf4, 0xff, 0xff, 0xff, 0xff, 0xff, 0xff, 0xff, 0xff, 0xff, 0xff, 0xff, 0xff, 0xff, 0xff,
  0xff, 0xff, 0xff, 0xff, 0xff, 0xff, 0xff, 0x20, 0x00, 0x00, 0x00, 0x00, 0x00, 0xaf, 0xff, 0xff,
  0xff, 0xff, 0xff, 0xff, 0xff, 0xff, 0xff, 0xff, 0xff, 0xff, 0xff, 0xff, 0xff, 0xff, 0xff, 0xff,
  0xff, 0xff, 0xff, 0x37, 0x00, 0x00, 0x00, 0x00, 0x00, 0x00, 0xc3, 0xff, 0xff, 0xff, 0xff, 0xff,
  0xff, 0xff, 0xff, 0xff, 0xff, 0xff, 0xff, 0xff, 0xff, 0xff, 0xff, 0xff, 0xff, 0xff, 0xff, 0xff,
  0xff, 0xff, 0x5b, 0x00, 0x00, 0x00, 0x00, 0x00, 0x9f, 0xff, 0xff, 0xff, 0xff, 0xff, 0xff, 0xff,
  0xff, 0xff, 0xff, 0xff, 0xff, 0xff, 0xff, 0xff, 0xff, 0xff, 0xff, 0xff, 0xff, 0xff, 0xff, 0xac,
  0x00, 0x00, 0x00, 0x00, 0x00, 0x00, 0x0b, 0xe8, 0xff, 0xff, 0xff, 0xff, 0xff, 0xff, 0xff, 0xff,
  0xff, 0xff, 0xff, 0xff, 0xff, 0xff, 0xff, 0xff, 0xff, 0xff, 0xff, 0xff, 0xff, 0x30, 0x00, 0x00,
  0x00, 0x00, 0x00, 0x98, 0xff, 0xff, 0xff, 0xff, 0xff, 0xff, 0xff, 0xff, 0xff, 0xff, 0xff, 0xff,
  0xff, 0xff, 0xff, 0xff, 0xff, 0xff, 0xff, 0xff, 0xff, 0x4c, 0x00, 0x00, 0x00, 0x00, 0x00, 0x00,
  0x37, 0xff, 0xff, 0xff, 0xff, 0xff, 0xff, 0xff, 0xff, 0xff, 0xff, 0xff, 0xff, 0xff, 0xff, 0xff,
  0xff, 0xff, 0xff, 0xff, 0xff, 0xff, 0xaf, 0x00, 0x00, 0x00, 0x00, 0x00, 0x00, 0x53, 0xff, 0xff,
  0xff, 0xff, 0xff, 0xac, 0x00, 0x00, 0x00, 0x00, 0x00, 0x3f, 0xff, 0xff, 0xff, 0xff, 0xff, 0xff,
  0xff, 0xff, 0xff, 0xff, 0xff, 0xff, 0xff, 0xff, 0xff, 0xff, 0xff, 0xff, 0xff, 0xff, 0xff, 0xff,
  0x83, 0xff, 0xff, 0xff, 0xff, 0xff, 0xff, 0xff, 0xff, 0xff, 0xff, 0xff, 0xff, 0xff, 0xff, 0xff,
  0xff, 0xff, 0xff, 0xff, 0xff, 0xff, 0xff, 0x20, 0x00, 0x00, 0x00, 0x00, 0x28, 0xff, 0xff, 0xff,
  0xff, 0xff, 0xff, 0xff, 0xff, 0xff, 0xff, 0xff, 0xff, 0xff, 0xff, 0xff, 0xff, 0xff, 0xff, 0xff,
  0xff, 0xff, 0xff, 0x37, 0x00, 0x00, 0x00, 0x00, 0x00, 0x00, 0xc3, 0xff, 0xff, 0xff, 0xff, 0xff,
  0xff, 0xff, 0xff, 0xff, 0xff, 0xff, 0xff, 0xff, 0xff, 0xff, 0xff, 0xff, 0xff, 0xff, 0xff, 0xff,
  0xff, 0xff, 0xd3, 0x00, 0x00, 0x00, 0x00, 0x00, 0x9f, 0xff, 0xff, 0xff, 0xff, 0xff, 0xff, 0xff,
  0xff, 0xff, 0xff, 0xff, 0xff, 0xff, 0xff, 0xff, 0xff, 0xff, 0xff, 0xff, 0xff, 0xff, 0xff, 0xff,
  0x27, 0x00, 0x00, 0x00, 0x00, 0x00, 0x6c, 0xff, 0xff, 0xff, 0xff, 0xff, 0xff, 0xff, 0xff, 0xff,
  0xff, 0xff, 0xff, 0xff, 0xff, 0xff, 0xff, 0xff, 0xff, 0xff, 0xff, 0xff, 0xff, 0x30, 0x00, 0x00,
  0x00, 0x00, 0x17, 0xfb, 0xff, 0xff, 0xff, 0xff, 0xff, 0xff, 0xff, 0xff, 0xff, 0xff, 0xff, 0xff,
  0xff, 0xff, 0xff, 0xff, 0xff, 0xff, 0xff, 0xff, 0xff, 0x4c, 0x00, 0x00, 0x00, 0x00, 0x00, 0x00,
  0xaf, 0xff, 0xff, 0xff, 0xff, 0xff, 0xff, 0xff, 0xff, 0xff, 0xff, 0xff, 0xff, 0xff, 0xff, 0xff,
  0xff, 0xff, 0xff, 0xff, 0xff, 0xff, 0xaf, 0x00, 0x00, 0x00, 0x00, 0x00, 0x00, 0x53, 0xff, 0xff,
  0xff, 0xff, 0xff, 0xac, 0x00, 0x00, 0x00, 0x00, 0x00, 0xb7, 0xff, 0xff, 0xff, 0xff, 0xff, 0xff,
  0xff, 0xff, 0xff, 0xff, 0xff, 0xff, 0xff, 0xff, 0xff, 0xff, 0xff, 0xff, 0xff, 0xff, 0xff, 0xff,
  0xcf, 0xff, 0xff, 0xff, 0xff, 0xff, 0xff, 0xc0, 0xab, 0xab, 0xab, 0xab, 0xab, 0xab, 0xab, 0xab,
  0xab, 0xab, 0xab, 0xab, 0xab, 0xab, 0xab, 0x17, 0x00, 0x00, 0x00, 0x00, 0x73, 0xff, 0xff, 0xff,
  0xff, 0xff, 0xff, 0xe0, 0xab, 0xab, 0xab, 0xab, 0xab, 0xab, 0xab, 0xab, 0xab, 0xab, 0xab, 0xab,
  0xab, 0xab, 0xab, 0x24, 0x00, 0x00, 0x00, 0x00, 0x00, 0x00, 0xc3, 0xff, 0xff, 0xff, 0xff, 0xff,
  0xb0, 0x98, 0x98, 0x98, 0x98, 0x98, 0x98, 0x98, 0x98, 0x98, 0x98, 0xa3, 0xec, 0xff, 0xff, 0xff,
  0xff, 0xff, 0xff, 0x1f, 0x00, 0x00, 0x00, 0x00, 0x9f, 0xff, 0xff, 0xff, 0xff, 0xff, 0xcc, 0xab,
  0xab, 0xab, 0xab, 0xab, 0xab, 0xab, 0xab, 0xab, 0xab, 0xdf, 0xff, 0xff, 0xff, 0xff, 0xff, 0xff,
  0x6f, 0x00, 0x00, 0x00, 0x00, 0x00, 0xb8, 0xff, 0xff, 0xff, 0xff, 0xff, 0xff, 0xc7, 0xab, 0xab,
  0xab, 0xab, 0xab, 0xab, 0xab, 0xab, 0xab, 0xab, 0xab, 0xab, 0xab, 0xab, 0xab, 0x20, 0x00, 0x00,
  0x00, 0x00, 0x5c, 0xff, 0xff, 0xff, 0xff, 0xff, 0xff, 0xe3, 0xac, 0xab, 0xab, 0xab, 0xab, 0xab,
  0xab, 0xab, 0xab, 0xab, 0xab, 0xab, 0xab, 0xab, 0xab, 0x33, 0x00, 0x00, 0x00, 0x00, 0x00, 0x07,
  0xf4, 0xff, 0xff, 0xff, 0xff, 0xff, 0xf8, 0xb7, 0xab, 0xab, 0xab, 0xab, 0xab, 0xab, 0xab, 0xab,
  0xab, 0xab, 0xab, 0xab, 0xab, 0xab, 0x74, 0x00, 0x00, 0x00, 0x00, 0x00, 0x00, 0x53, 0xff, 0xff,
  0xff, 0xff, 0xff, 0xac, 0x00, 0x00, 0x00, 0x00, 0x0b, 0xf8, 0xff, 0xff, 0xff, 0xff, 0xff, 0xf7,
  0xb4, 0xab, 0xab, 0xab, 0xab, 0xab, 0xab, 0xab, 0xab, 0xab, 0xab, 0xab, 0xab, 0xab, 0xab, 0xab,
  0xf0, 0xff, 0xff, 0xff, 0xff, 0xff, 0x70, 0x00, 0x00, 0x00, 0x00, 0x00, 0x00, 0x00, 0x00, 0x00,
  0x00, 0x00, 0x00, 0x00, 0x00, 0x00, 0x00, 0x00, 0x00, 0x00, 0x00, 0x00, 0x94, 0xff, 0xff, 0xff,
  0xff, 0xff, 0xcb, 0x0b, 0x00, 0x00, 0x00, 0x00, 0x00, 0x00, 0x00, 0x00, 0x00, 0x00, 0x00, 0x00,
  0x00, 0x00, 0x00, 0x00, 0x00, 0x00, 0x00, 0x00, 0x00, 0x00, 0xc3, 0xff, 0xff, 0xff, 0xff, 0xff,
  0x3b, 0x00, 0x00, 0x00, 0x00, 0x00, 0x00, 0x00, 0x00, 0x00, 0x00, 0x00, 0x23, 0xf4, 0xff, 0xff,
  0xff, 0xff, 0xff, 0x40, 0x00, 0x00, 0x00, 0x00, 0x9f, 0xff, 0xff, 0xff, 0xff, 0xff, 0x67, 0x00,
  0x00, 0x00, 0x00, 0x00, 0x00, 0x00, 0x00, 0x00, 0x00, 0x08, 0xc7, 0xff, 0xff, 0xff, 0xff, 0xff,
  0x90, 0x00, 0x00, 0x00, 0x00, 0x00, 0xdb, 0xff, 0xff, 0xff, 0xff, 0xff, 0x83, 0x00, 0x00, 0x00,
  0x00, 0x00, 0x00, 0x00, 0x00, 0x00, 0x00, 0x00, 0x00, 0x00, 0x00, 0x00, 0x00, 0x00, 0x00, 0x00,
  0x00, 0x00, 0x80, 0xff, 0xff, 0xff, 0xff, 0xff, 0xd0, 0x0c, 0x00, 0x00, 0x00, 0x00, 0x00, 0x00,
  0x00, 0x00, 0x00, 0x00, 0x00, 0x00, 0x00, 0x00, 0x00, 0x00, 0x00, 0x00, 0x00, 0x00, 0x00, 0x1f,
  0xff, 0xff, 0xff, 0xff, 0xff, 0xff, 0x40, 0x00, 0x00, 0x00, 0x00, 0x00, 0x00, 0x00, 0x00, 0x00,
  0x00, 0x00, 0x00, 0x00, 0x00, 0x00, 0x00, 0x00, 0x00, 0x00, 0x00, 0x00, 0x00, 0x53, 0xff, 0xff,
  0xff, 0xff, 0xff, 0xac, 0x00, 0x00, 0x00, 0x00, 0x27, 0xff, 0xff, 0xff, 0xff, 0xff, 0xfc, 0x37,
  0x00, 0x00, 0x00, 0x00, 0x00, 0x00, 0x00, 0x00, 0x00, 0x00, 0x00, 0x00, 0x00, 0x00, 0x00, 0x00,
  0xfc, 0xff, 0xff, 0xff, 0xff, 0xff, 0x0b, 0x00, 0x00, 0x00, 0x00, 0x00, 0x00, 0x00, 0x00, 0x00,
  0x00, 0x00, 0x00, 0x00, 0x00, 0x00, 0x00, 0x00, 0x00, 0x00, 0x00, 0x00, 0xa0, 0xff, 0xff, 0xff,
  0xff, 0xff, 0x70, 0x00, 0x00, 0x00, 0x00, 0x00, 0x00, 0x00, 0x00, 0x00, 0x00, 0x00, 0x00, 0x00,
  0x00, 0x00, 0x00, 0x00, 0x00, 0x00, 0x00, 0x00, 0x00, 0x00, 0xc3, 0xff, 0xff, 0xff, 0xff, 0xff,
  0x3b, 0x00, 0x00, 0x00, 0x00, 0x00, 0x00, 0x00, 0x00, 0x00, 0x00, 0x00, 0x00, 0xbc, 0xff, 0xff,
  0xff, 0xff, 0xff, 0x4f, 0x00, 0x00, 0x00, 0x00, 0x9f, 0xff, 0xff, 0xff, 0xff, 0xff, 0x67, 0x00,
  0x00, 0x00, 0x00, 0x00, 0x00, 0x00, 0x00, 0x00, 0x00, 0x00, 0x6b, 0xff, 0xff, 0xff, 0xff, 0xff,
  0x9c, 0x00, 0x00, 0x00, 0x00, 0x00, 0xe7, 0xff, 0xff, 0xff, 0xff, 0xff, 0x1f, 0x00, 0x00, 0x00,
  0x00, 0x00, 0x00, 0x00, 0x00, 0x00, 0x00, 0x00, 0x00, 0x00, 0x00, 0x00, 0x00, 0x00, 0x00, 0x00,
  0x00, 0x00, 0x8b, 0xff, 0xff, 0xff, 0xff, 0xff, 0x78, 0x00, 0x00, 0x00, 0x00, 0x00, 0x00, 0x00,
  0x00, 0x00, 0x00, 0x00, 0x00, 0x00, 0x00, 0x00, 0x00, 0x00, 0x00, 0x00, 0x00, 0x00, 0x00, 0x2b,
  0xff, 0xff, 0xff, 0xff, 0xff, 0xdb, 0x00, 0x00, 0x00, 0x00, 0x00, 0x00, 0x00, 0x00, 0x00, 0x00,
  0x00, 0x00, 0x00, 0x00, 0x00, 0x00, 0x00, 0x00, 0x00, 0x00, 0x00, 0x00, 0x00, 0x53, 0xff, 0xff,
  0xff, 0xff, 0xff, 0xac, 0x00, 0x00, 0x00, 0x00, 0x34, 0xff, 0xff, 0xff, 0xff, 0xff, 0xcc, 0x00,
  0x00, 0x00, 0x00, 0x00, 0x00, 0x00, 0x00, 0x00, 0x00, 0x00, 0x00, 0x00, 0x00, 0x00, 0x00, 0x00,
  0xfc, 0xff, 0xff, 0xff, 0xff, 0xff, 0x00, 0x00, 0x00, 0x00, 0x00, 0x00, 0x00, 0x00, 0x00, 0x00,
  0x00, 0x00, 0x00, 0x00, 0x00, 0x00, 0x00, 0x00, 0x00, 0x00, 0x00, 0x00, 0xa3, 0xff, 0xff, 0xff,
  0xff, 0xff, 0x68, 0x00, 0x00, 0x00, 0x00, 0x00, 0x00, 0x00, 0x00, 0x00, 0x00, 0x00, 0x00, 0x00,
  0x00, 0x00, 0x00, 0x00, 0x00, 0x00, 0x00, 0x00, 0x00, 0x00, 0xc3, 0xff, 0xff, 0xff, 0xff, 0xff,
  0x3b, 0x00, 0x00, 0x00, 0x00, 0x00, 0x00, 0x00, 0x00, 0x00, 0x00, 0x00, 0x00, 0xb4, 0xff, 0xff,
  0xff, 0xff, 0xff, 0x50, 0x00, 0x00, 0x00, 0x00, 0x9f, 0xff, 0xff, 0xff, 0xff, 0xff, 0x67, 0x00,
  0x00, 0x00, 0x00, 0x00, 0x00, 0x00, 0x00, 0x00, 0x00, 0x00, 0x60, 0xff, 0xff, 0xff, 0xff, 0xff,
  0x9c, 0x00, 0x00, 0x00, 0x00, 0x00, 0xe7, 0xff, 0xff, 0xff, 0xff, 0xff, 0x14, 0x00, 0x00, 0x00,
  0x00, 0x00, 0x00, 0x00, 0x00, 0x00, 0x00, 0x00, 0x00, 0x00, 0x00, 0x00, 0x00, 0x00, 0x00, 0x00,
  0x00, 0x00, 0x8c, 0xff, 0xff, 0xff, 0xff, 0xff, 0x70, 0x00, 0x00, 0x00, 0x00, 0x00, 0x00, 0x00,
  0x00, 0x00, 0x00, 0x00, 0x00, 0x00, 0x00, 0x00, 0x00, 0x00, 0x00, 0x00, 0x00, 0x00, 0x00, 0x2b,
  0xff, 0xff, 0xff, 0xff, 0xff, 0xd3, 0x00, 0x00, 0x00, 0x00, 0x00, 0x00, 0x00, 0x00, 0x00, 0x00,
  0x00, 0x00, 0x00, 0x00, 0x00, 0x00, 0x00, 0x00, 0x00, 0x00, 0x00, 0x00, 0x00, 0x53, 0xff, 0xff,
  0xff, 0xff, 0xff, 0xac, 0x00, 0x00, 0x00, 0x00, 0x34, 0xff, 0xff, 0xff, 0xff, 0xff, 0xc0, 0x00,
  0x00, 0x00, 0x00, 0x00, 0x00, 0x00, 0x00, 0x00, 0x00, 0x00, 0x00, 0x00, 0x00, 0x00, 0x00, 0x00,
  0xfc, 0xff, 0xff, 0xff, 0xff, 0xff, 0x00, 0x00, 0x00, 0x00, 0x00, 0x00, 0x00, 0x00, 0x00, 0x00,
  0x00, 0x00, 0x00, 0x00, 0x00, 0x00, 0x00, 0x00, 0x00, 0x00, 0x00, 0x00, 0xa3, 0xff, 0xff, 0xff,
  0xff, 0xff, 0x68, 0x00, 0x00, 0x00, 0x00, 0x00, 0x00, 0x00, 0x00, 0x00, 0x00, 0x00, 0x00, 0x00,
  0x00, 0x00, 0x00, 0x00, 0x00, 0x00, 0x00, 0x00, 0x00, 0x00, 0xc3, 0xff, 0xff, 0xff, 0xff, 0xff,
  0x3b, 0x00, 0x00, 0x00, 0x00, 0x00, 0x00, 0x00, 0x00, 0x00, 0x00, 0x00, 0x00, 0xb4, 0xff, 0xff,
  0xff, 0xff, 0xff, 0x50, 0x00, 0x00, 0x00, 0x00, 0x9f, 0xff, 0xff, 0xff, 0xff, 0xff, 0x67, 0x00,
  0x00, 0x00, 0x00, 0x00, 0x00, 0x00, 0x00, 0x00, 0x00, 0x00, 0x60, 0xff, 0xff, 0xff, 0xff, 0xff,
  0x9c, 0x00, 0x00, 0x00, 0x00, 0x00, 0xe7, 0xff, 0xff, 0xff, 0xff, 0xff, 0x14, 0x00, 0x00, 0x00,
  0x00, 0x00, 0x00, 0x00, 0x00, 0x00, 0x00, 0x00, 0x00, 0x00, 0x00, 0x00, 0x00, 0x00, 0x00, 0x00,
  0x00, 0x00, 0x8c, 0xff, 0xff, 0xff, 0xff, 0xff, 0x70, 0x00, 0x00, 0x00, 0x00, 0x00, 0x00, 0x00,
  0x00, 0x00, 0x00, 0x00, 0x00, 0x00, 0x00, 0x00, 0x00, 0x00, 0x00, 0x00, 0x00, 0x00, 0x00, 0x2b,
  0xff, 0xff, 0xff, 0xff, 0xff, 0xd3, 0x00, 0x00, 0x00, 0x00, 0x00, 0x00, 0x00, 0x00, 0x00, 0x00,
  0x00, 0x00, 0x00, 0x00, 0x00, 0x00, 0x00, 0x00, 0x00, 0x00, 0x00, 0x00, 0x00, 0x53, 0xff, 0xff,
  0xff, 0xff, 0xff, 0xac, 0x00, 0x00, 0x00, 0x00, 0x34, 0xff, 0xff, 0xff, 0xff, 0xff, 0xc0, 0x00,
  0x00, 0x00, 0x00, 0x00, 0x00, 0x00, 0x00, 0x00, 0x00, 0x00, 0x00, 0x00, 0x00, 0x00, 0x00, 0x00,
  0xfc, 0xff, 0xff, 0xff, 0xff, 0xff, 0x00, 0x00, 0x00, 0x00, 0x00, 0x00, 0x00, 0x00, 0x00, 0x00,
  0x00, 0x00, 0x00, 0x00, 0x00, 0x00, 0x00, 0x00, 0x00, 0x00, 0x00, 0x00, 0xa3, 0xff, 0xff, 0xff,
  0xff, 0xff, 0x68, 0x00, 0x00, 0x00, 0x00, 0x00, 0x00, 0x00, 0x00, 0x00, 0x00, 0x00, 0x00, 0x00,
  0x00, 0x00, 0x00, 0x00, 0x00, 0x00, 0x00, 0x00, 0x00, 0x00, 0xc3, 0xff, 0xff, 0xff, 0xff, 0xff,
  0x3b, 0x00, 0x00, 0x00, 0x00, 0x00, 0x00, 0x00, 0x00, 0x00, 0x00, 0x00, 0x00, 0xb4, 0xff, 0xff,
  0xff, 0xff, 0xff, 0x50, 0x00, 0x00, 0x00, 0x00, 0x9f, 0xff, 0xff, 0xff, 0xff, 0xff, 0x67, 0x00,
  0x00, 0x00, 0x00, 0x00, 0x00, 0x00, 0x00, 0x00, 0x00, 0x00, 0x60, 0xff, 0xff, 0xff, 0xff, 0xff,
  0x9c, 0x00, 0x00, 0x00, 0x00, 0x00, 0xe7, 0xff, 0xff, 0xff, 0xff, 0xff, 0x14, 0x00, 0x00, 0x00,
  0x00, 0x00, 0x00, 0x00, 0x00, 0x00, 0x00, 0x00, 0x00, 0x00, 0x00, 0x00, 0x00, 0x00, 0x00, 0x00,
  0x00, 0x00, 0x8c, 0xff, 0xff, 0xff, 0xff, 0xff, 0x70, 0x00, 0x00, 0x00, 0x00, 0x00, 0x00, 0x00,
  0x00, 0x00, 0x00, 0x00, 0x00, 0x00, 0x00, 0x00, 0x00, 0x00, 0x00, 0x00, 0x00, 0x00, 0x00, 0x2b,
  0xff, 0xff, 0xff, 0xff, 0xff, 0xd3, 0x00, 0x00, 0x00, 0x00, 0x00, 0x00, 0x00, 0x00, 0x00, 0x00,
  0x00, 0x00, 0x00, 0x00, 0x00, 0x00, 0x00, 0x00, 0x00, 0x00, 0x00, 0x00, 0x00, 0x53, 0xff, 0xff,
  0xff, 0xff, 0xff, 0xac, 0x00, 0x00, 0x00, 0x00, 0x34, 0xff, 0xff, 0xff, 0xff, 0xff, 0xc0, 0x00,
  0x00, 0x00, 0x00, 0x00, 0x00, 0x00, 0x00, 0x00, 0x00, 0x00, 0x00, 0x00, 0x00, 0x00, 0x00, 0x00,
  0xfc, 0xff, 0xff, 0xff, 0xff, 0xff, 0x00, 0x00, 0x00, 0x00, 0x00, 0x00, 0x00, 0x00, 0x00, 0x00,
  0x00, 0x00, 0x00, 0x00, 0x00, 0x00, 0x00, 0x00, 0x00, 0x00, 0x00, 0x00, 0xa3, 0xff, 0xff, 0xff,
  0xff, 0xff, 0x68, 0x00, 0x00, 0x00, 0x00, 0x00, 0x00, 0x00, 0x00, 0x00, 0x00, 0x00, 0x00, 0x00,
  0x00, 0x00, 0x00, 0x00, 0x00, 0x00, 0x00, 0x00, 0x00, 0x00, 0xc3, 0xff, 0xff, 0xff, 0xff, 0xff,
  0x3b, 0x00, 0x00, 0x00, 0x00, 0x00, 0x00, 0x00, 0x00, 0x00, 0x00, 0x00, 0x00, 0xb4, 0xff, 0xff,
  0xff, 0xff, 0xff, 0x50, 0x00, 0x00, 0x00, 0x00, 0x9f, 0xff, 0xff, 0xff, 0xff, 0xff, 0x67, 0x00,
  0x00, 0x00, 0x00, 0x00, 0x00, 0x00, 0x00, 0x00, 0x00, 0x00, 0x60, 0xff, 0xff, 0xff, 0xff, 0xff,
  0x9c, 0x00, 0x00, 0x00, 0x00, 0x00, 0xe7, 0xff, 0xff, 0xff, 0xff, 0xff, 0x14, 0x00, 0x00, 0x00,
  0x00, 0x00, 0x00, 0x00, 0x00, 0x00, 0x00, 0x00, 0x00, 0x00, 0x00, 0x00, 0x00, 0x00, 0x00, 0x00,
  0x00, 0x00, 0x8c, 0xff, 0xff, 0xff, 0xff, 0xff, 0x70, 0x00, 0x00, 0x00, 0x00, 0x00, 0x00, 0x00,
  0x00, 0x00, 0x00, 0x00, 0x00, 0x00, 0x00, 0x00, 0x00, 0x00, 0x00, 0x00, 0x00, 0x00, 0x00, 0x2b,
  0xff, 0xff, 0xff, 0xff, 0xff, 0xd3, 0x00, 0x00, 0x00, 0x00, 0x00, 0x00, 0x00, 0x00, 0x00, 0x00,
  0x00, 0x00, 0x00, 0x00, 0x00, 0x00, 0x00, 0x00, 0x00, 0x00, 0x00, 0x00, 0x00, 0x53, 0xff, 0xff,
  0xff, 0xff, 0xff, 0xac, 0x00, 0x00, 0x00, 0x00, 0x34, 0xff, 0xff, 0xff, 0xff, 0xff, 0xc0, 0x00,
  0x00, 0x00, 0x00, 0x00, 0x00, 0x00, 0x00, 0x00, 0x00, 0x00, 0x00, 0x00, 0x00, 0x00, 0x00, 0x00,
  0xfc, 0xff, 0xff, 0xff, 0xff, 0xff, 0x00, 0x00, 0x00, 0x00, 0x00, 0x00, 0x00, 0x00, 0x00, 0x00,
  0x00, 0x00, 0x00, 0x00, 0x00, 0x00, 0x00, 0x00, 0x00, 0x00, 0x00, 0x00, 0xa3, 0xff, 0xff, 0xff,
  0xff, 0xff, 0x68, 0x00, 0x00, 0x00, 0x00, 0x00, 0x00, 0x00, 0x00, 0x00, 0x00, 0x00, 0x00, 0x00,
  0x00, 0x00, 0x00, 0x00, 0x00, 0x00, 0x00, 0x00, 0x00, 0x00, 0xc3, 0xff, 0xff, 0xff, 0xff, 0xff,
  0x3b, 0x00, 0x00, 0x00, 0x00, 0x00, 0x00, 0x00, 0x00, 0x00, 0x00, 0x00, 0x00, 0xb4, 0xff, 0xff,
  0xff, 0xff, 0xff, 0x50, 0x00, 0x00, 0x00, 0x00, 0x9f, 0xff, 0xff, 0xff, 0xff, 0xff, 0x67, 0x00,
  0x00, 0x00, 0x00, 0x00, 0x00, 0x00, 0x00, 0x00, 0x00, 0x00, 0x60, 0xff, 0xff, 0xff, 0xff, 0xff,
  0x9c, 0x00, 0x00, 0x00, 0x00, 0x00, 0xe7, 0xff, 0xff, 0xff, 0xff, 0xff, 0x14, 0x00, 0x00, 0x00,
  0x00, 0x00, 0x00, 0x00, 0x00, 0x00, 0x00, 0x00, 0x00, 0x00, 0x00, 0x00, 0x00, 0x00, 0x00, 0x00,
  0x00, 0x00, 0x8c, 0xff, 0xff, 0xff, 0xff, 0xff, 0x70, 0x00, 0x00, 0x00, 0x00, 0x00, 0x00, 0x00,
  0x00, 0x00, 0x00, 0x00, 0x00, 0x00, 0x00, 0x00, 0x00, 0x00, 0x00, 0x00, 0x00, 0x00, 0x00, 0x2b,
  0xff, 0xff, 0xff, 0xff, 0xff, 0xd3, 0x00, 0x00, 0x00, 0x00, 0x00, 0x00, 0x00, 0x00, 0x00, 0x00,
  0x00, 0x00, 0x00, 0x00, 0x00, 0x00, 0x00, 0x00, 0x00, 0x00, 0x00, 0x00, 0x00, 0x53, 0xff, 0xff,
  0xff, 0xff, 0xff, 0xac, 0x00, 0x00, 0x00, 0x00, 0x34, 0xff, 0xff, 0xff, 0xff, 0xff, 0xc0, 0x00,
  0x00, 0x00, 0x00, 0x00, 0x00, 0x00, 0x00, 0x00, 0x00, 0x00, 0x00, 0x00, 0x00, 0x00, 0x00, 0x00,
  0xfc, 0xff, 0xff, 0xff, 0xff, 0xff, 0x00, 0x00, 0x00, 0x00, 0x00, 0x00, 0x00, 0x00, 0x00, 0x00,
  0x00, 0x00, 0x00, 0x00, 0x00, 0x00, 0x00, 0x00, 0x00, 0x00, 0x00, 0x00, 0xa3, 0xff, 0xff, 0xff,
  0xff, 0xff, 0x68, 0x00, 0x00, 0x00, 0x00, 0x00, 0x00, 0x00, 0x00, 0x00, 0x00, 0x00, 0x00, 0x00,
  0x00, 0x00, 0x00, 0x00, 0x00, 0x00, 0x00, 0x00, 0x00, 0x00, 0xc3, 0xff, 0xff, 0xff, 0xff, 0xff,
  0x3b, 0x00, 0x00, 0x00, 0x00, 0x00, 0x00, 0x00, 0x00, 0x00, 0x00, 0x00, 0x00, 0xb4, 0xff, 0xff,
  0xff, 0xff, 0xff, 0x50, 0x00, 0x00, 0x00, 0x00, 0x9f, 0xff, 0xff, 0xff, 0xff, 0xff, 0x67, 0x00,
  0x00, 0x00, 0x00, 0x00, 0x00, 0x00, 0x00, 0x00, 0x00, 0x00, 0x60, 0xff, 0xff, 0xff, 0xff, 0xff,
  0x9c, 0x00, 0x00, 0x00, 0x00, 0x00, 0xe7, 0xff, 0xff, 0xff, 0xff, 0xff, 0x14, 0x00, 0x00, 0x00,
  0x00, 0x00, 0x00, 0x00, 0x00, 0x00, 0x00, 0x00, 0x00, 0x00, 0x00, 0x00, 0x00, 0x00, 0x00, 0x00,
  0x00, 0x00, 0x8c, 0xff, 0xff, 0xff, 0xff, 0xff, 0x70, 0x00, 0x00, 0x00, 0x00, 0x00, 0x00, 0x00,
  0x00, 0x00, 0x00, 0x00, 0x00, 0x00, 0x00, 0x00, 0x00, 0x00, 0x00, 0x00, 0x00, 0x00, 0x00, 0x2b,
  0xff, 0xff, 0xff, 0xff, 0xff, 0xd3, 0x00, 0x00, 0x00, 0x00, 0x00, 0x00, 0x00, 0x00, 0x00, 0x00,
  0x00, 0x00, 0x00, 0x00, 0x00, 0x00, 0x00, 0x00, 0x00, 0x00, 0x00, 0x00, 0x00, 0x53, 0xff, 0xff,
  0xff, 0xff, 0xff, 0xac, 0x00, 0x00, 0x00, 0x00, 0x34, 0xff, 0xff, 0xff, 0xff, 0xff, 0xc0, 0x00,
  0x00, 0x00, 0x00, 0x00, 0x00, 0x00, 0x00, 0x00, 0x00, 0x00, 0x00, 0x00, 0x00, 0x00, 0x00, 0x00,
  0xfc, 0xff, 0xff, 0xff, 0xff, 0xff, 0x00, 0x00, 0x00, 0x00, 0x00, 0x00, 0x00, 0x00, 0x00, 0x00,
  0x00, 0x00, 0x00, 0x00, 0x00, 0x00, 0x00, 0x00, 0x00, 0x00, 0x00, 0x00, 0xa3, 0xff, 0xff, 0xff,
  0xff, 0xff, 0x7f, 0x00, 0x00, 0x00, 0x00, 0x00, 0x00, 0x00, 0x00, 0x00, 0x00, 0x00, 0x00, 0x00,
  0x00, 0x00, 0x00, 0x00, 0x00, 0x00, 0x00, 0x00, 0x00, 0x00, 0xc3, 0xff, 0xff, 0xff, 0xff, 0xff,
  0x3b, 0x00, 0x00, 0x00, 0x00, 0x00, 0x00, 0x00, 0x00, 0x00, 0x00, 0x00, 0x00, 0xb4, 0xff, 0xff,
  0xff, 0xff, 0xff, 0x50, 0x00, 0x00, 0x00, 0x00, 0x9f, 0xff, 0xff, 0xff, 0xff, 0xff, 0x67, 0x00,
  0x00, 0x00, 0x00, 0x00, 0x00, 0x00, 0x00, 0x00, 0x00, 0x00, 0x60, 0xff, 0xff, 0xff, 0xff, 0xff,
  0x9c, 0x00, 0x00, 0x00, 0x00, 0x00, 0xe7, 0xff, 0xff, 0xff, 0xff, 0xff, 0x14, 0x00, 0x00, 0x00,
  0x00, 0x00, 0x00, 0x00, 0x00, 0x00, 0x00, 0x00, 0x00, 0x00, 0x00, 0x00, 0x00, 0x00, 0x00, 0x00,
  0x00, 0x00, 0x8c, 0xff, 0xff, 0xff, 0xff, 0xff, 0x87, 0x00, 0x00, 0x00, 0x00, 0x00, 0x00, 0x00,
  0x00, 0x00, 0x00, 0x00, 0x00, 0x00, 0x00, 0x00, 0x00, 0x00, 0x00, 0x00, 0x00, 0x00, 0x00, 0x2b,
  0xff, 0xff, 0xff, 0xff, 0xff, 0xe8, 0x00, 0x00, 0x00, 0x00, 0x00, 0x00, 0x00, 0x00, 0x00, 0x00,
  0x00, 0x00, 0x00, 0x00, 0x00, 0x00, 0x00, 0x00, 0x00, 0x00, 0x00, 0x00, 0x00, 0x53, 0xff, 0xff,
  0xff, 0xff, 0xff, 0xac, 0x00, 0x00, 0x00, 0x00, 0x34, 0xff, 0xff, 0xff, 0xff, 0xff, 0xc0, 0x00,
  0x00, 0x00, 0x00, 0x00, 0x00, 0x00, 0x00, 0x00, 0x00, 0x00, 0x00, 0x00, 0x00, 0x00, 0x00, 0x00,
  0xfc, 0xff, 0xff, 0xff, 0xff, 0xff, 0x00, 0x00, 0x00, 0x00, 0x00, 0x00, 0x00, 0x00, 0x00, 0x00,
  0x00, 0x00, 0x00, 0x00, 0x00, 0x00, 0x00, 0x00, 0x00, 0x00, 0x00, 0x00, 0x9f, 0xff, 0xff, 0xff,
  0xff, 0xff, 0xe7, 0x24, 0x00, 0x00, 0x00, 0x00, 0x00, 0x00, 0x00, 0x00, 0x00, 0x00, 0x00, 0x00,
  0x00, 0x00, 0x00, 0x00, 0x00, 0x00, 0x00, 0x00, 0x00, 0x00, 0xc3, 0xff, 0xff, 0xff, 0xff, 0xff,
  0x3b, 0x00, 0x00, 0x00, 0x00, 0x00, 0x00, 0x00, 0x00, 0x00, 0x00, 0x00, 0x00, 0xb4, 0xff, 0xff,
  0xff, 0xff, 0xff, 0x50, 0x00, 0x00, 0x00, 0x00, 0x9f, 0xff, 0xff, 0xff, 0xff, 0xff, 0x67, 0x00,
  0x00, 0x00, 0x00, 0x00, 0x00, 0x00, 0x00, 0x00, 0x00, 0x00, 0x60, 0xff, 0xff, 0xff, 0xff, 0xff,
  0x9c, 0x00, 0x00, 0x00, 0x00, 0x00, 0xe7, 0xff, 0xff, 0xff, 0xff, 0xff, 0x14, 0x00, 0x00, 0x00,
  0x00, 0x00, 0x00, 0x00, 0x00, 0x00, 0x00, 0x00, 0x00, 0x00, 0x00, 0x00, 0x00, 0x00, 0x00, 0x00,
  0x00, 0x00, 0x8b, 0xff, 0xff, 0xff, 0xff, 0xff, 0xeb, 0x28, 0x00, 0x00, 0x00, 0x00, 0x00, 0x00,
  0x00, 0x00, 0x00, 0x00, 0x00, 0x00, 0x00, 0x00, 0x00, 0x00, 0x00, 0x00, 0x00, 0x00, 0x00, 0x28,
  0xff, 0xff, 0xff, 0xff, 0xff, 0xff, 0x77, 0x00, 0x00, 0x00, 0x00, 0x00, 0x00, 0x00, 0x00, 0x00,
  0x00, 0x00, 0x00, 0x00, 0x00, 0x00, 0x00, 0x00, 0x00, 0x00, 0x00, 0x00, 0x00, 0x53, 0xff, 0xff,
  0xff, 0xff, 0xff, 0xac, 0x00, 0x00, 0x00, 0x00, 0x34, 0xff, 0xff, 0xff, 0xff, 0xff, 0xc0, 0x00,
  0x00, 0x00, 0x00, 0x00, 0x00, 0x00, 0x00, 0x00, 0x00, 0x00, 0x00, 0x00, 0x00, 0x00, 0x00, 0x00,
  0xfc, 0xff, 0xff, 0xff, 0xff, 0xff, 0xcc, 0xcc, 0xcc, 0xcc, 0xcc, 0xcc, 0xcc, 0xcc, 0xcc, 0xcc,
  0xcc, 0xcc, 0xcc, 0xcc, 0xaf, 0x00, 0x00, 0x00, 0x00, 0x00, 0x00, 0x00, 0x88, 0xff, 0xff, 0xff,
  0xff, 0xff, 0xff, 0xfb, 0xd3, 0xcc, 0xcc, 0xcc, 0xcc, 0xcc, 0xcc, 0xcc, 0xcc, 0xcc, 0xb8, 0x8f,
  0x3c, 0x00, 0x00, 0x00, 0x00, 0x00, 0x00, 0x00, 0x00, 0x00, 0xc3, 0xff, 0xff, 0xff, 0xff, 0xff,
  0x3b, 0x00, 0x00, 0x00, 0x00, 0x00, 0x00, 0x00, 0x00, 0x00, 0x00, 0x00, 0x00, 0xb7, 0xff, 0xff,
  0xff, 0xff, 0xff, 0x50, 0x00, 0x00, 0x00, 0x00, 0x9f, 0xff, 0xff, 0xff, 0xff, 0xff, 0x67, 0x00,
  0x00, 0x00, 0x00, 0x00, 0x00, 0x00, 0x00, 0x00, 0x00, 0x00, 0x6b, 0xff, 0xff, 0xff, 0xff, 0xff,
  0x9c, 0x00, 0x00, 0x00, 0x00, 0x00, 0xe7, 0xff, 0xff, 0xff, 0xff, 0xff, 0xd0, 0xcc, 0xcc, 0xcc,
  0xcc, 0xcc, 0xcc, 0xcc, 0xcc, 0xcc, 0xcc, 0xcc, 0xcc, 0xcc, 0xcc, 0x1b, 0x00, 0x00, 0x00, 0x00,
  0x00, 0x00, 0x74, 0xff, 0xff, 0xff, 0xff, 0xff, 0xff, 0xfb, 0xd4, 0xcc, 0xcc, 0xcc, 0xcc, 0xcc,
  0xcc, 0xcc, 0xcc, 0xcf, 0xc8, 0xa3, 0x50, 0x03, 0x00, 0x00, 0x00, 0x00, 0x00, 0x00, 0x00, 0x10,
  0xff, 0xff, 0xff, 0xff, 0xff, 0xff, 0xff, 0xe3, 0xcc, 0xcc, 0xcc, 0xcc, 0xcc, 0xcc, 0xcc, 0xcc,
  0xcc, 0xc4, 0xab, 0x67, 0x0f, 0x00, 0x00, 0x00, 0x00, 0x00, 0x00, 0x00, 0x00, 0x53, 0xff, 0xff,
  0xff, 0xff, 0xff, 0xac, 0x00, 0x00, 0x00, 0x00, 0x34, 0xff, 0xff, 0xff, 0xff, 0xff, 0xf3, 0xcc,
  0xcc, 0xcc, 0xcc, 0xcc, 0xcc, 0xcc, 0xcc, 0xcc, 0xcc, 0xcc, 0xcc, 0xcc, 0xcc, 0x93, 0x00, 0x00,
  0xfc, 0xff, 0xff, 0xff, 0xff, 0xff, 0xff, 0xff, 0xff, 0xff, 0xff, 0xff, 0xff, 0xff, 0xff, 0xff,
  0xff, 0xff, 0xff, 0xff, 0xd8, 0x00, 0x00, 0x00, 0x00, 0x00, 0x00, 0x00, 0x50, 0xff, 0xff, 0xff,
  0xff, 0xff, 0xff, 0xff, 0xff, 0xff, 0xff, 0xff, 0xff, 0xff, 0xff, 0xff, 0xff, 0xff, 0xff, 0xff,
  0xff, 0xb7, 0x17, 0x00, 0x00, 0x00, 0x00, 0x00, 0x00, 0x00, 0xc3, 0xff, 0xff, 0xff, 0xff, 0xff,
  0x3b, 0x00, 0x00, 0x00, 0x00, 0x00, 0x00, 0x00, 0x00, 0x00, 0x00, 0x00, 0x03, 0xdc, 0xff, 0xff,
  0xff, 0xff, 0xff, 0x48, 0x00, 0x00, 0x00, 0x00, 0x9f, 0xff, 0xff, 0xff, 0xff, 0xff, 0x67, 0x00,
  0x00, 0x00, 0x00, 0x00, 0x00, 0x00, 0x00, 0x00, 0x00, 0x0c, 0xcc, 0xff, 0xff, 0xff, 0xff, 0xff,
  0x97, 0x00, 0x00, 0x00, 0x00, 0x00, 0xe7, 0xff, 0xff, 0xff, 0xff, 0xff, 0xff, 0xff, 0xff, 0xff,
  0xff, 0xff, 0xff, 0xff, 0xff, 0xff, 0xff, 0xff, 0xff, 0xff, 0xff, 0x20, 0x00, 0x00, 0x00, 0x00,
  0x00, 0x00, 0x3c, 0xff, 0xff, 0xff, 0xff, 0xff, 0xff, 0xff, 0xff, 0xff, 0xff, 0xff, 0xff, 0xff,
  0xff, 0xff, 0xff, 0xff, 0xff, 0xff, 0xff, 0xcf, 0x27, 0x00, 0x00, 0x00, 0x00, 0x00, 0x00, 0x00,
  0xd7, 0xff, 0xff, 0xff, 0xff, 0xff, 0xff, 0xff, 0xff, 0xff, 0xff, 0xff, 0xff, 0xff, 0xff, 0xff,
  0xff, 0xff, 0xff, 0xff, 0xeb, 0x58, 0x00, 0x00, 0x00, 0x00, 0x00, 0x00, 0x00, 0x53, 0xff, 0xff,
  0xff, 0xff, 0xff, 0xac, 0x00, 0x00, 0x00, 0x00, 0x34, 0xff, 0xff, 0xff, 0xff, 0xff, 0xff, 0xff,
  0xff, 0xff, 0xff, 0xff, 0xff, 0xff, 0xff, 0xff, 0xff, 0xff, 0xff, 0xff, 0xff, 0xb8, 0x00, 0x00,
  0xfc, 0xff, 0xff, 0xff, 0xff, 0xff, 0xff, 0xff, 0xff, 0xff, 0xff, 0xff, 0xff, 0xff, 0xff, 0xff,
  0xff, 0xff, 0xff, 0xff, 0xd8, 0x00, 0x00, 0x00, 0x00, 0x00, 0x00, 0x00, 0x08, 0xe4, 0xff, 0xff,
  0xff, 0xff, 0xff, 0xff, 0xff, 0xff, 0xff, 0xff, 0xff, 0xff, 0xff, 0xff, 0xff, 0xff, 0xff, 0xff,
  0xff, 0xff, 0xdc, 0x17, 0x00, 0x00, 0x00, 0x00, 0x00, 0x00, 0xc3, 0xff, 0xff, 0xff, 0xff, 0xff,
  0x54, 0x23, 0x23, 0x23, 0x23, 0x23, 0x23, 0x23, 0x23, 0x23, 0x23, 0x34, 0xa4, 0xff, 0xff, 0xff,
  0xff, 0xff, 0xff, 0x34, 0x00, 0x00, 0x00, 0x00, 0x9f, 0xff, 0xff, 0xff, 0xff, 0xff, 0xcc, 0xab,
  0xab, 0xab, 0xab, 0xab, 0xab, 0xab, 0xab, 0xab, 0xaf, 0xe7, 0xff, 0xff, 0xff, 0xff, 0xff, 0xff,
  0x70, 0x00, 0x00, 0x00, 0x00, 0x00, 0xe7, 0xff, 0xff, 0xff, 0xff, 0xff, 0xff, 0xff, 0xff, 0xff,
  0xff, 0xff, 0xff, 0xff, 0xff, 0xff, 0xff, 0xff, 0xff, 0xff, 0xff, 0x20, 0x00, 0x00, 0x00, 0x00,
  0x00, 0x00, 0x03, 0xd8, 0xff, 0xff, 0xff, 0xff, 0xff, 0xff, 0xff, 0xff, 0xff, 0xff, 0xff, 0xff,
  0xff, 0xff, 0xff, 0xff, 0xff, 0xff, 0xff, 0xff, 0xec, 0x27, 0x00, 0x00, 0x00, 0x00, 0x00, 0x00,
  0x77, 0xff, 0xff, 0xff, 0xff, 0xff, 0xff, 0xff, 0xff, 0xff, 0xff, 0xff, 0xff, 0xff, 0xff, 0xff,
  0xff, 0xff, 0xff, 0xff, 0xff, 0xff, 0x6f, 0x00, 0x00, 0x00, 0x00, 0x00, 0x00, 0x53, 0xff, 0xff,
  0xff, 0xff, 0xff, 0xac, 0x00, 0x00, 0x00, 0x00, 0x34, 0xff, 0xff, 0xff, 0xff, 0xff, 0xff, 0xff,
  0xff, 0xff, 0xff, 0xff, 0xff, 0xff, 0xff, 0xff, 0xff, 0xff, 0xff, 0xff, 0xff, 0xb8, 0x00, 0x00,
  0xfc, 0xff, 0xff, 0xff, 0xff, 0xff, 0xff, 0xff, 0xff, 0xff, 0xff, 0xff, 0xff, 0xff, 0xff, 0xff,
  0xff, 0xff, 0xff, 0xff, 0xd8, 0x00, 0x00, 0x00, 0x00, 0x00, 0x00, 0x00, 0x00, 0x5b, 0xff, 0xff,
  0xff, 0xff, 0xff, 0xff, 0xff, 0xff, 0xff, 0xff, 0xff, 0xff, 0xff, 0xff, 0xff, 0xff, 0xff, 0xff,
  0xff, 0xff, 0xff, 0xb8, 0x00, 0x00, 0x00, 0x00, 0x00, 0x00, 0xc3, 0xff, 0xff, 0xff, 0xff, 0xff,
  0xff, 0xff, 0xff, 0xff, 0xff, 0xff, 0xff, 0xff, 0xff, 0xff, 0xff, 0xff, 0xff, 0xff, 0xff, 0xff,
  0xff, 0xff, 0xf3, 0x04, 0x00, 0x00, 0x00, 0x00, 0x9f, 0xff, 0xff, 0xff, 0xff, 0xff, 0xff, 0xff,
  0xff, 0xff, 0xff, 0xff, 0xff, 0xff, 0xff, 0xff, 0xff, 0xff, 0xff, 0xff, 0xff, 0xff, 0xff, 0xfb,
  0x1b, 0x00, 0x00, 0x00, 0x00, 0x00, 0xe7, 0xff, 0xff, 0xff, 0xff, 0xff, 0xff, 0xff, 0xff, 0xff,
  0xff, 0xff, 0xff, 0xff, 0xff, 0xff, 0xff, 0xff, 0xff, 0xff, 0xff, 0x20, 0x00, 0x00, 0x00, 0x00,
  0x00, 0x00, 0x00, 0x48, 0xfc, 0xff, 0xff, 0xff, 0xff, 0xff, 0xff, 0xff, 0xff, 0xff, 0xff, 0xff,
  0xff, 0xff, 0xff, 0xff, 0xff, 0xff, 0xff, 0xff, 0xff, 0xd3, 0x03, 0x00, 0x00, 0x00, 0x00, 0x00,
  0x0b, 0xd8, 0xff, 0xff, 0xff, 0xff, 0xff, 0xff, 0xff, 0xff, 0xff, 0xff, 0xff, 0xff, 0xff, 0xff,
  0xff, 0xff, 0xff, 0xff, 0xff, 0xff, 0xfb, 0x34, 0x00, 0x00, 0x00, 0x00, 0x00, 0x53, 0xff, 0xff,
  0xff, 0xff, 0xff, 0xac, 0x00, 0x00, 0x00, 0x00, 0x34, 0xff, 0xff, 0xff, 0xff, 0xff, 0xff, 0xff,
  0xff, 0xff, 0xff, 0xff, 0xff, 0xff, 0xff, 0xff, 0xff, 0xff, 0xff, 0xff, 0xff, 0xb8, 0x00, 0x00,
  0xfc, 0xff, 0xff, 0xff, 0xff, 0xff, 0xff, 0xff, 0xff, 0xff, 0xff, 0xff, 0xff, 0xff, 0xff, 0xff,
  0xff, 0xff, 0xff, 0xff, 0xd8, 0x00, 0x00, 0x00, 0x00, 0x00, 0x00, 0x00, 0x00, 0x00, 0x7f, 0xff,
  0xff, 0xff, 0xff, 0xff, 0xff, 0xff, 0xff, 0xff, 0xff, 0xff, 0xff, 0xff, 0xff, 0xff, 0xff, 0xff,
  0xff, 0xff, 0xff, 0xff, 0x3f, 0x00, 0x00, 0x00, 0x00, 0x00, 0xc3, 0xff, 0xff, 0xff, 0xff, 0xff,
  0xff, 0xff, 0xff, 0xff, 0xff, 0xff, 0xff, 0xff, 0xff, 0xff, 0xff, 0xff, 0xff, 0xff, 0xff, 0xff,
  0xff, 0xff, 0x93, 0x00, 0x00, 0x00, 0x00, 0x00, 0x9f, 0xff, 0xff, 0xff, 0xff, 0xff, 0xff, 0xff,
  0xff, 0xff, 0xff, 0xff, 0xff, 0xff, 0xff, 0xff, 0xff, 0xff, 0xff, 0xff, 0xff, 0xff, 0xff, 0xa0,
  0x00, 0x00, 0x00, 0x00, 0x00, 0x00, 0xe7, 0xff, 0xff, 0xff, 0xff, 0xff, 0xff, 0xff, 0xff, 0xff,
  0xff, 0xff, 0xff, 0xff, 0xff, 0xff, 0xff, 0xff, 0xff, 0xff, 0xff, 0x20, 0x00, 0x00, 0x00, 0x00,
  0x00, 0x00, 0x00, 0x00, 0x6f, 0xfc, 0xff, 0xff, 0xff, 0xff, 0xff, 0xff, 0xff, 0xff, 0xff, 0xff,
  0xff, 0xff, 0xff, 0xff, 0xff, 0xff, 0xff, 0xff, 0xff, 0xff, 0x58, 0x00, 0x00, 0x00, 0x00, 0x00,
  0x00, 0x24, 0xe0, 0xff, 0xff, 0xff, 0xff, 0xff, 0xff, 0xff, 0xff, 0xff, 0xff, 0xff, 0xff, 0xff,
  0xff, 0xff, 0xff, 0xff, 0xff, 0xff, 0xff, 0xb7, 0x00, 0x00, 0x00, 0x00, 0x00, 0x53, 0xff, 0xff,
  0xff, 0xff, 0xff, 0xac, 0x00, 0x00, 0x00, 0x00, 0x34, 0xff, 0xff, 0xff, 0xff, 0xff, 0xff, 0xff,
  0xff, 0xff, 0xff, 0xff, 0xff, 0xff, 0xff, 0xff, 0xff, 0xff, 0xff, 0xff, 0xff, 0xb8, 0x00, 0x00,
  0xfc, 0xff, 0xff, 0xff, 0xff, 0xff, 0xd0, 0xcc, 0xcc, 0xcc, 0xcc, 0xcc, 0xcc, 0xcc, 0xcc, 0xcc,
  0xcc, 0xcc, 0xcc, 0xcc, 0xaf, 0x00, 0x00, 0x00, 0x00, 0x00, 0x00, 0x00, 0x00, 0x00, 0x00, 0x50,
  0xdc, 0xff, 0xff, 0xff, 0xff, 0xff, 0xff, 0xff, 0xff, 0xff, 0xff, 0xff, 0xff, 0xff, 0xff, 0xff,
  0xff, 0xff, 0xff, 0xff, 0x93, 0x00, 0x00, 0x00, 0x00, 0x00, 0xc3, 0xff, 0xff, 0xff, 0xff, 0xff,
  0xff, 0xff, 0xff, 0xff, 0xff, 0xff, 0xff, 0xff, 0xff, 0xff, 0xff, 0xff, 0xff, 0xff, 0xff, 0xff,
  0xff, 0xe7, 0x17, 0x00, 0x00, 0x00, 0x00, 0x00, 0x9f, 0xff, 0xff, 0xff, 0xff, 0xff, 0xff, 0xff,
  0xff, 0xff, 0xff, 0xff, 0xff, 0xff, 0xff, 0xff, 0xff, 0xff, 0xff, 0xff, 0xff, 0xff, 0xd4, 0x0f,
  0x00, 0x00, 0x00, 0x00, 0x00, 0x00, 0xe7, 0xff, 0xff, 0xff, 0xff, 0xff, 0xd7, 0xcc, 0xcc, 0xcc,
  0xcc, 0xcc, 0xcc, 0xcc, 0xcc, 0xcc, 0xcc, 0xcc, 0xcc, 0xcc, 0xcc, 0x1b, 0x00, 0x00, 0x00, 0x00,
  0x00, 0x00, 0x00, 0x00, 0x00, 0x47, 0xd4, 0xff, 0xff, 0xff, 0xff, 0xff, 0xff, 0xff, 0xff, 0xff,
  0xff, 0xff, 0xff, 0xff, 0xff, 0xff, 0xff, 0xff, 0xff, 0xff, 0xab, 0x00, 0x00, 0x00, 0x00, 0x00,
  0x00, 0x00, 0x17, 0xa0, 0xfc, 0xff, 0xff, 0xff, 0xff, 0xff, 0xff, 0xff, 0xff, 0xff, 0xff, 0xff,
  0xff, 0xff, 0xff, 0xff, 0xff, 0xff, 0xff, 0xfb, 0x10, 0x00, 0x00, 0x00, 0x00, 0x53, 0xff, 0xff,
  0xff, 0xff, 0xff, 0xac, 0x00, 0x00, 0x00, 0x00, 0x34, 0xff, 0xff, 0xff, 0xff, 0xff, 0xf4, 0xcc,
  0xcc, 0xcc, 0xcc, 0xcc, 0xcc, 0xcc, 0xcc, 0xcc, 0xcc, 0xcc, 0xcc, 0xcc, 0xcc, 0x93, 0x00, 0x00,
  0xfc, 0xff, 0xff, 0xff, 0xff, 0xff, 0x14, 0x00, 0x00, 0x00, 0x00, 0x00, 0x00, 0x00, 0x00, 0x00,
  0x00, 0x00, 0x00, 0x00, 0x00, 0x00, 0x00, 0x00, 0x00, 0x00, 0x00, 0x00, 0x00, 0x00, 0x00, 0x00,
  0x03, 0x3b, 0x6f, 0x84, 0x88, 0x88, 0x88, 0x88, 0x88, 0x88, 0x88, 0x88, 0x88, 0xbc, 0xff, 0xff,
  0xff, 0xff, 0xff, 0xff, 0xbc, 0x00, 0x00, 0x00, 0x00, 0x00, 0xc3, 0xff, 0xff, 0xff, 0xff, 0xff,
  0xff, 0xff, 0xff, 0xff, 0xff, 0xff, 0xff, 0xff, 0xff, 0xff, 0xff, 0xff, 0xff, 0xff, 0xff, 0xff,
  0xeb, 0x34, 0x00, 0x00, 0x00, 0x00, 0x00, 0x00, 0x9f, 0xff, 0xff, 0xff, 0xff, 0xff, 0xff, 0xff,
  0xff, 0xff, 0xff, 0xff, 0xff, 0xff, 0xff, 0xff, 0xff, 0xff, 0xff, 0xff, 0xff, 0xbb, 0x17, 0x00,
  0x00, 0x00, 0x00, 0x00, 0x00, 0x00, 0xe7, 0xff, 0xff, 0xff, 0xff, 0xff, 0x30, 0x00, 0x00, 0x00,
  0x00, 0x00, 0x00, 0x00, 0x00, 0x00, 0x00, 0x00, 0x00, 0x00, 0x00, 0x00, 0x00, 0x00, 0x00, 0x00,
  0x00, 0x00, 0x00, 0x00, 0x00, 0x00, 0x00, 0x34, 0x6c, 0x84, 0x88, 0x88, 0x88, 0x88, 0x88, 0x88,
  0x88, 0x88, 0x88, 0xb7, 0xff, 0xff, 0xff, 0xff, 0xff, 0xff, 0xd4, 0x00, 0x00, 0x00, 0x00, 0x00,
  0x00, 0x00, 0x00, 0x00, 0x17, 0x5c, 0x7c, 0x88, 0x88, 0x88, 0x88, 0x88, 0x88, 0x88, 0x88, 0x88,
  0x97, 0xef, 0xff, 0xff, 0xff, 0xff, 0xff, 0xff, 0x37, 0x00, 0x00, 0x00, 0x00, 0x53, 0xff, 0xff,
  0xff, 0xff, 0xff, 0xac, 0x00, 0x00, 0x00, 0x00, 0x34, 0xff, 0xff, 0xff, 0xff, 0xff, 0xc8, 0x00,
  0x00, 0x00, 0x00, 0x00, 0x00, 0x00, 0x00, 0x00, 0x00, 0x00, 0x00, 0x00, 0x00, 0x00, 0x00, 0x00,
  0xfc, 0xff, 0xff, 0xff, 0xff, 0xff, 0x14, 0x00, 0x00, 0x00, 0x00, 0x00, 0x00, 0x00, 0x00, 0x00,
  0x00, 0x00, 0x00, 0x00, 0x00, 0x00, 0x00, 0x00, 0x00, 0x00, 0x00, 0x00, 0x00, 0x00, 0x00, 0x00,
  0x00, 0x00, 0x00, 0x00, 0x00, 0x00, 0x00, 0x00, 0x00, 0x00, 0x00, 0x00, 0x00, 0x00, 0x94, 0xff,
  0xff, 0xff, 0xff, 0xff, 0xcf, 0x00, 0x00, 0x00, 0x00, 0x00, 0xc3, 0xff, 0xff, 0xff, 0xff, 0xff,
  0xff, 0xff, 0xff, 0xff, 0xff, 0xff, 0xff, 0xff, 0xff, 0xff, 0xff, 0xff, 0xff, 0xff, 0xfc, 0xa4,
  0x1c, 0x00, 0x00, 0x00, 0x00, 0x00, 0x00, 0x00, 0x9f, 0xff, 0xff, 0xff, 0xff, 0xff, 0xf4, 0xef,
  0xef, 0xef, 0xef, 0xef, 0xf4, 0xff, 0xff, 0xff, 0xff, 0xff, 0xff, 0xff, 0xdf, 0x14, 0x00, 0x00,
  0x00, 0x00, 0x00, 0x00, 0x00, 0x00, 0xe7, 0xff, 0xff, 0xff, 0xff, 0xff, 0x30, 0x00, 0x00, 0x00,
  0x00, 0x00, 0x00, 0x00, 0x00, 0x00, 0x00, 0x00, 0x00, 0x00, 0x00, 0x00, 0x00, 0x00, 0x00, 0x00,
  0x00, 0x00, 0x00, 0x00, 0x00, 0x00, 0x00, 0x00, 0x00, 0x00, 0x00, 0x00, 0x00, 0x00, 0x00, 0x00,
  0x00, 0x00, 0x00, 0x00, 0x87, 0xff, 0xff, 0xff, 0xff, 0xff, 0xe4, 0x00, 0x00, 0x00, 0x00, 0x00,
  0x00, 0x00, 0x00, 0x00, 0x00, 0x00, 0x00, 0x00, 0x00, 0x00, 0x00, 0x00, 0x00, 0x00, 0x00, 0x00,
  0x00, 0x27, 0xf7, 0xff, 0xff, 0xff, 0xff, 0xff, 0x48, 0x00, 0x00, 0x00, 0x00, 0x53, 0xff, 0xff,
  0xff, 0xff, 0xff, 0xac, 0x00, 0x00, 0x00, 0x00, 0x34, 0xff, 0xff, 0xff, 0xff, 0xff, 0xc8, 0x00,
  0x00, 0x00, 0x00, 0x00, 0x00, 0x00, 0x00, 0x00, 0x00, 0x00, 0x00, 0x00, 0x00, 0x00, 0x00, 0x00,
  0xfc, 0xff, 0xff, 0xff, 0xff, 0xff, 0x14, 0x00, 0x00, 0x00, 0x00, 0x00, 0x00, 0x00, 0x00, 0x00,
  0x00, 0x00, 0x00, 0x00, 0x00, 0x00, 0x00, 0x00, 0x00, 0x00, 0x00, 0x00, 0x00, 0x00, 0x00, 0x00,
  0x00, 0x00, 0x00, 0x00, 0x00, 0x00, 0x00, 0x00, 0x00, 0x00, 0x00, 0x00, 0x00, 0x00, 0x38, 0xff,
  0xff, 0xff, 0xff, 0xff, 0xcf, 0x00, 0x00, 0x00, 0x00, 0x00, 0xc3, 0xff, 0xff, 0xff, 0xff, 0xff,
  0x88, 0x67, 0x67, 0x67, 0x67, 0x67, 0x67, 0x67, 0x67, 0x67, 0x67, 0x67, 0x64, 0x4c, 0x13, 0x00,
  0x00, 0x00, 0x00, 0x00, 0x00, 0x00, 0x00, 0x00, 0x9f, 0xff, 0xff, 0xff, 0xff, 0xff, 0x67, 0x00,
  0x00, 0x00, 0x00, 0x00, 0x00, 0x0c, 0x53, 0xcc, 0xff, 0xff, 0xff, 0xff, 0xff, 0xdf, 0x20, 0x00,
  0x00, 0x00, 0x00, 0x00, 0x00, 0x00, 0xe7, 0xff, 0xff, 0xff, 0xff, 0xff, 0x30, 0x00, 0x00, 0x00,
  0x00, 0x00, 0x00, 0x00, 0x00, 0x00, 0x00, 0x00, 0x00, 0x00, 0x00, 0x00, 0x00, 0x00, 0x00, 0x00,
  0x00, 0x00, 0x00, 0x00, 0x00, 0x00, 0x00, 0x00, 0x00, 0x00, 0x00, 0x00, 0x00, 0x00, 0x00, 0x00,
  0x00, 0x00, 0x00, 0x00, 0x28, 0xff, 0xff, 0xff, 0xff, 0xff, 0xe4, 0x00, 0x00, 0x00, 0x00, 0x00,
  0x00, 0x00, 0x00, 0x00, 0x00, 0x00, 0x00, 0x00, 0x00, 0x00, 0x00, 0x00, 0x00, 0x00, 0x00, 0x00,
  0x00, 0x00, 0xc0, 0xff, 0xff, 0xff, 0xff, 0xff, 0x48, 0x00, 0x00, 0x00, 0x00, 0x53, 0xff, 0xff,
  0xff, 0xff, 0xff, 0xac, 0x00, 0x00, 0x00, 0x00, 0x34, 0xff, 0xff, 0xff, 0xff, 0xff, 0xc8, 0x00,
  0x00, 0x00, 0x00, 0x00, 0x00, 0x00, 0x00, 0x00, 0x00, 0x00, 0x00, 0x00, 0x00, 0x00, 0x00, 0x00,
  0xfc, 0xff, 0xff, 0xff, 0xff, 0xff, 0x14, 0x00, 0x00, 0x00, 0x00, 0x00, 0x00, 0x00, 0x00, 0x00,
  0x00, 0x00, 0x00, 0x00, 0x00, 0x00, 0x00, 0x00, 0x00, 0x00, 0x00, 0x00, 0x00, 0x00, 0x00, 0x00,
  0x00, 0x00, 0x00, 0x00, 0x00, 0x00, 0x00, 0x00, 0x00, 0x00, 0x00, 0x00, 0x00, 0x00, 0x2c, 0xff,
  0xff, 0xff, 0xff, 0xff, 0xcf, 0x00, 0x00, 0x00, 0x00, 0x00, 0xc3, 0xff, 0xff, 0xff, 0xff, 0xff,
  0x3b, 0x00, 0x00, 0x00, 0x00, 0x00, 0x00, 0x00, 0x00, 0x00, 0x00, 0x00, 0x00, 0x00, 0x00, 0x00,
  0x00, 0x00, 0x00, 0x00, 0x00, 0x00, 0x00, 0x00, 0x9f, 0xff, 0xff, 0xff, 0xff, 0xff, 0x67, 0x00,
  0x00, 0x00, 0x00, 0x00, 0x00, 0x00, 0x00, 0x04, 0xa3, 0xff, 0xff, 0xff, 0xff, 0xff, 0xcf, 0x08,
  0x00, 0x00, 0x00, 0x00, 0x00, 0x00, 0xe7, 0xff, 0xff, 0xff, 0xff, 0xff, 0x30, 0x00, 0x00, 0x00,
  0x00, 0x00, 0x00, 0x00, 0x00, 0x00, 0x00, 0x00, 0x00, 0x00, 0x00, 0x00, 0x00, 0x00, 0x00, 0x00,
  0x00, 0x00, 0x00, 0x00, 0x00, 0x00, 0x00, 0x00, 0x00, 0x00, 0x00, 0x00, 0x00, 0x00, 0x00, 0x00,
  0x00, 0x00, 0x00, 0x00, 0x1f, 0xff, 0xff, 0xff, 0xff, 0xff, 0xe4, 0x00, 0x00, 0x00, 0x00, 0x00,
  0x00, 0x00, 0x00, 0x00, 0x00, 0x00, 0x00, 0x00, 0x00, 0x00, 0x00, 0x00, 0x00, 0x00, 0x00, 0x00,
  0x00, 0x00, 0xb4, 0xff, 0xff, 0xff, 0xff, 0xff, 0x48, 0x00, 0x00, 0x00, 0x00, 0x53, 0xff, 0xff,
  0xff, 0xff, 0xff, 0xac, 0x00, 0x00, 0x00, 0x00, 0x34, 0xff, 0xff, 0xff, 0xff, 0xff, 0xc8, 0x00,
  0x00, 0x00, 0x00, 0x00, 0x00, 0x00, 0x00, 0x00, 0x00, 0x00, 0x00, 0x00, 0x00, 0x00, 0x00, 0x00,
  0xfc, 0xff, 0xff, 0xff, 0xff, 0xff, 0x14, 0x00, 0x00, 0x00, 0x00, 0x00, 0x00, 0x00, 0x00, 0x00,
  0x00, 0x00, 0x00, 0x00, 0x00, 0x00, 0x00, 0x00, 0x00, 0x00, 0x00, 0x00, 0x00, 0x00, 0x00, 0x00,
  0x00, 0x00, 0x00, 0x00, 0x00, 0x00, 0x00, 0x00, 0x00, 0x00, 0x00, 0x00, 0x00, 0x00, 0x2c, 0xff,
  0xff, 0xff, 0xff, 0xff, 0xcf, 0x00, 0x00, 0x00, 0x00, 0x00, 0xc3, 0xff, 0xff, 0xff, 0xff, 0xff,
  0x3b, 0x00, 0x00, 0x00, 0x00, 0x00, 0x00, 0x00, 0x00, 0x00, 0x00, 0x00, 0x00, 0x00, 0x00, 0x00,
  0x00, 0x00, 0x00, 0x00, 0x00, 0x00, 0x00, 0x00, 0x9f, 0xff, 0xff, 0xff, 0xff, 0xff, 0x67, 0x00,
  0x00, 0x00, 0x00, 0x00, 0x00, 0x00, 0x00, 0x00, 0x04, 0xd0, 0xff, 0xff, 0xff, 0xff, 0xff, 0x73,
  0x00, 0x00, 0x00, 0x00, 0x00, 0x00, 0xe7, 0xff, 0xff, 0xff, 0xff, 0xff, 0x30, 0x00, 0x00, 0x00,
  0x00, 0x00, 0x00, 0x00, 0x00, 0x00, 0x00, 0x00, 0x00, 0x00, 0x00, 0x00, 0x00, 0x00, 0x00, 0x00,
  0x00, 0x00, 0x00, 0x00, 0x00, 0x00, 0x00, 0x00, 0x00, 0x00, 0x00, 0x00, 0x00, 0x00, 0x00, 0x00,
  0x00, 0x00, 0x00, 0x00, 0x1f, 0xff, 0xff, 0xff, 0xff, 0xff, 0xe4, 0x00, 0x00, 0x00, 0x00, 0x00,
  0x00, 0x00, 0x00, 0x00, 0x00, 0x00, 0x00, 0x00, 0x00, 0x00, 0x00, 0x00, 0x00, 0x00, 0x00, 0x00,
  0x00, 0x00, 0xb4, 0xff, 0xff, 0xff, 0xff, 0xff, 0x48, 0x00, 0x00, 0x00, 0x00, 0x53, 0xff, 0xff,
  0xff, 0xff, 0xff, 0xac, 0x00, 0x00, 0x00, 0x00, 0x34, 0xff, 0xff, 0xff, 0xff, 0xff, 0xc8, 0x00,
  0x00, 0x00, 0x00, 0x00, 0x00, 0x00, 0x00, 0x00, 0x00, 0x00, 0x00, 0x00, 0x00, 0x00, 0x00, 0x00,
  0xfc, 0xff, 0xff, 0xff, 0xff, 0xff, 0x14, 0x00, 0x00, 0x00, 0x00, 0x00, 0x00, 0x00, 0x00, 0x00,
  0x00, 0x00, 0x00, 0x00, 0x00, 0x00, 0x00, 0x00, 0x00, 0x00, 0x00, 0x00, 0x00, 0x00, 0x00, 0x00,
  0x00, 0x00, 0x00, 0x00, 0x00, 0x00, 0x00, 0x00, 0x00, 0x00, 0x00, 0x00, 0x00, 0x00, 0x2c, 0xff,
  0xff, 0xff, 0xff, 0xff, 0xcf, 0x00, 0x00, 0x00, 0x00, 0x00, 0xc3, 0xff, 0xff, 0xff, 0xff, 0xff,
  0x3b, 0x00, 0x00, 0x00, 0x00, 0x00, 0x00, 0x00, 0x00, 0x00, 0x00, 0x00, 0x00, 0x00, 0x00, 0x00,
  0x00, 0x00, 0x00, 0x00, 0x00, 0x00, 0x00, 0x00, 0x9f, 0xff, 0xff, 0xff, 0xff, 0xff, 0x67, 0x00,
  0x00, 0x00, 0x00, 0x00, 0x00, 0x00, 0x00, 0x00, 0x00, 0x58, 0xff, 0xff, 0xff, 0xff, 0xff, 0xe3,
  0x00, 0x00, 0x00, 0x00, 0x00, 0x00, 0xe7, 0xff, 0xff, 0xff, 0xff, 0xff, 0x30, 0x00, 0x00, 0x00,
  0x00, 0x00, 0x00, 0x00, 0x00, 0x00, 0x00, 0x00, 0x00, 0x00, 0x00, 0x00, 0x00, 0x00, 0x00, 0x00,
  0x00, 0x00, 0x00, 0x00, 0x00, 0x00, 0x00, 0x00, 0x00, 0x00, 0x00, 0x00, 0x00, 0x00, 0x00, 0x00,
  0x00, 0x00, 0x00, 0x00, 0x1f, 0xff, 0xff, 0xff, 0xff, 0xff, 0xe4, 0x00, 0x00, 0x00, 0x00, 0x00,
  0x00, 0x00, 0x00, 0x00, 0x00, 0x00, 0x00, 0x00, 0x00, 0x00, 0x00, 0x00, 0x00, 0x00, 0x00, 0x00,
  0x00, 0x00, 0xb4, 0xff, 0xff, 0xff, 0xff, 0xff, 0x48, 0x00, 0x00, 0x00, 0x00, 0x53, 0xff, 0xff,
  0xff, 0xff, 0xff, 0xac, 0x00, 0x00, 0x00, 0x00, 0x34, 0xff, 0xff, 0xff, 0xff, 0xff, 0xc8, 0x00,
  0x00, 0x00, 0x00, 0x00, 0x00, 0x00, 0x00, 0x00, 0x00, 0x00, 0x00, 0x00, 0x00, 0x00, 0x00, 0x00,
  0xfc, 0xff, 0xff, 0xff, 0xff, 0xff, 0x14, 0x00, 0x00, 0x00, 0x00, 0x00, 0x00, 0x00, 0x00, 0x00,
  0x00, 0x00, 0x00, 0x00, 0x00, 0x00, 0x00, 0x00, 0x00, 0x00, 0x00, 0x00, 0x00, 0x00, 0x00, 0x00,
  0x00, 0x00, 0x00, 0x00, 0x00, 0x00, 0x00, 0x00, 0x00, 0x00, 0x00, 0x00, 0x00, 0x00, 0x2c, 0xff,
  0xff, 0xff, 0xff, 0xff, 0xcf, 0x00, 0x00, 0x00, 0x00, 0x00, 0xc3, 0xff, 0xff, 0xff, 0xff, 0xff,
  0x3b, 0x00, 0x00, 0x00, 0x00, 0x00, 0x00, 0x00, 0x00, 0x00, 0x00, 0x00, 0x00, 0x00, 0x00, 0x00,
  0x00, 0x00, 0x00, 0x00, 0x00, 0x00, 0x00, 0x00, 0x9f, 0xff, 0xff, 0xff, 0xff, 0xff, 0x67, 0x00,
  0x00, 0x00, 0x00, 0x00, 0x00, 0x00, 0x00, 0x00, 0x00, 0x13, 0xff, 0xff, 0xff, 0xff, 0xff, 0xff,
  0x27, 0x00, 0x00, 0x00, 0x00, 0x00, 0xe7, 0xff, 0xff, 0xff, 0xff, 0xff, 0x30, 0x00, 0x00, 0x00,
  0x00, 0x00, 0x00, 0x00, 0x00, 0x00, 0x00, 0x00, 0x00, 0x00, 0x00, 0x00, 0x00, 0x00, 0x00, 0x00,
  0x00, 0x00, 0x00, 0x00, 0x00, 0x00, 0x00, 0x00, 0x00, 0x00, 0x00, 0x00, 0x00, 0x00, 0x00, 0x00,
  0x00, 0x00, 0x00, 0x00, 0x1f, 0xff, 0xff, 0xff, 0xff, 0xff, 0xe4, 0x00, 0x00, 0x00, 0x00, 0x00,
  0x00, 0x00, 0x00, 0x00, 0x00, 0x00, 0x00, 0x00, 0x00, 0x00, 0x00, 0x00, 0x00, 0x00, 0x00, 0x00,
  0x00, 0x00, 0xb4, 0xff, 0xff, 0xff, 0xff, 0xff, 0x48, 0x00, 0x00, 0x00, 0x00, 0x53, 0xff, 0xff,
  0xff, 0xff, 0xff, 0xac, 0x00, 0x00, 0x00, 0x00, 0x34, 0xff, 0xff, 0xff, 0xff, 0xff, 0xc8, 0x00,
  0x00, 0x00, 0x00, 0x00, 0x00, 0x00, 0x00, 0x00, 0x00, 0x00, 0x00, 0x00, 0x00, 0x00, 0x00, 0x00,
  0xfc, 0xff, 0xff, 0xff, 0xff, 0xff, 0x14, 0x00, 0x00, 0x00, 0x00, 0x00, 0x00, 0x00, 0x00, 0x00,
  0x00, 0x00, 0x00, 0x00, 0x00, 0x00, 0x00, 0x00, 0x00, 0x00, 0x00, 0x00, 0x00, 0x00, 0x00, 0x00,
  0x00, 0x00, 0x00, 0x00, 0x00, 0x00, 0x00, 0x00, 0x00, 0x00, 0x00, 0x00, 0x00, 0x00, 0x2c, 0xff,
  0xff, 0xff, 0xff, 0xff, 0xcf, 0x00, 0x00, 0x00, 0x00, 0x00, 0xc3, 0xff, 0xff, 0xff, 0xff, 0xff,
  0x3b, 0x00, 0x00, 0x00, 0x00, 0x00, 0x00, 0x00, 0x00, 0x00, 0x00, 0x00, 0x00, 0x00, 0x00, 0x00,
  0x00, 0x00, 0x00, 0x00, 0x00, 0x00, 0x00, 0x00, 0x9f, 0xff, 0xff, 0xff, 0xff, 0xff, 0x67, 0x00,
  0x00, 0x00, 0x00, 0x00, 0x00, 0x00, 0x00, 0x00, 0x00, 0x00, 0xdb, 0xff, 0xff, 0xff, 0xff, 0xff,
  0x60, 0x00, 0x00, 0x00, 0x00, 0x00, 0xe7, 0xff, 0xff, 0xff, 0xff, 0xff, 0x30, 0x00, 0x00, 0x00,
  0x00, 0x00, 0x00, 0x00, 0x00, 0x00, 0x00, 0x00, 0x00, 0x00, 0x00, 0x00, 0x00, 0x00, 0x00, 0x00,
  0x00, 0x00, 0x00, 0x00, 0x00, 0x00, 0x00, 0x00, 0x00, 0x00, 0x00, 0x00, 0x00, 0x00, 0x00, 0x00,
  0x00, 0x00, 0x00, 0x00, 0x1f, 0xff, 0xff, 0xff, 0xff, 0xff, 0xe4, 0x00, 0x00, 0x00, 0x00, 0x00,
  0x00, 0x00, 0x00, 0x00, 0x00, 0x00, 0x00, 0x00, 0x00, 0x00, 0x00, 0x00, 0x00, 0x00, 0x00, 0x00,
  0x00, 0x00, 0xb4, 0xff, 0xff, 0xff, 0xff, 0xff, 0x48, 0x00, 0x00, 0x00, 0x00, 0x53, 0xff, 0xff,
  0xff, 0xff, 0xff, 0xac, 0x00, 0x00, 0x00, 0x00, 0x34, 0xff, 0xff, 0xff, 0xff, 0xff, 0xc8, 0x00,
  0x00, 0x00, 0x00, 0x00, 0x00, 0x00, 0x00, 0x00, 0x00, 0x00, 0x00, 0x00, 0x00, 0x00, 0x00, 0x00,
  0xfc, 0xff, 0xff, 0xff, 0xff, 0xff, 0x14, 0x00, 0x00, 0x00, 0x00, 0x00, 0x00, 0x00, 0x00, 0x00,
  0x00, 0x00, 0x00, 0x00, 0x00, 0x00, 0x00, 0x00, 0x00, 0x00, 0x00, 0x00, 0x00, 0x00, 0x00, 0x00,
  0x00, 0x00, 0x00, 0x00, 0x00, 0x00, 0x00, 0x00, 0x00, 0x00, 0x00, 0x00, 0x00, 0x00, 0x2c, 0xff,
  0xff, 0xff, 0xff, 0xff, 0xcf, 0x00, 0x00, 0x00, 0x00, 0x00, 0xc3, 0xff, 0xff, 0xff, 0xff, 0xff,
  0x3b, 0x00, 0x00, 0x00, 0x00, 0x00, 0x00, 0x00, 0x00, 0x00, 0x00, 0x00, 0x00, 0x00, 0x00, 0x00,
  0x00, 0x00, 0x00, 0x00, 0x00, 0x00, 0x00, 0x00, 0x9f, 0xff, 0xff, 0xff, 0xff, 0xff, 0x67, 0x00,
  0x00, 0x00, 0x00, 0x00, 0x00, 0x00, 0x00, 0x00, 0x00, 0x00, 0xa4, 0xff, 0xff, 0xff, 0xff, 0xff,
  0x9c, 0x00, 0x00, 0x00, 0x00, 0x00, 0xe7, 0xff, 0xff, 0xff, 0xff, 0xff, 0x30, 0x00, 0x00, 0x00,
  0x00, 0x00, 0x00, 0x00, 0x00, 0x00, 0x00, 0x00, 0x00, 0x00, 0x00, 0x00, 0x00, 0x00, 0x00, 0x00,
  0x00, 0x00, 0x00, 0x00, 0x00, 0x00, 0x00, 0x00, 0x00, 0x00, 0x00, 0x00, 0x00, 0x00, 0x00, 0x00,
  0x00, 0x00, 0x00, 0x00, 0x1f, 0xff, 0xff, 0xff, 0xff, 0xff, 0xe4, 0x00, 0x00, 0x00, 0x00, 0x00,
  0x00, 0x00, 0x00, 0x00, 0x00, 0x00, 0x00, 0x00, 0x00, 0x00, 0x00, 0x00, 0x00, 0x00, 0x00, 0x00,
  0x00, 0x00, 0xb4, 0xff, 0xff, 0xff, 0xff, 0xff, 0x48, 0x00, 0x00, 0x00, 0x00, 0x53, 0xff, 0xff,
  0xff, 0xff, 0xff, 0xac, 0x00, 0x00, 0x00, 0x00, 0x34, 0xff, 0xff, 0xff, 0xff, 0xff, 0xc8, 0x00,
  0x00, 0x00, 0x00, 0x00, 0x00, 0x00, 0x00, 0x00, 0x00, 0x00, 0x00, 0x00, 0x00, 0x00, 0x00, 0x00,
  0xfc, 0xff, 0xff, 0xff, 0xff, 0xff, 0x14, 0x00, 0x00, 0x00, 0x00, 0x00, 0x00, 0x00, 0x00, 0x00,
  0x00, 0x00, 0x00, 0x00, 0x00, 0x00, 0x00, 0x00, 0x00, 0x00, 0x00, 0x00, 0x00, 0x00, 0x00, 0x00,
  0x00, 0x00, 0x00, 0x00, 0x00, 0x00, 0x00, 0x00, 0x00, 0x00, 0x00, 0x00, 0x00, 0x00, 0x2c, 0xff,
  0xff, 0xff, 0xff, 0xff, 0xcf, 0x00, 0x00, 0x00, 0x00, 0x00, 0xc3, 0xff, 0xff, 0xff, 0xff, 0xff,
  0x3b, 0x00, 0x00, 0x00, 0x00, 0x00, 0x00, 0x00, 0x00, 0x00, 0x00, 0x00, 0x00, 0x00, 0x00, 0x00,
  0x00, 0x00, 0x00, 0x00, 0x00, 0x00, 0x00, 0x00, 0x9f, 0xff, 0xff, 0xff, 0xff, 0xff, 0x67, 0x00,
  0x00, 0x00, 0x00, 0x00, 0x00, 0x00, 0x00, 0x00, 0x00, 0x00, 0x70, 0xff, 0xff, 0xff, 0xff, 0xff,
  0xdb, 0x00, 0x00, 0x00, 0x00, 0x00, 0xe7, 0xff, 0xff, 0xff, 0xff, 0xff, 0x30, 0x00, 0x00, 0x00,
  0x00, 0x00, 0x00, 0x00, 0x00, 0x00, 0x00, 0x00, 0x00, 0x00, 0x00, 0x00, 0x00, 0x00, 0x00, 0x00,
  0x00, 0x00, 0x00, 0x00, 0x00, 0x00, 0x00, 0x00, 0x00, 0x00, 0x00, 0x00, 0x00, 0x00, 0x00, 0x00,
  0x00, 0x00, 0x00, 0x00, 0x1f, 0xff, 0xff, 0xff, 0xff, 0xff, 0xe4, 0x00, 0x00, 0x00, 0x00, 0x00,
  0x00, 0x00, 0x00, 0x00, 0x00, 0x00, 0x00, 0x00, 0x00, 0x00, 0x00, 0x00, 0x00, 0x00, 0x00, 0x00,
  0x00, 0x00, 0xb4, 0xff, 0xff, 0xff, 0xff, 0xff, 0x48, 0x00, 0x00, 0x00, 0x00, 0x53, 0xff, 0xff,
  0xff, 0xff, 0xff, 0xac, 0x00, 0x00, 0x00, 0x00, 0x34, 0xff, 0xff, 0xff, 0xff, 0xff, 0xc8, 0x00,
  0x00, 0x00, 0x00, 0x00, 0x00, 0x00, 0x00, 0x00, 0x00, 0x00, 0x00, 0x00, 0x00, 0x00, 0x00, 0x00,
  0xfc, 0xff, 0xff, 0xff, 0xff, 0xff, 0x20, 0x00, 0x00, 0x00, 0x00, 0x00, 0x00, 0x00, 0x00, 0x00,
  0x00, 0x00, 0x00, 0x00, 0x00, 0x00, 0x00, 0x00, 0x00, 0x00, 0x00, 0x00, 0x00, 0x00, 0x00, 0x00,
  0x00, 0x00, 0x00, 0x00, 0x00, 0x00, 0x00, 0x00, 0x00, 0x00, 0x00, 0x00, 0x00, 0x00, 0x38, 0xff,
  0xff, 0xff, 0xff, 0xff, 0xcf, 0x00, 0x00, 0x00, 0x00, 0x00, 0xc3, 0xff, 0xff, 0xff, 0xff, 0xff,
  0x3b, 0x00, 0x00, 0x00, 0x00, 0x00, 0x00, 0x00, 0x00, 0x00, 0x00, 0x00, 0x00, 0x00, 0x00, 0x00,
  0x00, 0x00, 0x00, 0x00, 0x00, 0x00, 0x00, 0x00, 0x9f, 0xff, 0xff, 0xff, 0xff, 0xff, 0x67, 0x00,
  0x00, 0x00, 0x00, 0x00, 0x00, 0x00, 0x00, 0x00, 0x00, 0x00, 0x3b, 0xff, 0xff, 0xff, 0xff, 0xff,
  0xff, 0x1b, 0x00, 0x00, 0x00, 0x00, 0xe7, 0xff, 0xff, 0xff, 0xff, 0xff, 0x3b, 0x00, 0x00, 0x00,
  0x00, 0x00, 0x00, 0x00, 0x00, 0x00, 0x00, 0x00, 0x00, 0x00, 0x00, 0x00, 0x00, 0x00, 0x00, 0x00,
  0x00, 0x00, 0x00, 0x00, 0x00, 0x00, 0x00, 0x00, 0x00, 0x00, 0x00, 0x00, 0x00, 0x00, 0x00, 0x00,
  0x00, 0x00, 0x00, 0x00, 0x28, 0xff, 0xff, 0xff, 0xff, 0xff, 0xe4, 0x00, 0x00, 0x00, 0x00, 0x00,
  0x00, 0x00, 0x00, 0x00, 0x00, 0x00, 0x00, 0x00, 0x00, 0x00, 0x00, 0x00, 0x00, 0x00, 0x00, 0x00,
  0x00, 0x00, 0xc0, 0xff, 0xff, 0xff, 0xff, 0xff, 0x48, 0x00, 0x00, 0x00, 0x00, 0x53, 0xff, 0xff,
  0xff, 0xff, 0xff, 0xac, 0x00, 0x00, 0x00, 0x00, 0x34, 0xff, 0xff, 0xff, 0xff, 0xff, 0xc8, 0x00,
  0x00, 0x00, 0x00, 0x00, 0x00, 0x00, 0x00, 0x00, 0x00, 0x00, 0x00, 0x00, 0x00, 0x00, 0x00, 0x00,
  0xf0, 0xff, 0xff, 0xff, 0xff, 0xff, 0x90, 0x00, 0x00, 0x00, 0x00, 0x00, 0x00, 0x00, 0x00, 0x00,
  0x00, 0x00, 0x00, 0x00, 0x00, 0x00, 0x00, 0x00, 0x00, 0x00, 0x00, 0x00, 0x00, 0x00, 0x00, 0x00,
  0x00, 0x00, 0x00, 0x00, 0x00, 0x00, 0x00, 0x00, 0x00, 0x00, 0x00, 0x00, 0x00, 0x00, 0x9f, 0xff,
  0xff, 0xff, 0xff, 0xff, 0xc4, 0x00, 0x00, 0x00, 0x00, 0x00, 0xc3, 0xff, 0xff, 0xff, 0xff, 0xff,
  0x3b, 0x00, 0x00, 0x00, 0x00, 0x00, 0x00, 0x00, 0x00, 0x00, 0x00, 0x00, 0x00, 0x00, 0x00, 0x00,
  0x00, 0x00, 0x00, 0x00, 0x00, 0x00, 0x00, 0x00, 0x9f, 0xff, 0xff, 0xff, 0xff, 0xff, 0x67, 0x00,
  0x00, 0x00, 0x00, 0x00, 0x00, 0x00, 0x00, 0x00, 0x00, 0x00, 0x08, 0xfb, 0xff, 0xff, 0xff, 0xff,
  0xff, 0x54, 0x00, 0x00, 0x00, 0x00, 0xdb, 0xff, 0xff, 0xff, 0xff, 0xff, 0xa7, 0x03, 0x00, 0x00,
  0x00, 0x00, 0x00, 0x00, 0x00, 0x00, 0x00, 0x00, 0x00, 0x00, 0x00, 0x00, 0x00, 0x00, 0x00, 0x00,
  0x00, 0x00, 0x00, 0x00, 0x00, 0x00, 0x00, 0x00, 0x00, 0x00, 0x00, 0x00, 0x00, 0x00, 0x00, 0x00,
  0x00, 0x00, 0x00, 0x00, 0x8f, 0xff, 0xff, 0xff, 0xff, 0xff, 0xd7, 0x00, 0x00, 0x00, 0x00, 0x00,
  0x00, 0x00, 0x00, 0x00, 0x00, 0x00, 0x00, 0x00, 0x00, 0x00, 0x00, 0x00, 0x00, 0x00, 0x00, 0x00,
  0x00, 0x2f, 0xf8, 0xff, 0xff, 0xff, 0xff, 0xff, 0x3c, 0x00, 0x00, 0x00, 0x00, 0x53, 0xff, 0xff,
  0xff, 0xff, 0xff, 0xac, 0x00, 0x00, 0x00, 0x00, 0x34, 0xff, 0xff, 0xff, 0xff, 0xff, 0xc8, 0x00,
  0x00, 0x00, 0x00, 0x00, 0x00, 0x00, 0x00, 0x00, 0x00, 0x00, 0x00, 0x00, 0x00, 0x00, 0x00, 0x00,
  0xd0, 0xff, 0xff, 0xff, 0xff, 0xff, 0xff, 0xd7, 0xab, 0xab, 0xab, 0xab, 0xab, 0xab, 0xab, 0xab,
  0xab, 0xab, 0xab, 0xab, 0xab, 0xab, 0xab, 0x24, 0x00, 0x00, 0x00, 0x00, 0x6c, 0xab, 0xab, 0xab,
  0xab, 0xab, 0xab, 0xab, 0xab, 0xab, 0xab, 0xab, 0xab, 0xab, 0xab, 0xab, 0xab, 0xd3, 0xff, 0xff,
  0xff, 0xff, 0xff, 0xff, 0xa3, 0x00, 0x00, 0x00, 0x00, 0x00, 0xc3, 0xff, 0xff, 0xff, 0xff, 0xff,
  0x3b, 0x00, 0x00, 0x00, 0x00, 0x00, 0x00, 0x00, 0x00, 0x00, 0x00, 0x00, 0x00, 0x00, 0x00, 0x00,
  0x00, 0x00, 0x00, 0x00, 0x00, 0x00, 0x00, 0x00, 0x9f, 0xff, 0xff, 0xff, 0xff, 0xff, 0x67, 0x00,
  0x00, 0x00, 0x00, 0x00, 0x00, 0x00, 0x00, 0x00, 0x00, 0x00, 0x00, 0xcf, 0xff, 0xff, 0xff, 0xff,
  0xff, 0x93, 0x00, 0x00, 0x00, 0x00, 0xbb, 0xff, 0xff, 0xff, 0xff, 0xff, 0xff, 0xdc, 0xab, 0xab,
  0xab, 0xab, 0xab, 0xab, 0xab, 0xab, 0xab, 0xab, 0xab, 0xab, 0xab, 0xab, 0xab, 0x33, 0x00, 0x00,
  0x00, 0x00, 0x5f, 0xab, 0xab, 0xab, 0xab, 0xab, 0xab, 0xab, 0xab, 0xab, 0xab, 0xab, 0xab, 0xab,
  0xab, 0xab, 0xab, 0xcb, 0xff, 0xff, 0xff, 0xff, 0xff, 0xff, 0xb3, 0x00, 0x00, 0x00, 0x00, 0x1c,
  0xab, 0xab, 0xab, 0xab, 0xab, 0xab, 0xab, 0xab, 0xab, 0xab, 0xab, 0xab, 0xab, 0xab, 0xab, 0xab,
  0xb4, 0xf4, 0xff, 0xff, 0xff, 0xff, 0xff, 0xff, 0x1b, 0x00, 0x00, 0x00, 0x00, 0x53, 0xff, 0xff,
  0xff, 0xff, 0xff, 0xac, 0x00, 0x00, 0x00, 0x00, 0x34, 0xff, 0xff, 0xff, 0xff, 0xff, 0xc8, 0x00,
  0x00, 0x00, 0x00, 0x00, 0x00, 0x00, 0x00, 0x00, 0x00, 0x00, 0x00, 0x00, 0x00, 0x00, 0x00, 0x00,
  0x87, 0xff, 0xff, 0xff, 0xff, 0xff, 0xff, 0xff, 0xff, 0xff, 0xff, 0xff, 0xff, 0xff, 0xff, 0xff,
  0xff, 0xff, 0xff, 0xff, 0xff, 0xff, 0xff, 0x37, 0x00, 0x00, 0x00, 0x00, 0xa3, 0xff, 0xff, 0xff,
  0xff, 0xff, 0xff, 0xff, 0xff, 0xff, 0xff, 0xff, 0xff, 0xff, 0xff, 0xff, 0xff, 0xff, 0xff, 0xff,
  0xff, 0xff, 0xff, 0xff, 0x57, 0x00, 0x00, 0x00, 0x00, 0x00, 0xc3, 0xff, 0xff, 0xff, 0xff, 0xff,
  0x3b, 0x00, 0x00, 0x00, 0x00, 0x00, 0x00, 0x00, 0x00, 0x00, 0x00, 0x00, 0x00, 0x00, 0x00, 0x00,
  0x00, 0x00, 0x00, 0x00, 0x00, 0x00, 0x00, 0x00, 0x9f, 0xff, 0xff, 0xff, 0xff, 0xff, 0x67, 0x00,
  0x00, 0x00, 0x00, 0x00, 0x00, 0x00, 0x00, 0x00, 0x00, 0x00, 0x00, 0x98, 0xff, 0xff, 0xff, 0xff,
  0xff, 0xd0, 0x00, 0x00, 0x00, 0x00, 0x70, 0xff, 0xff, 0xff, 0xff, 0xff, 0xff, 0xff, 0xff, 0xff,
  0xff, 0xff, 0xff, 0xff, 0xff, 0xff, 0xff, 0xff, 0xff, 0xff, 0xff, 0xff, 0xff, 0x4c, 0x00, 0x00,
  0x00, 0x00, 0x8c, 0xff, 0xff, 0xff, 0xff, 0xff, 0xff, 0xff, 0xff, 0xff, 0xff, 0xff, 0xff, 0xff,
  0xff, 0xff, 0xff, 0xff, 0xff, 0xff, 0xff, 0xff, 0xff, 0xff, 0x67, 0x00, 0x00, 0x00, 0x00, 0x2b,
  0xff, 0xff, 0xff, 0xff, 0xff, 0xff, 0xff, 0xff, 0xff, 0xff, 0xff, 0xff, 0xff, 0xff, 0xff, 0xff,
  0xff, 0xff, 0xff, 0xff, 0xff, 0xff, 0xff, 0xd0, 0x00, 0x00, 0x00, 0x00, 0x00, 0x53, 0xff, 0xff,
  0xff, 0xff, 0xff, 0xac, 0x00, 0x00, 0x00, 0x00, 0x34, 0xff, 0xff, 0xff, 0xff, 0xff, 0xc8, 0x00,
  0x00, 0x00, 0x00, 0x00, 0x00, 0x00, 0x00, 0x00, 0x00, 0x00, 0x00, 0x00, 0x00, 0x00, 0x00, 0x00,
  0x18, 0xf4, 0xff, 0xff, 0xff, 0xff, 0xff, 0xff, 0xff, 0xff, 0xff, 0xff, 0xff, 0xff, 0xff, 0xff,
  0xff, 0xff, 0xff, 0xff, 0xff, 0xff, 0xff, 0x37, 0x00, 0x00, 0x00, 0x00, 0xa3, 0xff, 0xff, 0xff,
  0xff, 0xff, 0xff, 0xff, 0xff, 0xff, 0xff, 0xff, 0xff, 0xff, 0xff, 0xff, 0xff, 0xff, 0xff, 0xff,
  0xff, 0xff, 0xff, 0xd8, 0x04, 0x00, 0x00, 0x00, 0x00, 0x00, 0xc3, 0xff, 0xff, 0xff, 0xff, 0xff,
  0x3b, 0x00, 0x00, 0x00, 0x00, 0x00, 0x00, 0x00, 0x00, 0x00, 0x00, 0x00, 0x00, 0x00, 0x00, 0x00,
  0x00, 0x00, 0x00, 0x00, 0x00, 0x00, 0x00, 0x00, 0x9f, 0xff, 0xff, 0xff, 0xff, 0xff, 0x67, 0x00,
  0x00, 0x00, 0x00, 0x00, 0x00, 0x00, 0x00, 0x00, 0x00, 0x00, 0x00, 0x64, 0xff, 0xff, 0xff, 0xff,
  0xff, 0xfc, 0x13, 0x00, 0x00, 0x00, 0x0c, 0xeb, 0xff, 0xff, 0xff, 0xff, 0xff, 0xff, 0xff, 0xff,
  0xff, 0xff, 0xff, 0xff, 0xff, 0xff, 0xff, 0xff, 0xff, 0xff, 0xff, 0xff, 0xff, 0x4c, 0x00, 0x00,
  0x00, 0x00, 0x8c, 0xff, 0xff, 0xff, 0xff, 0xff, 0xff, 0xff, 0xff, 0xff, 0xff, 0xff, 0xff, 0xff,
  0xff, 0xff, 0xff, 0xff, 0xff, 0xff, 0xff, 0xff, 0xff, 0xe0, 0x08, 0x00, 0x00, 0x00, 0x00, 0x2b,
  0xff, 0xff, 0xff, 0xff, 0xff, 0xff, 0xff, 0xff, 0xff, 0xff, 0xff, 0xff, 0xff, 0xff, 0xff, 0xff,
  0xff, 0xff, 0xff, 0xff, 0xff, 0xff, 0xff, 0x57, 0x00, 0x00, 0x00, 0x00, 0x00, 0x53, 0xff, 0xff,
  0xff, 0xff, 0xff, 0xac, 0x00, 0x00, 0x00, 0x00, 0x34, 0xff, 0xff, 0xff, 0xff, 0xff, 0xc8, 0x00,
  0x00, 0x00, 0x00, 0x00, 0x00, 0x00, 0x00, 0x00, 0x00, 0x00, 0x00, 0x00, 0x00, 0x00, 0x00, 0x00,
  0x00, 0x5c, 0xff, 0xff, 0xff, 0xff, 0xff, 0xff, 0xff, 0xff, 0xff, 0xff, 0xff, 0xff, 0xff, 0xff,
  0xff, 0xff, 0xff, 0xff, 0xff, 0xff, 0xff, 0x37, 0x00, 0x00, 0x00, 0x00, 0xa3, 0xff, 0xff, 0xff,
  0xff, 0xff, 0xff, 0xff, 0xff, 0xff, 0xff, 0xff, 0xff, 0xff, 0xff, 0xff, 0xff, 0xff, 0xff, 0xff,
  0xff, 0xff, 0xf7, 0x33, 0x00, 0x00, 0x00, 0x00, 0x00, 0x00, 0xc3, 0xff, 0xff, 0xff, 0xff, 0xff,
  0x3b, 0x00, 0x00, 0x00, 0x00, 0x00, 0x00, 0x00, 0x00, 0x00, 0x00, 0x00, 0x00, 0x00, 0x00, 0x00,
  0x00, 0x00, 0x00, 0x00, 0x00, 0x00, 0x00, 0x00, 0x9f, 0xff, 0xff, 0xff, 0xff, 0xff, 0x67, 0x00,
  0x00, 0x00, 0x00, 0x00, 0x00, 0x00, 0x00, 0x00, 0x00, 0x00, 0x00, 0x2f, 0xff, 0xff, 0xff, 0xff,
  0xff, 0xff, 0x4c, 0x00, 0x00, 0x00, 0x00, 0x47, 0xfc, 0xff, 0xff, 0xff, 0xff, 0xff, 0xff, 0xff,
  0xff, 0xff, 0xff, 0xff, 0xff, 0xff, 0xff, 0xff, 0xff, 0xff, 0xff, 0xff, 0xff, 0x4c, 0x00, 0x00,
  0x00, 0x00, 0x8c, 0xff, 0xff, 0xff, 0xff, 0xff, 0xff, 0xff, 0xff, 0xff, 0xff, 0xff, 0xff, 0xff,
  0xff, 0xff, 0xff, 0xff, 0xff, 0xff, 0xff, 0xff, 0xfb, 0x3f, 0x00, 0x00, 0x00, 0x00, 0x00, 0x2b,
  0xff, 0xff, 0xff, 0xff, 0xff, 0xff, 0xff, 0xff, 0xff, 0xff, 0xff, 0xff, 0xff, 0xff, 0xff, 0xff,
  0xff, 0xff, 0xff, 0xff, 0xff, 0xff, 0xa0, 0x00, 0x00, 0x00, 0x00, 0x00, 0x00, 0x53, 0xff, 0xff,
  0xff, 0xff, 0xff, 0xac, 0x00, 0x00, 0x00, 0x00, 0x34, 0xff, 0xff, 0xff, 0xff, 0xff, 0xc8, 0x00,
  0x00, 0x00, 0x00, 0x00, 0x00, 0x00, 0x00, 0x00, 0x00, 0x00, 0x00, 0x00, 0x00, 0x00, 0x00, 0x00,
  0x00, 0x00, 0x64, 0xf7, 0xff, 0xff, 0xff, 0xff, 0xff, 0xff, 0xff, 0xff, 0xff, 0xff, 0xff, 0xff,
  0xff, 0xff, 0xff, 0xff, 0xff, 0xff, 0xff, 0x37, 0x00, 0x00, 0x00, 0x00, 0xa3, 0xff, 0xff, 0xff,
  0xff, 0xff, 0xff, 0xff, 0xff, 0xff, 0xff, 0xff, 0xff, 0xff, 0xff, 0xff, 0xff, 0xff, 0xff, 0xff,
  0xff, 0xe3, 0x37, 0x00, 0x00, 0x00, 0x00, 0x00, 0x00, 0x00, 0xc3, 0xff, 0xff, 0xff, 0xff, 0xff,
  0x3b, 0x00, 0x00, 0x00, 0x00, 0x00, 0x00, 0x00, 0x00, 0x00, 0x00, 0x00, 0x00, 0x00, 0x00, 0x00,
  0x00, 0x00, 0x00, 0x00, 0x00, 0x00, 0x00, 0x00, 0x9f, 0xff, 0xff, 0xff, 0xff, 0xff, 0x67, 0x00,
  0x00, 0x00, 0x00, 0x00, 0x00, 0x00, 0x00, 0x00, 0x00, 0x00, 0x00, 0x03, 0xf4, 0xff, 0xff, 0xff,
  0xff, 0xff, 0x88, 0x00, 0x00, 0x00, 0x00, 0x00, 0x53, 0xf0, 0xff, 0xff, 0xff, 0xff, 0xff, 0xff,
  0xff, 0xff, 0xff, 0xff, 0xff, 0xff, 0xff, 0xff, 0xff, 0xff, 0xff, 0xff, 0xff, 0x4c, 0x00, 0x00,
  0x00, 0x00, 0x8c, 0xff, 0xff, 0xff, 0xff, 0xff, 0xff, 0xff, 0xff, 0xff, 0xff, 0xff, 0xff, 0xff,
  0xff, 0xff, 0xff, 0xff, 0xff, 0xff, 0xff, 0xe7, 0x43, 0x00, 0x00, 0x00, 0x00, 0x00, 0x00, 0x2b,
  0xff, 0xff, 0xff, 0xff, 0xff, 0xff, 0xff, 0xff, 0xff, 0xff, 0xff, 0xff, 0xff, 0xff, 0xff, 0xff,
  0xff, 0xff, 0xff, 0xff, 0xfc, 0x90, 0x04, 0x00, 0x00, 0x00, 0x00, 0x00, 0x00, 0x53, 0xff, 0xff,
  0xff, 0xff, 0xff, 0xac, 0x00, 0x00, 0x00, 0x00, 0x34, 0xff, 0xff, 0xff, 0xff, 0xff, 0xc8, 0x00,
  0x00, 0x00, 0x00, 0x00, 0x00, 0x00, 0x00, 0x00, 0x00, 0x00, 0x00, 0x00, 0x00, 0x00, 0x00, 0x00,
  0x00, 0x00, 0x00, 0x1b, 0x88, 0xd0, 0xf4, 0xff, 0xff, 0xff, 0xff, 0xff, 0xff, 0xff, 0xff, 0xff,
  0xff, 0xff, 0xff, 0xff, 0xff, 0xff, 0xff, 0x37, 0x00, 0x00, 0x00, 0x00, 0xa3, 0xff, 0xff, 0xff,
  0xff, 0xff, 0xff, 0xff, 0xff, 0xff, 0xff, 0xff, 0xff, 0xff, 0xff, 0xff, 0xff, 0xff, 0xe7, 0xc0,
  0x6f, 0x0b, 0x00, 0x00, 0x00, 0x00, 0x00, 0x00, 0x00, 0x00, 0xb7, 0xef, 0xef, 0xef, 0xef, 0xef,
  0x37, 0x00, 0x00, 0x00, 0x00, 0x00, 0x00, 0x00, 0x00, 0x00, 0x00, 0x00, 0x00, 0x00, 0x00, 0x00,
  0x00, 0x00, 0x00, 0x00, 0x00, 0x00, 0x00, 0x00, 0x94, 0xef, 0xef, 0xef, 0xef, 0xef, 0x5f, 0x00,
  0x00, 0x00, 0x00, 0x00, 0x00, 0x00, 0x00, 0x00, 0x00, 0x00, 0x00, 0x00, 0xc4, 0xff, 0xff, 0xff,
  0xff, 0xff, 0xc7, 0x00, 0x00, 0x00, 0x00, 0x00, 0x00, 0x14, 0x80, 0xcb, 0xf3, 0xff, 0xff, 0xff,
  0xff, 0xff, 0xff, 0xff, 0xff, 0xff, 0xff, 0xff, 0xff, 0xff, 0xff, 0xff, 0xff, 0x4c, 0x00, 0x00,
  0x00, 0x00, 0x8c, 0xff, 0xff, 0xff, 0xff, 0xff, 0xff, 0xff, 0xff, 0xff, 0xff, 0xff, 0xff, 0xff,
  0xff, 0xff, 0xff, 0xff, 0xe8, 0xc3, 0x73, 0x0c, 0x00, 0x00, 0x00, 0x00, 0x00, 0x00, 0x00, 0x2b,
  0xff, 0xff, 0xff, 0xff, 0xff, 0xff, 0xff, 0xff, 0xff, 0xff, 0xff, 0xff, 0xff, 0xff, 0xff, 0xff,
  0xff, 0xf4, 0xd8, 0x98, 0x33, 0x00, 0x00, 0x00, 0x00, 0x00, 0x00, 0x00, 0x00, 0x47, 0xdc, 0xdc,
  0xdc, 0xdc, 0xdc, 0x94, 0x00, 0x00, 0x00, 0x00, 0x2f, 0xdc, 0xdc, 0xdc, 0xdc, 0xdc, 0xaf, 0x00,
  0x00, 0x00, 0x00, 0x00, 0x00, 0x00, 0x00, 0x00, 0x00, 0x00, 0x00, 0x00, 0x00, 0x00, 0x00, 0x00,
};

const lv_image_dsc_t esp_text = {
  .header.w = 240,
  .header.h = 40,
  .data_size = 28800,
  .header.magic = LV_IMAGE_HEADER_MAGIC,
  .header.cf = LV_COLOR_FORMAT_RGB565A8,
  .data = esp_text_map,
};

